query_array_index,query_frame_id,matched_ref_index,matched_ref_frame_id,quality,valid,gt_x,gt_y,gt_yaw_rad,est_x,est_y,est_yaw_rad,xy_error
0,1,-1,-1,nan,False,499.050000,-588.482800,-2.245104000,,,,
1,2,-1,-1,nan,False,498.143000,-589.617400,-2.245104000,,,,
2,3,-1,-1,nan,False,497.236100,-590.752100,-2.245104000,,,,
3,4,-1,-1,nan,False,496.329200,-591.886700,-2.245104000,,,,
4,5,-1,-1,nan,False,495.422300,-593.021400,-2.245104000,,,,
5,6,5,6,0.423193526,True,494.515400,-594.156000,-2.245104000,494.515400,-594.156000,-2.245104000,0.000000
6,7,6,7,0.404479532,True,493.608500,-595.290700,-2.312361000,493.608500,-595.290700,-2.312361000,0.000000
7,8,7,8,0.401481453,True,492.701600,-596.425300,-2.470564000,492.701600,-596.425300,-2.470564000,0.000000
8,9,8,9,0.409936870,True,491.794700,-597.560000,-2.631028000,491.794700,-597.560000,-2.631028000,0.000000
9,10,9,10,0.403585360,True,490.887800,-598.694600,-2.785773000,490.887800,-598.694600,-2.785773000,0.000000
10,11,10,11,0.372470175,True,489.539800,-599.195600,-2.785773000,489.539800,-599.195600,-2.785773000,0.000000
11,12,11,12,0.349487093,True,488.191800,-599.696500,-2.785773000,488.191800,-599.696500,-2.785773000,0.000000
12,13,12,13,0.366213908,True,486.843800,-600.197500,-2.785773000,486.843800,-600.197500,-2.785773000,0.000000
13,14,13,14,0.398769479,True,485.495800,-600.698400,-2.785773000,485.495800,-600.698400,-2.785773000,0.000000
14,15,14,15,0.444444598,True,484.147800,-601.199400,-2.785773000,484.147800,-601.199400,-2.785773000,0.000000
15,16,15,16,0.418632637,True,482.799900,-601.700400,-2.785773000,482.799900,-601.700400,-2.785773000,0.000000
16,17,16,17,0.381622918,True,481.451900,-602.201300,-2.785773000,481.451900,-602.201300,-2.785773000,0.000000
17,18,17,18,0.355101482,True,480.103900,-602.702300,-2.785773000,480.103900,-602.702300,-2.785773000,0.000000
18,19,18,19,0.356534453,True,478.755900,-603.203300,-2.785773000,478.755900,-603.203300,-2.785773000,0.000000
19,20,19,20,0.352182500,True,477.407900,-603.704200,-2.770426000,477.407900,-603.704200,-2.770426000,0.000000
20,21,20,21,0.361911191,True,476.059900,-604.205200,-2.738189000,476.059900,-604.205200,-2.738189000,0.000000
21,22,21,22,0.360335791,True,474.711900,-604.706100,-2.705935000,474.711900,-604.706100,-2.705935000,0.000000
22,23,22,23,0.354712599,True,473.363900,-605.207100,-2.673730000,473.363900,-605.207100,-2.673730000,0.000000
23,24,23,24,0.333236387,True,472.107200,-605.842100,-2.673730000,472.107200,-605.842100,-2.673730000,0.000000
24,25,24,25,0.316254960,True,470.850400,-606.477200,-2.673730000,470.850400,-606.477200,-2.673730000,0.000000
25,26,25,26,0.318293005,True,469.593600,-607.112200,-2.673730000,469.593600,-607.112200,-2.673730000,0.000000
26,27,26,27,0.331973467,True,468.336800,-607.747200,-2.673730000,468.336800,-607.747200,-2.673730000,0.000000
27,28,27,28,0.381547028,True,467.080000,-608.382200,-2.675408000,467.080000,-608.382200,-2.675408000,0.000000
28,29,28,29,0.404813066,True,465.823300,-609.017300,-2.678456000,465.823300,-609.017300,-2.678456000,0.000000
29,30,29,30,0.406946895,True,464.566500,-609.652300,-2.681503000,464.566500,-609.652300,-2.681503000,0.000000
30,31,30,31,0.405085054,True,463.309700,-610.287300,-2.684551000,463.309700,-610.287300,-2.684551000,0.000000
31,32,31,32,0.422455605,True,462.053400,-610.905100,-2.684551000,462.053400,-610.905100,-2.684551000,0.000000
32,33,32,33,0.467591275,True,460.797200,-611.522900,-2.684551000,460.797200,-611.522900,-2.684551000,0.000000
33,34,33,34,0.461044907,True,459.540900,-612.140700,-2.684551000,459.540900,-612.140700,-2.684551000,0.000000
34,35,34,35,0.476425387,True,458.284700,-612.758500,-2.684551000,458.284700,-612.758500,-2.684551000,0.000000
35,36,35,36,0.414193516,True,457.028400,-613.376300,-2.684551000,457.028400,-613.376300,-2.684551000,0.000000
36,37,36,37,0.373064061,True,455.772100,-613.994100,-2.684551000,455.772100,-613.994100,-2.684551000,0.000000
37,38,37,38,0.364726473,True,454.515900,-614.611900,-2.684551000,454.515900,-614.611900,-2.684551000,0.000000
38,39,38,39,0.385590466,True,453.259600,-615.229600,-2.684551000,453.259600,-615.229600,-2.684551000,0.000000
39,40,39,40,0.403627429,True,452.003400,-615.847400,-2.614261000,452.003400,-615.847400,-2.614261000,0.000000
40,41,40,41,0.382366902,True,450.747100,-616.465200,-2.487948000,450.747100,-616.465200,-2.487948000,0.000000
41,42,41,42,0.360792848,True,449.490800,-617.083000,-2.360761000,449.490800,-617.083000,-2.360761000,0.000000
42,43,42,43,0.381207486,True,448.234600,-617.700800,-2.236720000,448.234600,-617.700800,-2.236720000,0.000000
43,44,43,44,0.362099193,True,447.376700,-618.792700,-2.236720000,447.376700,-618.792700,-2.236720000,0.000000
44,45,44,45,0.339626393,True,446.518900,-619.884600,-2.236720000,446.518900,-619.884600,-2.236720000,0.000000
45,46,45,46,0.341428526,True,445.661000,-620.976500,-2.236720000,445.661000,-620.976500,-2.236720000,0.000000
46,47,46,47,0.351725204,True,444.803200,-622.068500,-2.236720000,444.803200,-622.068500,-2.236720000,0.000000
47,48,47,48,0.377054989,True,443.945300,-623.160400,-2.236720000,443.945300,-623.160400,-2.236720000,0.000000
48,49,48,49,0.358125598,True,443.087500,-624.252300,-2.236720000,443.087500,-624.252300,-2.236720000,0.000000
49,50,49,50,0.321944065,True,442.229600,-625.344200,-2.313501000,442.229600,-625.344200,-2.313501000,0.000000
50,51,50,51,0.285727969,True,441.371800,-626.436100,-2.445115000,441.371800,-626.436100,-2.445115000,0.000000
51,52,51,52,0.268947697,True,440.513900,-627.528000,-2.577650000,440.513900,-627.528000,-2.577650000,0.000000
52,53,52,53,0.262627566,True,439.656100,-628.619900,-2.706569000,439.656100,-628.619900,-2.706569000,0.000000
53,54,53,54,0.226745564,True,438.296300,-629.251800,-2.706569000,438.296300,-629.251800,-2.706569000,0.000000
54,55,54,55,0.216131073,True,436.936400,-629.883800,-2.706569000,436.936400,-629.883800,-2.706569000,0.000000
55,56,55,56,0.239193914,True,435.576600,-630.515700,-2.706569000,435.576600,-630.515700,-2.706569000,0.000000
56,57,56,57,0.264955098,True,434.216800,-631.147600,-2.706569000,434.216800,-631.147600,-2.706569000,0.000000
57,58,57,58,0.247798937,True,432.856900,-631.779600,-2.763816000,432.856900,-631.779600,-2.763816000,0.000000
58,59,58,59,0.257629681,True,431.497100,-632.411500,-2.943406000,431.497100,-632.411500,-2.943406000,0.000000
59,60,59,60,0.233294554,True,430.137300,-633.043400,-3.126996000,430.137300,-633.043400,-3.126996000,0.000000
60,61,60,61,0.240776896,True,428.777400,-633.675400,2.980449000,428.777400,-633.675400,2.980449000,0.000000
61,62,61,62,0.251484746,True,427.359000,-633.444800,2.980449000,427.359000,-633.444800,2.980449000,0.000000
62,63,62,63,0.285680736,True,425.940600,-633.214200,2.980449000,425.940600,-633.214200,2.980449000,0.000000
63,64,63,64,0.290572692,True,424.522200,-632.983700,2.980449000,424.522200,-632.983700,2.980449000,0.000000
64,65,64,65,0.286631013,True,423.103700,-632.753100,2.980449000,423.103700,-632.753100,2.980449000,0.000000
65,66,65,66,0.301207039,True,421.685300,-632.522500,2.980449000,421.685300,-632.522500,2.980449000,0.000000
66,67,66,67,0.330768618,True,420.266900,-632.292000,2.980449000,420.266900,-632.292000,2.980449000,0.000000
67,68,67,68,0.340898122,True,418.848500,-632.061400,2.980449000,418.848500,-632.061400,2.980449000,0.000000
68,69,68,69,0.351699077,True,417.430100,-631.830800,2.901273000,417.430100,-631.830800,2.901273000,0.000000
69,70,69,70,0.357973540,True,416.011600,-631.600300,2.727963000,416.011600,-631.600300,2.727963000,0.000000
70,71,70,71,0.367436092,True,414.593200,-631.369700,2.551872000,414.593200,-631.369700,2.551872000,0.000000
71,72,71,72,0.357421258,True,413.174800,-631.139100,2.383463000,413.174800,-631.139100,2.383463000,0.000000
72,73,72,73,0.341780694,True,412.143100,-630.162200,2.383463000,412.143100,-630.162200,2.383463000,0.000000
73,74,73,74,0.363294186,True,411.111300,-629.185200,2.383463000,411.111300,-629.185200,2.383463000,0.000000
74,75,74,75,0.440668369,True,410.079600,-628.208300,2.383463000,410.079600,-628.208300,2.383463000,0.000000
75,76,75,76,0.543934762,True,409.047900,-627.231300,2.293741000,409.047900,-627.231300,2.293741000,0.000000
76,77,76,77,0.613851141,True,408.016100,-626.254400,2.111198000,408.016100,-626.254400,2.111198000,0.000000
77,78,77,78,0.640091990,True,406.984400,-625.277500,1.925649000,406.984400,-625.277500,1.925649000,0.000000
78,79,78,79,0.684625046,True,405.952700,-624.300500,1.749272000,405.952700,-624.300500,1.749272000,0.000000
79,80,79,80,0.672516464,True,405.704900,-622.927200,1.749272000,405.704900,-622.927200,1.749272000,0.000000
80,81,80,81,0.669618842,True,405.457200,-621.553900,1.749272000,405.457200,-621.553900,1.749272000,0.000000
81,82,81,82,0.639469038,True,405.209500,-620.180600,1.749272000,405.209500,-620.180600,1.749272000,0.000000
82,83,82,83,0.630306309,True,404.961700,-618.807300,1.749272000,404.961700,-618.807300,1.749272000,0.000000
83,84,83,84,0.660111932,True,404.714000,-617.433900,1.749272000,404.714000,-617.433900,1.749272000,0.000000
84,85,84,85,0.635510108,True,404.466200,-616.060600,1.749272000,404.466200,-616.060600,1.749272000,0.000000
85,86,85,86,0.628855697,True,404.218500,-614.687300,1.726706000,404.218500,-614.687300,1.726706000,0.000000
86,87,86,87,0.632930169,True,403.970800,-613.314000,1.687900000,403.970800,-613.314000,1.687900000,0.000000
87,88,87,88,0.594730439,True,403.723000,-611.940700,1.649070000,403.723000,-611.940700,1.649070000,0.000000
88,89,88,89,0.586443578,True,403.475300,-610.567400,1.610332000,403.475300,-610.567400,1.610332000,0.000000
89,90,89,90,0.559798876,True,403.416500,-609.082400,1.610332000,403.416500,-609.082400,1.610332000,0.000000
90,91,90,91,0.593685603,True,403.357800,-607.597500,1.610332000,403.357800,-607.597500,1.610332000,0.000000
91,92,91,92,0.599681264,True,403.299100,-606.112500,1.610332000,403.299100,-606.112500,1.610332000,0.000000
92,93,92,93,0.474955775,True,403.240300,-604.627600,1.610332000,403.240300,-604.627600,1.610332000,0.000000
93,94,93,94,0.453694321,True,403.181600,-603.142700,1.610332000,403.181600,-603.142700,1.610332000,0.000000
94,95,94,95,0.440349631,True,403.122900,-601.657700,1.610332000,403.122900,-601.657700,1.610332000,0.000000
95,96,95,96,0.447446002,True,403.064100,-600.172800,1.610332000,403.064100,-600.172800,1.610332000,0.000000
96,97,96,97,0.449009613,True,403.005400,-598.687900,1.610332000,403.005400,-598.687900,1.610332000,0.000000
97,98,97,98,0.446800611,True,402.946600,-597.202900,1.656553000,402.946600,-597.202900,1.656553000,0.000000
98,99,98,99,0.456964229,True,402.887900,-595.718000,1.786641000,402.887900,-595.718000,1.786641000,0.000000
99,100,99,100,0.471148179,True,402.829200,-594.233000,1.918154000,402.829200,-594.233000,1.918154000,0.000000
100,101,100,101,0.486549149,True,402.770400,-592.748100,2.046645000,402.770400,-592.748100,2.046645000,0.000000
101,102,101,102,0.428620957,True,402.120500,-591.486900,2.046645000,402.120500,-591.486900,2.046645000,0.000000
102,103,102,103,0.364834447,True,401.470600,-590.225800,2.046645000,401.470600,-590.225800,2.046645000,0.000000
103,104,103,104,0.360881341,True,400.820600,-588.964600,2.046645000,400.820600,-588.964600,2.046645000,0.000000
104,105,104,105,0.440126264,True,400.170700,-587.703400,2.046645000,400.170700,-587.703400,2.046645000,0.000000
105,106,105,106,0.521484996,True,399.520700,-586.442300,2.046645000,399.520700,-586.442300,2.046645000,0.000000
106,107,106,107,0.591734463,True,398.870800,-585.181100,2.082659000,398.870800,-585.181100,2.082659000,0.000000
107,108,107,108,0.579955967,True,398.220900,-583.919900,2.151916000,398.220900,-583.919900,2.151916000,0.000000
108,109,108,109,0.565439115,True,397.570900,-582.658800,2.221330000,397.570900,-582.658800,2.221330000,0.000000
109,110,109,110,0.614980098,True,396.921000,-581.397600,2.290240000,396.921000,-581.397600,2.290240000,0.000000
110,111,110,111,0.661884559,True,395.990100,-580.335000,2.290240000,395.990100,-580.335000,2.290240000,0.000000
111,112,111,112,0.701945215,True,395.059100,-579.272400,2.290240000,395.059100,-579.272400,2.290240000,0.000000
112,113,112,113,0.788621790,True,394.128200,-578.209800,2.290240000,394.128200,-578.209800,2.290240000,0.000000
113,114,113,114,0.896278195,True,393.197200,-577.147200,2.290240000,393.197200,-577.147200,2.290240000,0.000000
114,115,114,115,0.864183624,True,392.266300,-576.084500,2.290240000,392.266300,-576.084500,2.290240000,0.000000
115,116,115,116,0.757459660,True,391.335400,-575.021900,2.290240000,391.335400,-575.021900,2.290240000,0.000000
116,117,116,117,0.681101120,True,390.404400,-573.959300,2.290240000,390.404400,-573.959300,2.290240000,0.000000
117,118,117,118,0.659026540,True,389.473500,-572.896700,2.290240000,389.473500,-572.896700,2.290240000,0.000000
118,119,118,119,0.686572188,True,388.542600,-571.834100,2.302303000,388.542600,-571.834100,2.302303000,0.000000
119,120,119,120,0.613779124,True,387.611600,-570.771500,2.324690000,387.611600,-570.771500,2.324690000,0.000000
120,121,120,121,0.608554016,True,386.680700,-569.708900,2.347083000,386.680700,-569.708900,2.347083000,0.000000
121,122,121,122,0.601156692,True,385.749800,-568.646300,2.369459000,385.749800,-568.646300,2.369459000,0.000000
122,123,122,123,0.524002939,True,384.747500,-567.670200,2.369459000,384.747500,-567.670200,2.369459000,0.000000
123,124,123,124,0.455098464,True,383.745200,-566.694200,2.369459000,383.745200,-566.694200,2.369459000,0.000000
124,125,124,125,0.427361922,True,382.742900,-565.718100,2.369459000,382.742900,-565.718100,2.369459000,0.000000
125,126,125,126,0.438957249,True,381.740600,-564.742100,2.369459000,381.740600,-564.742100,2.369459000,0.000000
126,127,126,127,0.441258521,True,380.738300,-563.766000,2.369459000,380.738300,-563.766000,2.369459000,0.000000
127,128,127,128,0.419343686,True,379.736000,-562.790000,2.369459000,379.736000,-562.790000,2.369459000,0.000000
128,129,128,129,0.380149884,True,378.733700,-561.813900,2.369459000,378.733700,-561.813900,2.369459000,0.000000
129,130,129,130,0.317186472,True,377.731400,-560.837900,2.369459000,377.731400,-560.837900,2.369459000,0.000000
130,131,130,131,0.326195542,True,376.729100,-559.861800,2.369459000,376.729100,-559.861800,2.369459000,0.000000
131,132,131,132,0.337867403,True,375.726900,-558.885800,2.369459000,375.726900,-558.885800,2.369459000,0.000000
132,133,132,133,0.338031136,True,374.724600,-557.909800,2.316618000,374.724600,-557.909800,2.316618000,0.000000
133,134,133,134,0.362058441,True,373.722300,-556.933700,2.223190000,373.722300,-556.933700,2.223190000,0.000000
134,135,134,135,0.379693980,True,372.720000,-555.957700,2.129412000,372.720000,-555.957700,2.129412000,0.000000
135,136,135,136,0.398569507,True,371.717700,-554.981600,2.036912000,371.717700,-554.981600,2.036912000,0.000000
136,137,136,137,0.381324880,True,371.045000,-553.644500,2.036912000,371.045000,-553.644500,2.036912000,0.000000
137,138,137,138,0.365976267,True,370.372300,-552.307400,2.036912000,370.372300,-552.307400,2.036912000,0.000000
138,139,138,139,0.370038837,True,369.699700,-550.970300,2.036912000,369.699700,-550.970300,2.036912000,0.000000
139,140,139,140,0.406830296,True,369.027000,-549.633200,2.036912000,369.027000,-549.633200,2.036912000,0.000000
140,141,140,141,0.426586562,True,368.354300,-548.296200,2.036912000,368.354300,-548.296200,2.036912000,0.000000
141,142,141,142,0.459537857,True,367.681600,-546.959100,2.036912000,367.681600,-546.959100,2.036912000,0.000000
142,143,142,143,0.466529725,True,367.009000,-545.622000,2.036912000,367.009000,-545.622000,2.036912000,0.000000
143,144,143,144,0.493163908,True,366.336300,-544.284900,2.073976000,366.336300,-544.284900,2.073976000,0.000000
144,145,144,145,0.492563614,True,365.663600,-542.947800,2.184828000,365.663600,-542.947800,2.184828000,0.000000
145,146,145,146,0.495852203,True,364.990900,-541.610700,2.296590000,364.990900,-541.610700,2.296590000,0.000000
146,147,146,147,0.491971942,True,364.318300,-540.273600,2.406516000,364.318300,-540.273600,2.406516000,0.000000
147,148,147,148,0.518521258,True,363.213500,-539.274800,2.406516000,363.213500,-539.274800,2.406516000,0.000000
148,149,148,149,0.555692016,True,362.108700,-538.276000,2.406516000,362.108700,-538.276000,2.406516000,0.000000
149,150,149,150,0.582229507,True,361.004000,-537.277200,2.406516000,361.004000,-537.277200,2.406516000,0.000000
150,151,150,151,0.636922932,True,359.899200,-536.278400,2.406516000,359.899200,-536.278400,2.406516000,0.000000
151,152,151,152,0.599545708,True,358.794500,-535.279500,2.406516000,358.794500,-535.279500,2.406516000,0.000000
152,153,152,153,0.521272908,True,357.689700,-534.280700,2.406516000,357.689700,-534.280700,2.406516000,0.000000
153,154,153,154,0.484220719,True,356.585000,-533.281900,2.406516000,356.585000,-533.281900,2.406516000,0.000000
154,155,154,155,0.459741299,True,355.480200,-532.283100,2.406516000,355.480200,-532.283100,2.406516000,0.000000
155,156,155,156,0.429528530,True,354.375500,-531.284300,2.447274000,354.375500,-531.284300,2.447274000,0.000000
156,157,156,157,0.435346260,True,353.270700,-530.285500,2.563726000,353.270700,-530.285500,2.563726000,0.000000
157,158,157,158,0.444665973,True,352.165900,-529.286700,2.681207000,352.165900,-529.286700,2.681207000,0.000000
158,159,158,159,0.443450037,True,351.061200,-528.287900,2.796535000,351.061200,-528.287900,2.796535000,0.000000
159,160,159,160,0.377045548,True,349.700500,-527.798800,2.796535000,349.700500,-527.798800,2.796535000,0.000000
160,161,160,161,0.338212594,True,348.339800,-527.309700,2.796535000,348.339800,-527.309700,2.796535000,0.000000
161,162,161,162,0.353585146,True,346.979200,-526.820600,2.796535000,346.979200,-526.820600,2.796535000,0.000000
162,163,162,163,0.391687956,True,345.618500,-526.331600,2.796535000,345.618500,-526.331600,2.796535000,0.000000
163,164,163,164,0.395700026,True,344.257800,-525.842500,2.796535000,344.257800,-525.842500,2.796535000,0.000000
164,165,164,165,0.394319129,True,342.897200,-525.353400,2.796535000,342.897200,-525.353400,2.796535000,0.000000
165,166,165,166,0.423153616,True,341.536500,-524.864300,2.796535000,341.536500,-524.864300,2.796535000,0.000000
166,167,166,167,0.429816427,True,340.175800,-524.375300,2.796535000,340.175800,-524.375300,2.796535000,0.000000
167,168,167,168,0.436320544,True,338.815200,-523.886200,2.755232000,338.815200,-523.886200,2.755232000,0.000000
168,169,168,169,0.428741186,True,337.454500,-523.397100,2.663859000,337.454500,-523.397100,2.663859000,0.000000
169,170,169,170,0.456219146,True,336.093800,-522.908000,2.572069000,336.093800,-522.908000,2.572069000,0.000000
170,171,170,171,0.460732811,True,334.733200,-522.419000,2.481392000,334.733200,-522.419000,2.481392000,0.000000
171,172,171,172,0.457746767,True,333.624300,-521.558000,2.481392000,333.624300,-521.558000,2.481392000,0.000000
172,173,172,173,0.411471833,True,332.515400,-520.697000,2.481392000,332.515400,-520.697000,2.481392000,0.000000
173,174,173,174,0.439714342,True,331.406500,-519.836100,2.481392000,331.406500,-519.836100,2.481392000,0.000000
174,175,174,175,0.438396502,True,330.297700,-518.975100,2.481392000,330.297700,-518.975100,2.481392000,0.000000
175,176,175,176,0.479408207,True,329.188800,-518.114200,2.504698000,329.188800,-518.114200,2.504698000,0.000000
176,177,176,177,0.477065046,True,328.079900,-517.253200,2.546319000,328.079900,-517.253200,2.546319000,0.000000
177,178,177,178,0.440127462,True,326.971000,-516.392200,2.587971000,326.971000,-516.392200,2.587971000,0.000000
178,179,178,179,0.404022605,True,325.862200,-515.531300,2.629511000,325.862200,-515.531300,2.629511000,0.000000
179,180,179,180,0.375164514,True,324.695600,-514.875600,2.629511000,324.695600,-514.875600,2.629511000,0.000000
180,181,180,181,0.351839912,True,323.529000,-514.219800,2.629511000,323.529000,-514.219800,2.629511000,0.000000
181,182,181,182,0.369629746,True,322.362400,-513.564100,2.629511000,322.362400,-513.564100,2.629511000,0.000000
182,183,182,183,0.412866796,True,321.195800,-512.908400,2.629511000,321.195800,-512.908400,2.629511000,0.000000
183,184,183,184,0.426288710,True,320.029300,-512.252600,2.538597000,320.029300,-512.252600,2.538597000,0.000000
184,185,184,185,0.422676794,True,318.862700,-511.596900,2.411477000,318.862700,-511.596900,2.411477000,0.000000
185,186,185,186,0.402102793,True,317.696100,-510.941200,2.283812000,317.696100,-510.941200,2.283812000,0.000000
186,187,186,187,0.404681451,True,316.529500,-510.285500,2.159654000,316.529500,-510.285500,2.159654000,0.000000
187,188,187,188,0.373252759,True,315.789100,-509.176800,2.159654000,315.789100,-509.176800,2.159654000,0.000000
188,189,188,189,0.351921008,True,315.048600,-508.068200,2.159654000,315.048600,-508.068200,2.159654000,0.000000
189,190,189,190,0.390904537,True,314.308100,-506.959600,2.159654000,314.308100,-506.959600,2.159654000,0.000000
190,191,190,191,0.485748650,True,313.567700,-505.850900,2.159654000,313.567700,-505.850900,2.159654000,0.000000
191,192,191,192,0.470527048,True,312.827200,-504.742300,2.039703000,312.827200,-504.742300,2.039703000,0.000000
192,193,192,193,0.463745910,True,312.086800,-503.633700,1.871549000,312.086800,-503.633700,1.871549000,0.000000
193,194,193,194,0.465157003,True,311.346300,-502.525000,1.702195000,311.346300,-502.525000,1.702195000,0.000000
194,195,194,195,0.499672393,True,310.605900,-501.416400,1.540916000,310.605900,-501.416400,1.540916000,0.000000
195,196,195,196,0.540320886,True,310.647400,-500.025400,1.540916000,310.647400,-500.025400,1.540916000,0.000000
196,197,196,197,0.473747425,True,310.689000,-498.634400,1.540916000,310.689000,-498.634400,1.540916000,0.000000
197,198,197,198,0.434946377,True,310.730600,-497.243500,1.540916000,310.730600,-497.243500,1.540916000,0.000000
198,199,198,199,0.447175749,True,310.772200,-495.852500,1.540916000,310.772200,-495.852500,1.540916000,0.000000
199,200,199,200,0.501118465,True,310.813700,-494.461500,1.540916000,310.813700,-494.461500,1.540916000,0.000000
200,201,200,201,0.490303740,True,310.855300,-493.070500,1.540916000,310.855300,-493.070500,1.540916000,0.000000
201,202,201,202,0.500225157,True,310.896900,-491.679500,1.540916000,310.896900,-491.679500,1.540916000,0.000000
202,203,202,203,0.429885045,True,310.938500,-490.288600,1.456758000,310.938500,-490.288600,1.456758000,0.000000
203,204,203,204,0.378585893,True,310.980000,-488.897600,1.309543000,310.980000,-488.897600,1.309543000,0.000000
204,205,204,205,0.382470524,True,311.021600,-487.506600,1.161010000,311.021600,-487.506600,1.161010000,0.000000
205,206,205,206,0.358566531,True,311.063200,-486.115600,1.017504000,311.063200,-486.115600,1.017504000,0.000000
206,207,206,207,0.286840270,True,311.744500,-485.012500,1.017504000,311.744500,-485.012500,1.017504000,0.000000
207,208,207,208,0.285985843,True,312.425800,-483.909400,1.017504000,312.425800,-483.909400,1.017504000,0.000000
208,209,208,209,0.327370611,True,313.107100,-482.806300,1.017504000,313.107100,-482.806300,1.017504000,0.000000
209,210,209,210,0.360581884,True,313.788500,-481.703300,1.126862000,313.788500,-481.703300,1.126862000,0.000000
210,211,210,211,0.412164048,True,314.469800,-480.600200,1.258790000,314.469800,-480.600200,1.258790000,0.000000
211,212,211,212,0.422559502,True,315.151100,-479.497100,1.391050000,315.151100,-479.497100,1.391050000,0.000000
212,213,212,213,0.410231989,True,315.832400,-478.394000,1.519153000,315.832400,-478.394000,1.519153000,0.000000
213,214,213,214,0.374630125,True,315.909700,-476.899500,1.519256000,315.909700,-476.899500,1.519256000,0.000000
214,215,214,215,0.343276137,True,315.986900,-475.405000,1.519600000,315.986900,-475.405000,1.519600000,0.000000
215,216,215,216,0.351686275,True,316.064200,-473.910500,1.520218000,316.064200,-473.910500,1.520218000,0.000000
216,217,216,217,0.378301834,True,316.141400,-472.415900,1.519983000,316.141400,-472.415900,1.519983000,0.000000
217,218,217,218,0.419853574,True,316.187800,-471.500900,1.518393000,316.187800,-471.500900,1.518393000,0.000000
218,219,218,219,0.432067292,True,316.234200,-470.585800,1.515466000,316.234200,-470.585800,1.515466000,0.000000
219,220,219,220,0.433719662,True,316.305500,-469.143000,1.507882000,316.305500,-469.143000,1.507882000,0.000000
220,221,220,221,0.419918100,True,316.365500,-467.958600,1.500641000,316.365500,-467.958600,1.500641000,0.000000
221,222,221,222,0.431243472,True,316.424300,-466.903700,1.494522000,316.424300,-466.903700,1.494522000,0.000000
222,223,222,223,0.455731106,True,316.491900,-465.849400,1.490031000,316.491900,-465.849400,1.490031000,0.000000
223,224,223,224,0.485379790,True,316.578600,-464.666800,1.486970000,316.578600,-464.666800,1.486970000,0.000000
224,225,224,225,0.504933493,True,316.694300,-463.227100,1.485282000,316.694300,-463.227100,1.485282000,0.000000
225,226,225,226,0.508362585,True,316.771700,-462.314100,1.485023000,316.771700,-462.314100,1.485023000,0.000000
226,227,226,227,0.544081314,True,316.849100,-461.401200,1.484764000,316.849100,-461.401200,1.484764000,0.000000
227,228,227,228,0.564429539,True,316.976400,-459.925200,1.484764000,316.976400,-459.925200,1.484764000,0.000000
228,229,228,229,0.555719934,True,317.103700,-458.449200,1.484764000,317.103700,-458.449200,1.484764000,0.000000
229,230,229,230,0.547842359,True,317.231000,-456.973200,1.484764000,317.231000,-456.973200,1.484764000,0.000000
230,231,230,231,0.514415252,True,317.358300,-455.497100,1.484764000,317.358300,-455.497100,1.484764000,0.000000
231,232,231,232,0.502992616,True,317.485600,-454.021100,1.484764000,317.485600,-454.021100,1.484764000,0.000000
232,233,232,233,0.456090328,True,317.612900,-452.545100,1.484764000,317.612900,-452.545100,1.484764000,0.000000
233,234,233,234,0.433317191,True,317.740200,-451.069100,1.484764000,317.740200,-451.069100,1.484764000,0.000000
234,235,234,235,0.383373886,True,317.867500,-449.593100,1.484764000,317.867500,-449.593100,1.484764000,0.000000
235,236,235,236,0.369848963,True,317.994800,-448.117100,1.484764000,317.994800,-448.117100,1.484764000,0.000000
236,237,236,237,0.365389359,True,318.122100,-446.641100,1.484764000,318.122100,-446.641100,1.484764000,0.000000
237,238,237,238,0.342099871,True,318.249400,-445.165100,1.484764000,318.249400,-445.165100,1.484764000,0.000000
238,239,238,239,0.324218867,True,318.376700,-443.689000,1.484764000,318.376700,-443.689000,1.484764000,0.000000
239,240,239,240,0.288897062,True,318.504000,-442.213000,1.484764000,318.504000,-442.213000,1.484764000,0.000000
240,241,240,241,0.299699964,True,318.631300,-440.737000,1.484764000,318.631300,-440.737000,1.484764000,0.000000
241,242,241,242,0.295363700,True,318.758600,-439.261000,1.484764000,318.758600,-439.261000,1.484764000,0.000000
242,243,242,243,0.316683774,True,318.885900,-437.785000,1.457458000,318.885900,-437.785000,1.457458000,0.000000
243,244,243,244,0.361647911,True,319.013200,-436.309000,1.384038000,319.013200,-436.309000,1.384038000,0.000000
244,245,244,245,0.372406742,True,319.140500,-434.833000,1.310369000,319.140500,-434.833000,1.310369000,0.000000
245,246,245,246,0.401956310,True,319.267800,-433.356900,1.237245000,319.267800,-433.356900,1.237245000,0.000000
246,247,246,247,0.420812162,True,319.757500,-431.943600,1.237245000,319.757500,-431.943600,1.237245000,0.000000
247,248,247,248,0.440852158,True,320.247300,-430.530200,1.237245000,320.247300,-430.530200,1.237245000,0.000000
248,249,248,249,0.467752078,True,320.737000,-429.116900,1.237245000,320.737000,-429.116900,1.237245000,0.000000
249,250,249,250,0.464003925,True,321.226700,-427.703500,1.237245000,321.226700,-427.703500,1.237245000,0.000000
250,251,250,251,0.519931726,True,321.716400,-426.290100,1.237245000,321.716400,-426.290100,1.237245000,0.000000
251,252,251,252,0.520808844,True,322.206200,-424.876800,1.237245000,322.206200,-424.876800,1.237245000,0.000000
252,253,252,253,0.520361514,True,322.695900,-423.463400,1.237245000,322.695900,-423.463400,1.237245000,0.000000
253,254,253,254,0.477136605,True,323.185600,-422.050000,1.237245000,323.185600,-422.050000,1.237245000,0.000000
254,255,254,255,0.441279959,True,323.675300,-420.636700,1.237245000,323.675300,-420.636700,1.237245000,0.000000
255,256,255,256,0.409841102,True,324.165100,-419.223300,1.237245000,324.165100,-419.223300,1.237245000,0.000000
256,257,256,257,0.402176781,True,324.654800,-417.810000,1.237245000,324.654800,-417.810000,1.237245000,0.000000
257,258,257,258,0.409293894,True,325.144500,-416.396600,1.237245000,325.144500,-416.396600,1.237245000,0.000000
258,259,258,259,0.422832324,True,325.634200,-414.983200,1.237245000,325.634200,-414.983200,1.237245000,0.000000
259,260,259,260,0.408173868,True,326.124000,-413.569900,1.237245000,326.124000,-413.569900,1.237245000,0.000000
260,261,260,261,0.364401433,True,326.613700,-412.156500,1.237245000,326.613700,-412.156500,1.237245000,0.000000
261,262,261,262,0.330833481,True,327.103400,-410.743200,1.237245000,327.103400,-410.743200,1.237245000,0.000000
262,263,262,263,0.297218578,True,327.593200,-409.329800,1.237245000,327.593200,-409.329800,1.237245000,0.000000
263,264,263,264,0.303771894,True,328.082900,-407.916400,1.237245000,328.082900,-407.916400,1.237245000,0.000000
264,265,264,265,0.281922932,True,328.572600,-406.503100,1.237245000,328.572600,-406.503100,1.237245000,0.000000
265,266,265,266,0.266248370,True,329.062300,-405.089700,1.237245000,329.062300,-405.089700,1.237245000,0.000000
266,267,266,267,0.257017446,True,329.552100,-403.676300,1.237245000,329.552100,-403.676300,1.237245000,0.000000
267,268,267,268,0.300439475,True,330.041800,-402.263000,1.237245000,330.041800,-402.263000,1.237245000,0.000000
268,269,268,269,0.345326425,True,330.531500,-400.849600,1.237245000,330.531500,-400.849600,1.237245000,0.000000
269,270,269,270,0.376190442,True,331.021200,-399.436300,1.216773000,331.021200,-399.436300,1.216773000,0.000000
270,271,270,271,0.425627140,True,331.511000,-398.022900,1.156712000,331.511000,-398.022900,1.156712000,0.000000
271,272,271,272,0.434258595,True,332.000700,-396.609500,1.096507000,332.000700,-396.609500,1.096507000,0.000000
272,273,272,273,0.443926253,True,332.490400,-395.196200,1.036594000,332.490400,-395.196200,1.036594000,0.000000
273,274,273,274,0.480105466,True,333.239100,-393.930600,1.036594000,333.239100,-393.930600,1.036594000,0.000000
274,275,274,275,0.460671743,True,333.987800,-392.665000,1.036594000,333.987800,-392.665000,1.036594000,0.000000
275,276,275,276,0.471877496,True,334.736500,-391.399400,1.036594000,334.736500,-391.399400,1.036594000,0.000000
276,277,276,277,0.492731346,True,335.485200,-390.133800,1.036594000,335.485200,-390.133800,1.036594000,0.000000
277,278,277,278,0.527360466,True,336.233900,-388.868200,1.036594000,336.233900,-388.868200,1.036594000,0.000000
278,279,278,279,0.509138682,True,336.982600,-387.602600,1.036594000,336.982600,-387.602600,1.036594000,0.000000
279,280,279,280,0.472346384,True,337.731300,-386.337000,1.036594000,337.731300,-386.337000,1.036594000,0.000000
280,281,280,281,0.452337444,True,338.480000,-385.071400,1.036594000,338.480000,-385.071400,1.036594000,0.000000
281,282,281,282,0.449158352,True,339.228700,-383.805800,1.036594000,339.228700,-383.805800,1.036594000,0.000000
282,283,282,283,0.426379541,True,339.977400,-382.540200,1.036594000,339.977400,-382.540200,1.036594000,0.000000
283,284,283,284,0.433817160,True,340.726000,-381.274700,1.036594000,340.726000,-381.274700,1.036594000,0.000000
284,285,284,285,0.406284517,True,341.474700,-380.009100,1.036594000,341.474700,-380.009100,1.036594000,0.000000
285,286,285,286,0.408791903,True,342.223400,-378.743500,1.036594000,342.223400,-378.743500,1.036594000,0.000000
286,287,286,287,0.426825997,True,342.972100,-377.477900,1.036594000,342.972100,-377.477900,1.036594000,0.000000
287,288,287,288,0.445822847,True,343.720800,-376.212300,1.036594000,343.720800,-376.212300,1.036594000,0.000000
288,289,288,289,0.432317756,True,344.469500,-374.946700,1.036594000,344.469500,-374.946700,1.036594000,0.000000
289,290,289,290,0.491114496,True,345.218200,-373.681100,1.036594000,345.218200,-373.681100,1.036594000,0.000000
290,291,290,291,0.526582983,True,345.966900,-372.415500,1.036594000,345.966900,-372.415500,1.036594000,0.000000
291,292,291,292,0.508707782,True,346.715600,-371.149900,1.036594000,346.715600,-371.149900,1.036594000,0.000000
292,293,292,293,0.490285960,True,347.464300,-369.884300,1.036594000,347.464300,-369.884300,1.036594000,0.000000
293,294,293,294,0.484750130,True,348.213000,-368.618700,1.036594000,348.213000,-368.618700,1.036594000,0.000000
294,295,294,295,0.618461564,True,348.961700,-367.353100,1.036594000,348.961700,-367.353100,1.036594000,0.000000
295,296,295,296,0.635683335,True,349.710400,-366.087600,1.036594000,349.710400,-366.087600,1.036594000,0.000000
296,297,296,297,0.590386503,True,350.459100,-364.822000,1.036594000,350.459100,-364.822000,1.036594000,0.000000
297,298,297,298,0.554137404,True,351.207800,-363.556400,1.036594000,351.207800,-363.556400,1.036594000,0.000000
298,299,298,299,0.534724846,True,351.956500,-362.290800,1.036594000,351.956500,-362.290800,1.036594000,0.000000
299,300,299,300,0.501923832,True,352.705200,-361.025200,1.036594000,352.705200,-361.025200,1.036594000,0.000000
300,301,300,301,0.543302437,True,353.453900,-359.759600,1.036594000,353.453900,-359.759600,1.036594000,0.000000
301,302,301,302,0.560714444,True,354.202500,-358.494000,1.036594000,354.202500,-358.494000,1.036594000,0.000000
302,303,302,303,0.446697903,True,354.951200,-357.228400,1.036594000,354.951200,-357.228400,1.036594000,0.000000
303,304,303,304,0.422865635,True,355.699900,-355.962800,1.036594000,355.699900,-355.962800,1.036594000,0.000000
304,305,304,305,0.433434664,True,356.448600,-354.697200,1.036594000,356.448600,-354.697200,1.036594000,0.000000
305,306,305,306,0.468130414,True,357.197300,-353.431600,1.036594000,357.197300,-353.431600,1.036594000,0.000000
306,307,306,307,0.420707558,True,357.946000,-352.166000,1.107397000,357.946000,-352.166000,1.107397000,0.000000
307,308,307,308,0.414497711,True,358.694700,-350.900500,1.294040000,358.694700,-350.900500,1.294040000,0.000000
308,309,308,309,0.391550290,True,359.443400,-349.634900,1.484724000,359.443400,-349.634900,1.484724000,0.000000
309,310,309,310,0.395679123,True,360.192100,-348.369300,1.666232000,360.192100,-348.369300,1.666232000,0.000000
310,311,310,311,0.362332629,True,360.054400,-346.931200,1.666232000,360.054400,-346.931200,1.666232000,0.000000
311,312,311,312,0.340360461,True,359.916800,-345.493100,1.666232000,359.916800,-345.493100,1.666232000,0.000000
312,313,312,313,0.341640752,True,359.779100,-344.055100,1.666232000,359.779100,-344.055100,1.666232000,0.000000
313,314,313,314,0.398207213,True,359.641500,-342.617000,1.666232000,359.641500,-342.617000,1.666232000,0.000000
314,315,314,315,0.446731540,True,359.503800,-341.178900,1.666232000,359.503800,-341.178900,1.666232000,0.000000
315,316,315,316,0.437591576,True,359.366100,-339.740800,1.666232000,359.366100,-339.740800,1.666232000,0.000000
316,317,316,317,0.411168876,True,359.228500,-338.302800,1.666232000,359.228500,-338.302800,1.666232000,0.000000
317,318,317,318,0.398453127,True,359.090800,-336.864700,1.666232000,359.090800,-336.864700,1.666232000,0.000000
318,319,318,319,0.372010266,True,358.953100,-335.426600,1.666232000,358.953100,-335.426600,1.666232000,0.000000
319,320,319,320,0.390136940,True,358.815500,-333.988500,1.666232000,358.815500,-333.988500,1.666232000,0.000000
320,321,320,321,0.427636111,True,358.677800,-332.550500,1.666232000,358.677800,-332.550500,1.666232000,0.000000
321,322,321,322,0.424428411,True,358.540200,-331.112400,1.666232000,358.540200,-331.112400,1.666232000,0.000000
322,323,322,323,0.435157767,True,358.402500,-329.674300,1.666232000,358.402500,-329.674300,1.666232000,0.000000
323,324,323,324,0.417915014,True,358.264800,-328.236200,1.666232000,358.264800,-328.236200,1.666232000,0.000000
324,325,324,325,0.353738659,True,358.127200,-326.798200,1.666232000,358.127200,-326.798200,1.666232000,0.000000
325,326,325,326,0.308464065,True,357.989500,-325.360100,1.666232000,357.989500,-325.360100,1.666232000,0.000000
326,327,326,327,0.310588407,True,357.851900,-323.922000,1.666232000,357.851900,-323.922000,1.666232000,0.000000
327,328,327,328,0.330833039,True,357.714200,-322.484000,1.666232000,357.714200,-322.484000,1.666232000,0.000000
328,329,328,329,0.355186456,True,357.576500,-321.045900,1.742773000,357.576500,-321.045900,1.742773000,0.000000
329,330,329,330,0.375867587,True,357.438900,-319.607800,1.916987000,357.438900,-319.607800,1.916987000,0.000000
330,331,330,331,0.391057903,True,357.301200,-318.169700,2.094130000,357.301200,-318.169700,2.094130000,0.000000
331,332,331,332,0.404989063,True,357.163600,-316.731700,2.263549000,357.163600,-316.731700,2.263549000,0.000000
332,333,332,333,0.442806577,True,356.217000,-315.591200,2.263549000,356.217000,-315.591200,2.263549000,0.000000
333,334,333,334,0.447685291,True,355.270400,-314.450700,2.263549000,355.270400,-314.450700,2.263549000,0.000000
334,335,334,335,0.505609602,True,354.323900,-313.310300,2.263549000,354.323900,-313.310300,2.263549000,0.000000
335,336,335,336,0.596244555,True,353.377300,-312.169800,2.263549000,353.377300,-312.169800,2.263549000,0.000000
336,337,336,337,0.682381091,True,352.430700,-311.029300,2.263549000,352.430700,-311.029300,2.263549000,0.000000
337,338,337,338,0.687081567,True,351.484200,-309.888800,2.263549000,351.484200,-309.888800,2.263549000,0.000000
338,339,338,339,0.649307858,True,350.537600,-308.748400,2.263549000,350.537600,-308.748400,2.263549000,0.000000
339,340,339,340,0.634801974,True,349.591100,-307.607900,2.263549000,349.591100,-307.607900,2.263549000,0.000000
340,341,340,341,0.608501257,True,348.644500,-306.467400,2.263549000,348.644500,-306.467400,2.263549000,0.000000
341,342,341,342,0.547806998,True,347.697900,-305.327000,2.263549000,347.697900,-305.327000,2.263549000,0.000000
342,343,342,343,0.481467448,True,346.751400,-304.186500,2.263549000,346.751400,-304.186500,2.263549000,0.000000
343,344,343,344,0.428680038,True,345.804800,-303.046000,2.263549000,345.804800,-303.046000,2.263549000,0.000000
344,345,344,345,0.380763531,True,344.858300,-301.905600,2.263549000,344.858300,-301.905600,2.263549000,0.000000
345,346,345,346,0.352945806,True,343.911700,-300.765100,2.271182000,343.911700,-300.765100,2.271182000,0.000000
346,347,346,347,0.309185875,True,342.965100,-299.624600,2.312862000,342.965100,-299.624600,2.312862000,0.000000
347,348,347,348,0.253448652,True,342.018600,-298.484200,2.416515000,342.018600,-298.484200,2.416515000,0.000000
348,349,348,349,0.225162551,True,341.072000,-297.343700,2.613796000,341.072000,-297.343700,2.613796000,0.000000
349,350,349,350,0.227100792,True,340.125500,-296.351200,2.873196000,340.125500,-296.351200,2.873196000,0.000000
350,351,350,351,0.202341323,True,339.150600,-295.612600,3.136989000,339.150600,-295.612600,3.136989000,0.000000
351,352,351,352,0.176721858,True,338.157000,-295.127700,-2.902244000,338.157000,-295.127700,-2.902244000,0.000000
352,353,352,353,0.200208804,True,337.154400,-294.896200,-2.692361000,337.154400,-294.896200,-2.692361000,0.000000
353,354,353,354,0.260452474,True,336.152500,-294.917900,-2.522212000,336.152500,-294.917900,-2.522212000,0.000000
354,355,354,355,0.307553136,True,335.161000,-295.192700,-2.388495000,335.161000,-295.192700,-2.388495000,0.000000
355,356,355,356,0.368015569,True,334.189500,-295.720300,-2.294979000,334.189500,-295.720300,-2.294979000,0.000000
356,357,356,357,0.435996813,True,333.247700,-296.500600,-2.238895000,333.247700,-296.500600,-2.238895000,0.000000
357,358,357,358,0.453821361,True,332.345300,-297.533300,-2.219980000,332.345300,-297.533300,-2.219980000,0.000000
358,359,358,359,0.453735909,True,331.515800,-298.626300,-2.219980000,331.515800,-298.626300,-2.219980000,0.000000
359,360,359,360,0.439717856,True,330.686200,-299.719300,-2.219980000,330.686200,-299.719300,-2.219980000,0.000000
360,361,360,361,0.451451853,True,329.856700,-300.812400,-2.219980000,329.856700,-300.812400,-2.219980000,0.000000
361,362,361,362,0.457048641,True,329.027200,-301.905400,-2.219980000,329.027200,-301.905400,-2.219980000,0.000000
362,363,362,363,0.415451747,True,328.197700,-302.998400,-2.219980000,328.197700,-302.998400,-2.219980000,0.000000
363,364,363,364,0.421956622,True,327.368200,-304.091400,-2.219980000,327.368200,-304.091400,-2.219980000,0.000000
364,365,364,365,0.448974324,True,326.538700,-305.184500,-2.219980000,326.538700,-305.184500,-2.219980000,0.000000
365,366,365,366,0.436933523,True,325.709100,-306.277500,-2.313787000,325.709100,-306.277500,-2.313787000,0.000000
366,367,366,367,0.424205518,True,324.879600,-307.370500,-2.465364000,324.879600,-307.370500,-2.465364000,0.000000
367,368,367,368,0.422195931,True,324.050100,-308.463500,-2.618196000,324.050100,-308.463500,-2.618196000,0.000000
368,369,368,369,0.435006478,True,323.220600,-309.556600,-2.765395000,323.220600,-309.556600,-2.765395000,0.000000
369,370,369,370,0.471627489,True,321.842900,-310.100800,-2.765395000,321.842900,-310.100800,-2.765395000,0.000000
370,371,370,371,0.436906866,True,320.465200,-310.645000,-2.765395000,320.465200,-310.645000,-2.765395000,0.000000
371,372,371,372,0.432775980,True,319.087500,-311.189200,-2.765395000,319.087500,-311.189200,-2.765395000,0.000000
372,373,372,373,0.482951330,True,317.709800,-311.733400,-2.765395000,317.709800,-311.733400,-2.765395000,0.000000
373,374,373,374,0.530376035,True,316.332100,-312.277600,-2.765395000,316.332100,-312.277600,-2.765395000,0.000000
374,375,374,375,0.503775850,True,314.954400,-312.821800,-2.765395000,314.954400,-312.821800,-2.765395000,0.000000
375,376,375,376,0.425632815,True,313.576600,-313.366000,-2.765395000,313.576600,-313.366000,-2.765395000,0.000000
376,377,376,377,0.354806025,True,312.198900,-313.910200,-2.765395000,312.198900,-313.910200,-2.765395000,0.000000
377,378,377,378,0.312584808,True,310.821200,-314.454400,-2.765395000,310.821200,-314.454400,-2.765395000,0.000000
378,379,378,379,0.286385563,True,309.443500,-314.998700,-2.765395000,309.443500,-314.998700,-2.765395000,0.000000
379,380,379,380,0.307840745,True,308.065800,-315.542900,-2.765395000,308.065800,-315.542900,-2.765395000,0.000000
380,381,380,381,0.345988074,True,306.688100,-316.087100,-2.802120000,306.688100,-316.087100,-2.802120000,0.000000
381,382,381,382,0.373461732,True,305.310400,-316.631300,-2.901422000,305.310400,-316.631300,-2.901422000,0.000000
382,383,382,383,0.384945697,True,303.932700,-317.175500,-3.001341000,303.932700,-317.175500,-3.001341000,0.000000
383,384,383,384,0.312260194,True,302.555000,-317.719700,-3.099910000,302.555000,-317.719700,-3.099910000,0.000000
384,385,384,385,0.280304640,True,301.067900,-317.781700,-3.099910000,301.067900,-317.781700,-3.099910000,0.000000
385,386,385,386,0.263220078,True,299.580800,-317.843700,-3.099910000,299.580800,-317.843700,-3.099910000,0.000000
386,387,386,387,0.293685283,True,298.093800,-317.905800,-3.099910000,298.093800,-317.905800,-3.099910000,0.000000
387,388,387,388,0.331053717,True,296.606700,-317.967800,-3.099910000,296.606700,-317.967800,-3.099910000,0.000000
388,389,388,389,0.332251223,True,295.119600,-318.029800,-3.099910000,295.119600,-318.029800,-3.099910000,0.000000
389,390,389,390,0.385137184,True,293.632600,-318.091800,-3.099910000,293.632600,-318.091800,-3.099910000,0.000000
390,391,390,391,0.415568771,True,292.145500,-318.153800,-3.099910000,292.145500,-318.153800,-3.099910000,0.000000
391,392,391,392,0.430158089,True,290.658400,-318.215900,-3.116399000,290.658400,-318.215900,-3.116399000,0.000000
392,393,392,393,0.421509971,True,289.171300,-318.277900,3.120758000,289.171300,-318.277900,3.120758000,0.000000
393,394,393,394,0.419817889,True,287.684300,-318.339900,3.074667000,287.684300,-318.339900,3.074667000,0.000000
394,395,394,395,0.442752296,True,286.197200,-318.401900,3.028709000,286.197200,-318.401900,3.028709000,0.000000
395,396,395,396,0.458221472,True,284.734500,-318.236100,3.028709000,284.734500,-318.236100,3.028709000,0.000000
396,397,396,397,0.481786886,True,283.271700,-318.070300,3.028709000,283.271700,-318.070300,3.028709000,0.000000
397,398,397,398,0.491540039,True,281.809000,-317.904500,3.028709000,281.809000,-317.904500,3.028709000,0.000000
398,399,398,399,0.490860964,True,280.346300,-317.738600,3.028709000,280.346300,-317.738600,3.028709000,0.000000
399,400,399,400,0.506592316,True,278.883500,-317.572800,3.028709000,278.883500,-317.572800,3.028709000,0.000000
400,401,400,401,0.475853272,True,277.420800,-317.407000,3.028709000,277.420800,-317.407000,3.028709000,0.000000
401,402,401,402,0.453467588,True,275.958100,-317.241200,3.028709000,275.958100,-317.241200,3.028709000,0.000000
402,403,402,403,0.452264544,True,274.495300,-317.075300,3.028709000,274.495300,-317.075300,3.028709000,0.000000
403,404,403,404,0.487651216,True,273.032600,-316.909500,3.028709000,273.032600,-316.909500,3.028709000,0.000000
404,405,404,405,0.530413627,True,271.569900,-316.743700,3.028709000,271.569900,-316.743700,3.028709000,0.000000
405,406,405,406,0.498181641,True,270.107100,-316.577900,3.028709000,270.107100,-316.577900,3.028709000,0.000000
406,407,406,407,0.463489861,True,268.644400,-316.412100,3.028709000,268.644400,-316.412100,3.028709000,0.000000
407,408,407,408,0.425633047,True,267.181700,-316.246200,3.028709000,267.181700,-316.246200,3.028709000,0.000000
408,409,408,409,0.380161799,True,265.718900,-316.080400,3.028709000,265.718900,-316.080400,3.028709000,0.000000
409,410,409,410,0.356319877,True,264.256200,-315.914600,3.024555000,264.256200,-315.914600,3.024555000,0.000000
410,411,410,411,0.321221362,True,262.793500,-315.748800,2.999861000,262.793500,-315.748800,2.999861000,0.000000
411,412,411,412,0.308111738,True,261.330700,-315.582900,2.912166000,261.330700,-315.582900,2.912166000,0.000000
412,413,412,413,0.305553565,True,259.868000,-315.417100,2.705987000,259.868000,-315.417100,2.705987000,0.000000
413,414,413,414,0.271310229,True,259.119600,-315.305200,2.567921000,259.119600,-315.305200,2.567921000,0.000000
414,415,414,415,0.237560255,True,258.371300,-315.193200,2.413760000,258.371300,-315.193200,2.413760000,0.000000
415,416,415,416,0.195856525,True,257.224800,-314.863700,2.195106000,257.224800,-314.863700,2.195106000,0.000000
416,417,416,417,0.157359748,True,256.345900,-314.363500,2.054505000,256.345900,-314.363500,2.054505000,0.000000
417,418,417,418,0.149009522,True,255.652000,-313.627900,1.973216000,255.652000,-313.627900,1.973216000,0.000000
418,419,418,419,0.185936732,True,255.060500,-312.591900,1.933439000,255.060500,-312.591900,1.933439000,0.000000
419,420,419,420,0.190502250,True,254.774600,-311.891300,2.016152000,254.774600,-311.891300,2.016152000,0.000000
420,421,420,421,0.198516908,True,254.488700,-311.190700,2.128387000,254.488700,-311.190700,2.128387000,0.000000
421,422,421,422,0.200517919,True,254.070300,-310.051100,2.327298000,254.070300,-310.051100,2.327298000,0.000000
422,423,422,423,0.187368323,True,253.651900,-308.911600,2.525868000,253.651900,-308.911600,2.525868000,0.000000
423,424,423,424,0.170486694,True,253.233500,-307.772000,2.712850000,253.233500,-307.772000,2.712850000,0.000000
424,425,424,425,0.175298811,True,252.137100,-307.264400,2.733382000,252.137100,-307.264400,2.733382000,0.000000
425,426,425,426,0.192539758,True,251.040700,-306.756900,2.791019000,251.040700,-306.756900,2.791019000,0.000000
426,427,426,427,0.215401107,True,249.944300,-306.249300,2.912004000,249.944300,-306.249300,2.912004000,0.000000
427,428,427,428,0.243981627,True,249.205700,-305.922900,3.020110000,249.205700,-305.922900,3.020110000,0.000000
428,429,428,429,0.230631052,True,248.467000,-305.596600,3.136790000,248.467000,-305.596600,3.136790000,0.000000
429,430,429,430,0.220522159,True,247.297800,-305.193700,-2.980240000,247.297800,-305.193700,-2.980240000,0.000000
430,431,430,431,0.199830949,True,246.277800,-305.034300,-2.875693000,246.277800,-305.034300,-2.875693000,0.000000
431,432,431,432,0.183799088,True,245.248400,-305.112100,-2.818339000,245.248400,-305.112100,-2.818339000,0.000000
432,433,432,433,0.187306044,True,244.050900,-305.420800,-2.793171000,244.050900,-305.420800,-2.793171000,0.000000
433,434,433,434,0.182111576,True,243.288600,-305.687400,-2.707585000,243.288600,-305.687400,-2.707585000,0.000000
434,435,434,435,0.187237899,True,242.526400,-305.954100,-2.579073000,242.526400,-305.954100,-2.579073000,0.000000
435,436,435,436,0.170326306,True,241.393100,-306.373100,-2.380974000,241.393100,-306.373100,-2.380974000,0.000000
436,437,436,437,0.149250405,True,240.259700,-306.792000,-2.185197000,240.259700,-306.792000,-2.185197000,0.000000
437,438,437,438,0.140760710,True,239.126300,-307.211000,-2.012961000,239.126300,-307.211000,-2.012961000,0.000000
438,439,438,439,0.135730963,True,238.618900,-308.313700,-2.053357000,238.618900,-308.313700,-2.053357000,0.000000
439,440,439,440,0.178123306,True,238.111500,-309.416400,-2.158785000,238.111500,-309.416400,-2.158785000,0.000000
440,441,440,441,0.263933883,True,237.604100,-310.519100,-2.352112000,237.604100,-310.519100,-2.352112000,0.000000
441,442,441,442,0.339721489,True,236.928100,-311.845300,-2.655502000,236.928100,-311.845300,-2.655502000,0.000000
442,443,442,443,0.456150566,True,236.248700,-312.810900,-2.882923000,236.248700,-312.810900,-2.882923000,0.000000
443,444,443,444,0.502357161,True,235.486300,-313.465400,-3.029859000,235.486300,-313.465400,-3.029859000,0.000000
444,445,444,445,0.556413540,True,234.561400,-313.857900,-3.115771000,234.561400,-313.857900,-3.115771000,0.000000
445,446,445,446,0.602405829,True,233.394500,-314.037700,3.124508000,233.394500,-314.037700,3.124508000,0.000000
446,447,446,447,0.605277345,True,231.906100,-314.054300,3.112554000,231.906100,-314.054300,3.112554000,0.000000
447,448,447,448,0.624462279,True,230.427800,-314.011400,3.112554000,230.427800,-314.011400,3.112554000,0.000000
448,449,448,449,0.622450667,True,228.949500,-313.968400,3.112554000,228.949500,-313.968400,3.112554000,0.000000
449,450,449,450,0.613438639,True,227.471300,-313.925500,3.112554000,227.471300,-313.925500,3.112554000,0.000000
450,451,450,451,0.589515337,True,225.993000,-313.882500,3.112554000,225.993000,-313.882500,3.112554000,0.000000
451,452,451,452,0.556316220,True,224.514700,-313.839600,3.112554000,224.514700,-313.839600,3.112554000,0.000000
452,453,452,453,0.513826670,True,223.036400,-313.796700,3.112554000,223.036400,-313.796700,3.112554000,0.000000
453,454,453,454,0.475884082,True,221.558100,-313.753700,3.112554000,221.558100,-313.753700,3.112554000,0.000000
454,455,454,455,0.432042338,True,220.079800,-313.710800,3.112554000,220.079800,-313.710800,3.112554000,0.000000
455,456,455,456,0.384172273,True,218.601600,-313.667800,3.112554000,218.601600,-313.667800,3.112554000,0.000000
456,457,456,457,0.360901076,True,217.123300,-313.624900,3.112554000,217.123300,-313.624900,3.112554000,0.000000
457,458,457,458,0.354480315,True,215.645000,-313.582000,3.112554000,215.645000,-313.582000,3.112554000,0.000000
458,459,458,459,0.369256415,True,214.166700,-313.539000,3.112554000,214.166700,-313.539000,3.112554000,0.000000
459,460,459,460,0.370243636,True,212.688400,-313.496100,3.112554000,212.688400,-313.496100,3.112554000,0.000000
460,461,460,461,0.366775773,True,211.210100,-313.453100,3.112554000,211.210100,-313.453100,3.112554000,0.000000
461,462,461,462,0.391296297,True,209.731800,-313.410200,3.112554000,209.731800,-313.410200,3.112554000,0.000000
462,463,462,463,0.387830004,True,208.253600,-313.367300,3.112554000,208.253600,-313.367300,3.112554000,0.000000
463,464,463,464,0.382055618,True,206.775300,-313.324300,3.112554000,206.775300,-313.324300,3.112554000,0.000000
464,465,464,465,0.398178692,True,205.297000,-313.281400,3.112554000,205.297000,-313.281400,3.112554000,0.000000
465,466,465,466,0.450463361,True,203.818700,-313.238400,3.112554000,203.818700,-313.238400,3.112554000,0.000000
466,467,466,467,0.446739355,True,202.340400,-313.195500,3.112554000,202.340400,-313.195500,3.112554000,0.000000
467,468,467,468,0.419615803,True,200.862100,-313.152600,3.112554000,200.862100,-313.152600,3.112554000,0.000000
468,469,468,469,0.407196118,True,199.383800,-313.109600,3.112554000,199.383800,-313.109600,3.112554000,0.000000
469,470,469,470,0.372580993,True,197.905600,-313.066700,3.112554000,197.905600,-313.066700,3.112554000,0.000000
470,471,470,471,0.404187306,True,196.427300,-313.023700,3.112554000,196.427300,-313.023700,3.112554000,0.000000
471,472,471,472,0.414168596,True,194.949000,-312.980800,3.112554000,194.949000,-312.980800,3.112554000,0.000000
472,473,472,473,0.453945407,True,193.470700,-312.937900,3.121133000,193.470700,-312.937900,3.121133000,0.000000
473,474,473,474,0.486538288,True,191.992400,-312.894900,-3.139511000,191.992400,-312.894900,-3.139511000,0.000000
474,475,474,475,0.520712264,True,190.514100,-312.852000,-3.116962000,190.514100,-312.852000,-3.116962000,0.000000
475,476,475,476,0.549563761,True,189.035800,-312.809000,-3.094429000,189.035800,-312.809000,-3.094429000,0.000000
476,477,476,477,0.574917387,True,187.540500,-312.879600,-3.094429000,187.540500,-312.879600,-3.094429000,0.000000
477,478,477,478,0.607824176,True,186.045200,-312.950200,-3.094429000,186.045200,-312.950200,-3.094429000,0.000000
478,479,478,479,0.624489158,True,184.549800,-313.020800,-3.094429000,184.549800,-313.020800,-3.094429000,0.000000
479,480,479,480,0.661488672,True,183.054500,-313.091300,-3.094429000,183.054500,-313.091300,-3.094429000,0.000000
480,481,480,481,0.721199296,True,181.559100,-313.161900,-3.094429000,181.559100,-313.161900,-3.094429000,0.000000
481,482,481,482,0.696665899,True,180.063800,-313.232500,-3.094429000,180.063800,-313.232500,-3.094429000,0.000000
482,483,482,483,0.714022548,True,178.568400,-313.303100,-3.094429000,178.568400,-313.303100,-3.094429000,0.000000
483,484,483,484,0.697440095,True,177.073100,-313.373700,-3.094429000,177.073100,-313.373700,-3.094429000,0.000000
484,485,484,485,0.657745567,True,175.577700,-313.444200,-3.094429000,175.577700,-313.444200,-3.094429000,0.000000
485,486,485,486,0.626625158,True,174.082400,-313.514800,-3.094429000,174.082400,-313.514800,-3.094429000,0.000000
486,487,486,487,0.604590653,True,172.587000,-313.585400,-3.094429000,172.587000,-313.585400,-3.094429000,0.000000
487,488,487,488,0.567570665,True,171.091700,-313.656000,-3.094429000,171.091700,-313.656000,-3.094429000,0.000000
488,489,488,489,0.512973972,True,169.596400,-313.726600,-3.094429000,169.596400,-313.726600,-3.094429000,0.000000
489,490,489,490,0.446412105,True,168.101000,-313.797100,-3.094429000,168.101000,-313.797100,-3.094429000,0.000000
490,491,490,491,0.385325984,True,166.605700,-313.867700,-3.094429000,166.605700,-313.867700,-3.094429000,0.000000
491,492,491,492,0.432742971,True,165.110300,-313.938300,-3.094429000,165.110300,-313.938300,-3.094429000,0.000000
492,493,492,493,0.439898014,True,163.615000,-314.008900,-3.094429000,163.615000,-314.008900,-3.094429000,0.000000
493,494,493,494,0.430739383,True,162.119600,-314.079400,-3.094429000,162.119600,-314.079400,-3.094429000,0.000000
494,495,494,495,0.431005717,True,160.624300,-314.150000,-3.094429000,160.624300,-314.150000,-3.094429000,0.000000
495,496,495,496,0.416661239,True,159.128900,-314.220600,-3.094429000,159.128900,-314.220600,-3.094429000,0.000000
496,497,496,497,0.392563038,True,157.633600,-314.291200,-3.094429000,157.633600,-314.291200,-3.094429000,0.000000
497,498,497,498,0.350746593,True,156.138200,-314.361800,-3.094429000,156.138200,-314.361800,-3.094429000,0.000000
498,499,498,499,0.325354276,True,154.642900,-314.432300,-3.094429000,154.642900,-314.432300,-3.094429000,0.000000
499,500,499,500,0.345741483,True,153.147600,-314.502900,-3.094429000,153.147600,-314.502900,-3.094429000,0.000000
500,501,500,501,0.349094930,True,151.652200,-314.573500,-3.094429000,151.652200,-314.573500,-3.094429000,0.000000
501,502,501,502,0.378093423,True,150.156900,-314.644100,-3.034439000,150.156900,-314.644100,-3.034439000,0.000000
502,503,502,503,0.372375731,True,148.661500,-314.714700,-2.848650000,148.661500,-314.714700,-2.848650000,0.000000
503,504,503,504,0.379553962,True,147.166200,-314.785200,-2.658459000,147.166200,-314.785200,-2.658459000,0.000000
504,505,504,505,0.395601559,True,145.670800,-314.855800,-2.476999000,145.670800,-314.855800,-2.476999000,0.000000
505,506,505,506,0.404285812,True,144.512000,-315.763700,-2.476999000,144.512000,-315.763700,-2.476999000,0.000000
506,507,506,507,0.393946032,True,143.353200,-316.671700,-2.476999000,143.353200,-316.671700,-2.476999000,0.000000
507,508,507,508,0.427627689,True,142.194400,-317.579600,-2.476999000,142.194400,-317.579600,-2.476999000,0.000000
508,509,508,509,0.509908766,True,141.035600,-318.487500,-2.476999000,141.035600,-318.487500,-2.476999000,0.000000
509,510,509,510,0.535035341,True,139.876700,-319.395400,-2.476999000,139.876700,-319.395400,-2.476999000,0.000000
510,511,510,511,0.457567016,True,138.717900,-320.303400,-2.476999000,138.717900,-320.303400,-2.476999000,0.000000
511,512,511,512,0.433659357,True,137.559100,-321.211300,-2.476999000,137.559100,-321.211300,-2.476999000,0.000000
512,513,512,513,0.395898027,True,136.400300,-322.119200,-2.476999000,136.400300,-322.119200,-2.476999000,0.000000
513,514,513,514,0.345578369,True,135.241500,-323.027100,-2.476999000,135.241500,-323.027100,-2.476999000,0.000000
514,515,514,515,0.340301288,True,134.082700,-323.935000,-2.476999000,134.082700,-323.935000,-2.476999000,0.000000
515,516,515,516,0.326519572,True,132.923800,-324.843000,-2.476999000,132.923800,-324.843000,-2.476999000,0.000000
516,517,516,517,0.304070792,True,131.765000,-325.750900,-2.476999000,131.765000,-325.750900,-2.476999000,0.000000
517,518,517,518,0.283313316,True,130.606200,-326.658800,-2.476999000,130.606200,-326.658800,-2.476999000,0.000000
518,519,518,519,0.261609587,True,129.447400,-327.566700,-2.476999000,129.447400,-327.566700,-2.476999000,0.000000
519,520,519,520,0.269683922,True,128.288600,-328.474700,-2.476999000,128.288600,-328.474700,-2.476999000,0.000000
520,521,520,521,0.291937605,True,127.129800,-329.382600,-2.476999000,127.129800,-329.382600,-2.476999000,0.000000
521,522,521,522,0.304394508,True,125.970900,-330.290500,-2.476999000,125.970900,-330.290500,-2.476999000,0.000000
522,523,522,523,0.279530744,True,124.812100,-331.198400,-2.476999000,124.812100,-331.198400,-2.476999000,0.000000
523,524,523,524,0.260005424,True,123.653300,-332.106400,-2.476999000,123.653300,-332.106400,-2.476999000,0.000000
524,525,524,525,0.243697477,True,122.494500,-333.014300,-2.476999000,122.494500,-333.014300,-2.476999000,0.000000
525,526,525,526,0.293323692,True,121.335700,-333.922200,-2.476999000,121.335700,-333.922200,-2.476999000,0.000000
526,527,526,527,0.323327333,True,120.176900,-334.830100,-2.476999000,120.176900,-334.830100,-2.476999000,0.000000
527,528,527,528,0.369844134,True,119.018000,-335.738100,-2.409039000,119.018000,-335.738100,-2.409039000,0.000000
528,529,528,529,0.402416475,True,117.859200,-336.646000,-2.228819000,117.859200,-336.646000,-2.228819000,0.000000
529,530,529,530,0.447742214,True,116.700400,-337.553900,-2.044947000,116.700400,-337.553900,-2.044947000,0.000000
530,531,530,531,0.452001172,True,115.541600,-338.461800,-1.869313000,115.541600,-338.461800,-1.869313000,0.000000
531,532,531,532,0.426343982,True,115.106700,-339.875200,-1.869313000,115.106700,-339.875200,-1.869313000,0.000000
532,533,532,533,0.435514024,True,114.671800,-341.288500,-1.869313000,114.671800,-341.288500,-1.869313000,0.000000
533,534,533,534,0.464182726,True,114.236900,-342.701900,-1.869313000,114.236900,-342.701900,-1.869313000,0.000000
534,535,534,535,0.475182106,True,113.802000,-344.115200,-1.869313000,113.802000,-344.115200,-1.869313000,0.000000
535,536,535,536,0.587283271,True,113.367100,-345.528500,-1.869313000,113.367100,-345.528500,-1.869313000,0.000000
536,537,536,537,0.602644686,True,112.932200,-346.941900,-1.869313000,112.932200,-346.941900,-1.869313000,0.000000
537,538,537,538,0.466251466,True,112.497300,-348.355200,-1.869313000,112.497300,-348.355200,-1.869313000,0.000000
538,539,538,539,0.384905917,True,112.062400,-349.768600,-1.869313000,112.062400,-349.768600,-1.869313000,0.000000
539,540,539,540,0.348281426,True,111.627500,-351.181900,-1.869313000,111.627500,-351.181900,-1.869313000,0.000000
540,541,540,541,0.359028216,True,111.192600,-352.595200,-1.869313000,111.192600,-352.595200,-1.869313000,0.000000
541,542,541,542,0.339320171,True,110.757700,-354.008600,-1.869313000,110.757700,-354.008600,-1.869313000,0.000000
542,543,542,543,0.361932980,True,110.322800,-355.421900,-1.869313000,110.322800,-355.421900,-1.869313000,0.000000
543,544,543,544,0.373495482,True,109.887900,-356.835300,-1.869313000,109.887900,-356.835300,-1.869313000,0.000000
544,545,544,545,0.409446602,True,109.453000,-358.248600,-1.869313000,109.453000,-358.248600,-1.869313000,0.000000
545,546,545,546,0.471894727,True,109.018100,-359.661900,-1.869313000,109.018100,-359.661900,-1.869313000,0.000000
546,547,546,547,0.450969519,True,108.583200,-361.075300,-1.869313000,108.583200,-361.075300,-1.869313000,0.000000
547,548,547,548,0.441926409,True,108.148300,-362.488600,-1.869313000,108.148300,-362.488600,-1.869313000,0.000000
548,549,548,549,0.423450086,True,107.713400,-363.902000,-1.869313000,107.713400,-363.902000,-1.869313000,0.000000
549,550,549,550,0.403956823,True,107.278500,-365.315300,-1.869313000,107.278500,-365.315300,-1.869313000,0.000000
550,551,550,551,0.384706126,True,106.843600,-366.728600,-1.869313000,106.843600,-366.728600,-1.869313000,0.000000
551,552,551,552,0.372955240,True,106.408700,-368.142000,-1.869313000,106.408700,-368.142000,-1.869313000,0.000000
552,553,552,553,0.367109365,True,105.973800,-369.555300,-1.869313000,105.973800,-369.555300,-1.869313000,0.000000
553,554,553,554,0.351221466,True,105.538900,-370.968700,-1.869313000,105.538900,-370.968700,-1.869313000,0.000000
554,555,554,555,0.341763382,True,105.104000,-372.382000,-1.869313000,105.104000,-372.382000,-1.869313000,0.000000
555,556,555,556,0.337753305,True,104.669100,-373.795300,-1.869313000,104.669100,-373.795300,-1.869313000,0.000000
556,557,556,557,0.341551558,True,104.234200,-375.208700,-1.869313000,104.234200,-375.208700,-1.869313000,0.000000
557,558,557,558,0.349944952,True,103.799300,-376.622000,-1.869313000,103.799300,-376.622000,-1.869313000,0.000000
558,559,558,559,0.361209226,True,103.364400,-378.035400,-1.869313000,103.364400,-378.035400,-1.869313000,0.000000
559,560,559,560,0.375033682,True,102.929500,-379.448700,-1.869313000,102.929500,-379.448700,-1.869313000,0.000000
560,561,560,561,0.393974947,True,102.494600,-380.862000,-1.869313000,102.494600,-380.862000,-1.869313000,0.000000
561,562,561,562,0.410724780,True,102.059700,-382.275400,-1.869313000,102.059700,-382.275400,-1.869313000,0.000000
562,563,562,563,0.424313328,True,101.624800,-383.688700,-1.869313000,101.624800,-383.688700,-1.869313000,0.000000
563,564,563,564,0.428117584,True,101.189900,-385.102100,-1.869313000,101.189900,-385.102100,-1.869313000,0.000000
564,565,564,565,0.410251427,True,100.755000,-386.515400,-1.869313000,100.755000,-386.515400,-1.869313000,0.000000
565,566,565,566,0.387638653,True,100.320100,-387.928700,-1.869313000,100.320100,-387.928700,-1.869313000,0.000000
566,567,566,567,0.401935438,True,99.885200,-389.342100,-1.869313000,99.885200,-389.342100,-1.869313000,0.000000
567,568,567,568,0.405172878,True,99.450300,-390.755400,-1.869313000,99.450300,-390.755400,-1.869313000,0.000000
568,569,568,569,0.417284533,True,99.015400,-392.168800,-1.865005000,99.015400,-392.168800,-1.865005000,0.000000
569,570,569,570,0.442841870,True,98.580500,-393.582100,-1.853702000,98.580500,-393.582100,-1.853702000,0.000000
570,571,570,571,0.453493946,True,98.145600,-394.995400,-1.842399000,98.145600,-394.995400,-1.842399000,0.000000
571,572,571,572,0.446956684,True,97.710600,-396.408800,-1.831098000,97.710600,-396.408800,-1.831098000,0.000000
572,573,572,573,0.426768137,True,97.329000,-397.841800,-1.831098000,97.329000,-397.841800,-1.831098000,0.000000
573,574,573,574,0.414515911,True,96.947300,-399.274800,-1.831098000,96.947300,-399.274800,-1.831098000,0.000000
574,575,574,575,0.400470635,True,96.565600,-400.707800,-1.831098000,96.565600,-400.707800,-1.831098000,0.000000
575,576,575,576,0.403640047,True,96.184000,-402.140800,-1.831098000,96.184000,-402.140800,-1.831098000,0.000000
576,577,576,577,0.423884368,True,95.802300,-403.573800,-1.831098000,95.802300,-403.573800,-1.831098000,0.000000
577,578,577,578,0.418694960,True,95.420600,-405.006800,-1.831098000,95.420600,-405.006800,-1.831098000,0.000000
578,579,578,579,0.408984670,True,95.038900,-406.439800,-1.831098000,95.038900,-406.439800,-1.831098000,0.000000
579,580,579,580,0.399166268,True,94.657300,-407.872800,-1.831098000,94.657300,-407.872800,-1.831098000,0.000000
580,581,580,581,0.385643176,True,94.275600,-409.305800,-1.831098000,94.275600,-409.305800,-1.831098000,0.000000
581,582,581,582,0.374511256,True,93.893900,-410.738800,-1.831098000,93.893900,-410.738800,-1.831098000,0.000000
582,583,582,583,0.367621065,True,93.512300,-412.171800,-1.831098000,93.512300,-412.171800,-1.831098000,0.000000
583,584,583,584,0.365557463,True,93.130600,-413.604800,-1.831098000,93.130600,-413.604800,-1.831098000,0.000000
584,585,584,585,0.382952849,True,92.748900,-415.037800,-1.831098000,92.748900,-415.037800,-1.831098000,0.000000
585,586,585,586,0.404693380,True,92.367200,-416.470800,-1.831098000,92.367200,-416.470800,-1.831098000,0.000000
586,587,586,587,0.404677767,True,91.985600,-417.903800,-1.831098000,91.985600,-417.903800,-1.831098000,0.000000
587,588,587,588,0.389817690,True,91.603900,-419.336800,-1.831098000,91.603900,-419.336800,-1.831098000,0.000000
588,589,588,589,0.407459353,True,91.222200,-420.769800,-1.831098000,91.222200,-420.769800,-1.831098000,0.000000
589,590,589,590,0.374525376,True,90.840600,-422.202800,-1.831098000,90.840600,-422.202800,-1.831098000,0.000000
590,591,590,591,0.359770390,True,90.458900,-423.635800,-1.831098000,90.458900,-423.635800,-1.831098000,0.000000
591,592,591,592,0.358813429,True,90.077200,-425.068800,-1.831098000,90.077200,-425.068800,-1.831098000,0.000000
592,593,592,593,0.356946733,True,89.695500,-426.501800,-1.831098000,89.695500,-426.501800,-1.831098000,0.000000
593,594,593,594,0.385204177,True,89.313900,-427.934800,-1.831098000,89.313900,-427.934800,-1.831098000,0.000000
594,595,594,595,0.385766670,True,88.932200,-429.367800,-1.831098000,88.932200,-429.367800,-1.831098000,0.000000
595,596,595,596,0.403080153,True,88.550500,-430.800800,-1.831098000,88.550500,-430.800800,-1.831098000,0.000000
596,597,596,597,0.430816874,True,88.168800,-432.233800,-1.831098000,88.168800,-432.233800,-1.831098000,0.000000
597,598,597,598,0.438931499,True,87.787200,-433.666800,-1.831098000,87.787200,-433.666800,-1.831098000,0.000000
598,599,598,599,0.469084313,True,87.405500,-435.099800,-1.831098000,87.405500,-435.099800,-1.831098000,0.000000
599,600,599,600,0.469864150,True,87.023800,-436.532800,-1.831098000,87.023800,-436.532800,-1.831098000,0.000000
600,601,600,601,0.476774712,True,86.642200,-437.965800,-1.831098000,86.642200,-437.965800,-1.831098000,0.000000
601,602,601,602,0.498693018,True,86.260500,-439.398800,-1.831098000,86.260500,-439.398800,-1.831098000,0.000000
602,603,602,603,0.524301322,True,85.878800,-440.831800,-1.831098000,85.878800,-440.831800,-1.831098000,0.000000
603,604,603,604,0.522725925,True,85.497100,-442.264800,-1.831098000,85.497100,-442.264800,-1.831098000,0.000000
604,605,604,605,0.456505248,True,85.115500,-443.697800,-1.831098000,85.115500,-443.697800,-1.831098000,0.000000
605,606,605,606,0.440378567,True,84.733800,-445.130800,-1.831098000,84.733800,-445.130800,-1.831098000,0.000000
606,607,606,607,0.444199331,True,84.352100,-446.563800,-1.831098000,84.352100,-446.563800,-1.831098000,0.000000
607,608,607,608,0.438596977,True,83.970500,-447.996800,-1.831098000,83.970500,-447.996800,-1.831098000,0.000000
608,609,608,609,0.464439443,True,83.588800,-449.429800,-1.831098000,83.588800,-449.429800,-1.831098000,0.000000
609,610,609,610,0.430060442,True,83.207100,-450.862800,-1.831098000,83.207100,-450.862800,-1.831098000,0.000000
610,611,610,611,0.360663616,True,82.825400,-452.295800,-1.831098000,82.825400,-452.295800,-1.831098000,0.000000
611,612,611,612,0.296770211,True,82.443800,-453.728800,-1.831098000,82.443800,-453.728800,-1.831098000,0.000000
612,613,612,613,0.256469019,True,82.062100,-455.161800,-1.830367000,82.062100,-455.161800,-1.830367000,0.000000
613,614,613,614,0.238385643,True,81.680400,-456.594800,-1.825315000,81.680400,-456.594800,-1.825315000,0.000000
614,615,614,615,0.211575707,True,81.298800,-458.027800,-1.798331000,81.298800,-458.027800,-1.798331000,0.000000
615,616,615,616,0.228638747,True,80.917100,-459.460800,-1.723924000,80.917100,-459.460800,-1.723924000,0.000000
616,617,616,617,0.280600087,True,80.706100,-460.274600,-1.658288000,80.706100,-460.274600,-1.658288000,0.000000
617,618,617,618,0.318443104,True,80.495100,-461.088400,-1.588468000,80.495100,-461.088400,-1.588468000,0.000000
618,619,618,619,0.397506740,True,80.233000,-462.318900,-1.489468000,80.233000,-462.318900,-1.489468000,0.000000
619,620,619,620,0.391413211,True,80.123500,-463.353400,-1.428217000,80.123500,-463.353400,-1.428217000,0.000000
620,621,620,621,0.411979614,True,80.159700,-464.393100,-1.396011000,80.159700,-464.393100,-1.396011000,0.000000
621,622,621,622,0.390717189,True,80.334300,-465.639100,-1.383323000,80.334300,-465.639100,-1.383323000,0.000000
622,623,622,623,0.373841457,True,80.487400,-466.465700,-1.382207000,80.487400,-466.465700,-1.382207000,0.000000
623,624,623,624,0.362392894,True,80.640400,-467.292300,-1.381090000,80.640400,-467.292300,-1.381090000,0.000000
624,625,624,625,0.360950030,True,80.920900,-468.753000,-1.381090000,80.920900,-468.753000,-1.381090000,0.000000
625,626,625,626,0.359728290,True,81.201300,-470.213600,-1.381090000,81.201300,-470.213600,-1.381090000,0.000000
626,627,626,627,0.358821816,True,81.481800,-471.674300,-1.381090000,81.481800,-471.674300,-1.381090000,0.000000
627,628,627,628,0.323385538,True,81.762300,-473.135000,-1.381090000,81.762300,-473.135000,-1.381090000,0.000000
628,629,628,629,0.296714068,True,82.042700,-474.595600,-1.381090000,82.042700,-474.595600,-1.381090000,0.000000
629,630,629,630,0.247288298,True,82.323200,-476.056300,-1.381090000,82.323200,-476.056300,-1.381090000,0.000000
630,631,630,631,0.197247904,True,82.603700,-477.517000,-1.381090000,82.603700,-477.517000,-1.381090000,0.000000
631,632,631,632,0.189065795,True,82.884200,-478.977700,-1.381090000,82.884200,-478.977700,-1.381090000,0.000000
632,633,632,633,0.185553136,True,83.164600,-480.438300,-1.381090000,83.164600,-480.438300,-1.381090000,0.000000
633,634,633,634,0.187466426,True,83.445100,-481.899000,-1.381090000,83.445100,-481.899000,-1.381090000,0.000000
634,635,634,635,0.197020100,True,83.725600,-483.359700,-1.381090000,83.725600,-483.359700,-1.381090000,0.000000
635,636,635,636,0.193422736,True,84.006000,-484.820300,-1.381090000,84.006000,-484.820300,-1.381090000,0.000000
636,637,636,637,0.203240409,True,84.286500,-486.281000,-1.381090000,84.286500,-486.281000,-1.381090000,0.000000
637,638,637,638,0.219105277,True,84.567000,-487.741700,-1.381090000,84.567000,-487.741700,-1.381090000,0.000000
638,639,638,639,0.246518188,True,84.847400,-489.202300,-1.381090000,84.847400,-489.202300,-1.381090000,0.000000
639,640,639,640,0.246918448,True,85.127900,-490.663000,-1.381090000,85.127900,-490.663000,-1.381090000,0.000000
640,641,640,641,0.250793713,True,85.408400,-492.123700,-1.381090000,85.408400,-492.123700,-1.381090000,0.000000
641,642,641,642,0.285398022,True,85.688900,-493.584300,-1.381090000,85.688900,-493.584300,-1.381090000,0.000000
642,643,642,643,0.330907506,True,85.969300,-495.045000,-1.381090000,85.969300,-495.045000,-1.381090000,0.000000
643,644,643,644,0.346806097,True,86.249800,-496.505700,-1.381090000,86.249800,-496.505700,-1.381090000,0.000000
644,645,644,645,0.331409630,True,86.530300,-497.966300,-1.381090000,86.530300,-497.966300,-1.381090000,0.000000
645,646,645,646,0.385023379,True,86.810700,-499.427000,-1.381090000,86.810700,-499.427000,-1.381090000,0.000000
646,647,646,647,0.419284471,True,87.091200,-500.887700,-1.381090000,87.091200,-500.887700,-1.381090000,0.000000
647,648,647,648,0.467253158,True,87.371700,-502.348300,-1.375044000,87.371700,-502.348300,-1.375044000,0.000000
648,649,648,649,0.481845129,True,87.652100,-503.809000,-1.358319000,87.652100,-503.809000,-1.358319000,0.000000
649,650,649,650,0.474211291,True,87.932600,-505.269700,-1.341592000,87.932600,-505.269700,-1.341592000,0.000000
650,651,650,651,0.463055361,True,88.213100,-506.730300,-1.324871000,88.213100,-506.730300,-1.324871000,0.000000
651,652,651,652,0.436931517,True,88.571700,-508.158900,-1.324871000,88.571700,-508.158900,-1.324871000,0.000000
652,653,652,653,0.403089538,True,88.930300,-509.587500,-1.324871000,88.930300,-509.587500,-1.324871000,0.000000
653,654,653,654,0.403206229,True,89.288800,-511.016100,-1.324871000,89.288800,-511.016100,-1.324871000,0.000000
654,655,654,655,0.443236375,True,89.647400,-512.444700,-1.324871000,89.647400,-512.444700,-1.324871000,0.000000
655,656,655,656,0.470080511,True,90.006000,-513.873300,-1.324871000,90.006000,-513.873300,-1.324871000,0.000000
656,657,656,657,0.418036287,True,90.364600,-515.301900,-1.324871000,90.364600,-515.301900,-1.324871000,0.000000
657,658,657,658,0.385906261,True,90.723200,-516.730500,-1.324871000,90.723200,-516.730500,-1.324871000,0.000000
658,659,658,659,0.337198278,True,91.081800,-518.159100,-1.324871000,91.081800,-518.159100,-1.324871000,0.000000
659,660,659,660,0.294999200,True,91.440400,-519.587700,-1.324871000,91.440400,-519.587700,-1.324871000,0.000000
660,661,660,661,0.300878898,True,91.798900,-521.016200,-1.324871000,91.798900,-521.016200,-1.324871000,0.000000
661,662,661,662,0.309511913,True,92.157500,-522.444800,-1.324871000,92.157500,-522.444800,-1.324871000,0.000000
662,663,662,663,0.334730945,True,92.516100,-523.873400,-1.324871000,92.516100,-523.873400,-1.324871000,0.000000
663,664,663,664,0.351460064,True,92.874700,-525.302000,-1.324871000,92.874700,-525.302000,-1.324871000,0.000000
664,665,664,665,0.362301908,True,93.233300,-526.730600,-1.324871000,93.233300,-526.730600,-1.324871000,0.000000
665,666,665,666,0.372237603,True,93.591900,-528.159200,-1.324871000,93.591900,-528.159200,-1.324871000,0.000000
666,667,666,667,0.357061995,True,93.950500,-529.587800,-1.324871000,93.950500,-529.587800,-1.324871000,0.000000
667,668,667,668,0.345844196,True,94.309000,-531.016400,-1.324871000,94.309000,-531.016400,-1.324871000,0.000000
668,669,668,669,0.356311776,True,94.667600,-532.445000,-1.324871000,94.667600,-532.445000,-1.324871000,0.000000
669,670,669,670,0.382980762,True,95.026200,-533.873600,-1.324871000,95.026200,-533.873600,-1.324871000,0.000000
670,671,670,671,0.404431252,True,95.384800,-535.302200,-1.324871000,95.384800,-535.302200,-1.324871000,0.000000
671,672,671,672,0.410122939,True,95.743400,-536.730700,-1.324871000,95.743400,-536.730700,-1.324871000,0.000000
672,673,672,673,0.445639450,True,96.102000,-538.159300,-1.324871000,96.102000,-538.159300,-1.324871000,0.000000
673,674,673,674,0.462566360,True,96.460600,-539.587900,-1.324871000,96.460600,-539.587900,-1.324871000,0.000000
674,675,674,675,0.471399833,True,96.819100,-541.016500,-1.324871000,96.819100,-541.016500,-1.324871000,0.000000
675,676,675,676,0.446079624,True,97.177700,-542.445100,-1.324871000,97.177700,-542.445100,-1.324871000,0.000000
676,677,676,677,0.408545739,True,97.536300,-543.873700,-1.324871000,97.536300,-543.873700,-1.324871000,0.000000
677,678,677,678,0.376248519,True,97.894900,-545.302300,-1.324871000,97.894900,-545.302300,-1.324871000,0.000000
678,679,678,679,0.350198565,True,98.253500,-546.730900,-1.324871000,98.253500,-546.730900,-1.324871000,0.000000
679,680,679,680,0.353606322,True,98.612100,-548.159500,-1.324871000,98.612100,-548.159500,-1.324871000,0.000000
680,681,680,681,0.335582600,True,98.970700,-549.588100,-1.324871000,98.970700,-549.588100,-1.324871000,0.000000
681,682,681,682,0.307401093,True,99.329200,-551.016600,-1.324871000,99.329200,-551.016600,-1.324871000,0.000000
682,683,682,683,0.298887374,True,99.687800,-552.445200,-1.324871000,99.687800,-552.445200,-1.324871000,0.000000
683,684,683,684,0.315082469,True,100.046400,-553.873800,-1.324871000,100.046400,-553.873800,-1.324871000,0.000000
684,685,684,685,0.318031454,True,100.405000,-555.302400,-1.324871000,100.405000,-555.302400,-1.324871000,0.000000
685,686,685,686,0.396949634,True,100.763600,-556.731000,-1.324871000,100.763600,-556.731000,-1.324871000,0.000000
686,687,686,687,0.433266264,True,101.122200,-558.159600,-1.319370000,101.122200,-558.159600,-1.319370000,0.000000
687,688,687,688,0.459602274,True,101.480700,-559.588200,-1.305426000,101.480700,-559.588200,-1.305426000,0.000000
688,689,688,689,0.483031748,True,101.839300,-561.016800,-1.291481000,101.839300,-561.016800,-1.291481000,0.000000
689,690,689,690,0.487362848,True,102.197900,-562.445400,-1.277540000,102.197900,-562.445400,-1.277540000,0.000000
690,691,690,691,0.493182578,True,102.624100,-563.856800,-1.277540000,102.624100,-563.856800,-1.277540000,0.000000
691,692,691,692,0.474348274,True,103.050300,-565.268200,-1.277540000,103.050300,-565.268200,-1.277540000,0.000000
692,693,692,693,0.478629459,True,103.476500,-566.679600,-1.277540000,103.476500,-566.679600,-1.277540000,0.000000
693,694,693,694,0.497539652,True,103.902700,-568.091100,-1.277540000,103.902700,-568.091100,-1.277540000,0.000000
694,695,694,695,0.510865035,True,104.328900,-569.502500,-1.277540000,104.328900,-569.502500,-1.277540000,0.000000
695,696,695,696,0.535806755,True,104.755100,-570.913900,-1.277540000,104.755100,-570.913900,-1.277540000,0.000000
696,697,696,697,0.513982848,True,105.181300,-572.325300,-1.277540000,105.181300,-572.325300,-1.277540000,0.000000
697,698,697,698,0.504850877,True,105.607500,-573.736800,-1.277540000,105.607500,-573.736800,-1.277540000,0.000000
698,699,698,699,0.515343168,True,106.033700,-575.148200,-1.277540000,106.033700,-575.148200,-1.277540000,0.000000
699,700,699,700,0.506163465,True,106.459900,-576.559600,-1.277540000,106.459900,-576.559600,-1.277540000,0.000000
700,701,700,701,0.496505258,True,106.886100,-577.971000,-1.277540000,106.886100,-577.971000,-1.277540000,0.000000
701,702,701,702,0.490260440,True,107.312300,-579.382400,-1.277540000,107.312300,-579.382400,-1.277540000,0.000000
702,703,702,703,0.448585548,True,107.738500,-580.793900,-1.261192000,107.738500,-580.793900,-1.261192000,0.000000
703,704,703,704,0.410002716,True,108.164700,-582.205300,-1.219298000,108.164700,-582.205300,-1.219298000,0.000000
704,705,704,705,0.359693833,True,108.590900,-583.616700,-1.177360000,108.590900,-583.616700,-1.177360000,0.000000
705,706,705,706,0.325402744,True,109.017100,-585.028100,-1.135524000,109.017100,-585.028100,-1.135524000,0.000000
706,707,706,707,0.329730572,True,109.618800,-586.322100,-1.135524000,109.618800,-586.322100,-1.135524000,0.000000
707,708,707,708,0.300569261,True,110.220500,-587.616100,-1.135524000,110.220500,-587.616100,-1.135524000,0.000000
708,709,708,709,0.281457519,True,110.822200,-588.910000,-1.135524000,110.822200,-588.910000,-1.135524000,0.000000
709,710,709,710,0.293366490,True,111.423900,-590.204000,-1.135524000,111.423900,-590.204000,-1.135524000,0.000000
710,711,710,711,0.342227635,True,112.025700,-591.498000,-1.135524000,112.025700,-591.498000,-1.135524000,0.000000
711,712,711,712,0.359191038,True,112.627400,-592.791900,-1.135524000,112.627400,-592.791900,-1.135524000,0.000000
712,713,712,713,0.364593778,True,113.229100,-594.085900,-1.135524000,113.229100,-594.085900,-1.135524000,0.000000
713,714,713,714,0.354778080,True,113.830800,-595.379900,-1.135524000,113.830800,-595.379900,-1.135524000,0.000000
714,715,714,715,0.365533397,True,114.432500,-596.673800,-1.135524000,114.432500,-596.673800,-1.135524000,0.000000
715,716,715,716,0.371861753,True,115.034200,-597.967800,-1.135524000,115.034200,-597.967800,-1.135524000,0.000000
716,717,716,717,0.345714150,True,115.636000,-599.261700,-1.104461000,115.636000,-599.261700,-1.104461000,0.000000
717,718,717,718,0.315093691,True,116.237700,-600.555700,-1.042414000,116.237700,-600.555700,-1.042414000,0.000000
718,719,718,719,0.287146372,True,116.839400,-601.849700,-0.980248000,116.839400,-601.849700,-0.980248000,0.000000
719,720,719,720,0.281295388,True,117.441100,-603.143600,-0.918441000,117.441100,-603.143600,-0.918441000,0.000000
720,721,720,721,0.276298343,True,118.327700,-604.304300,-0.918441000,118.327700,-604.304300,-0.918441000,0.000000
721,722,721,722,0.250526910,True,119.214400,-605.464900,-0.918441000,119.214400,-605.464900,-0.918441000,0.000000
722,723,722,723,0.263095890,True,120.101000,-606.625500,-0.918441000,120.101000,-606.625500,-0.918441000,0.000000
723,724,723,724,0.246176166,True,120.987600,-607.786100,-0.918441000,120.987600,-607.786100,-0.918441000,0.000000
724,725,724,725,0.275834766,True,121.874300,-608.946800,-0.918441000,121.874300,-608.946800,-0.918441000,0.000000
725,726,725,726,0.256848713,True,122.760900,-610.107400,-0.918441000,122.760900,-610.107400,-0.918441000,0.000000
726,727,726,727,0.238310993,True,123.647500,-611.268000,-0.918441000,123.647500,-611.268000,-0.918441000,0.000000
727,728,727,728,0.237831803,True,124.534200,-612.428600,-0.918441000,124.534200,-612.428600,-0.918441000,0.000000
728,729,728,729,0.239800556,True,125.420800,-613.589200,-0.918441000,125.420800,-613.589200,-0.918441000,0.000000
729,730,729,730,0.243938031,True,126.307400,-614.749900,-0.885875000,126.307400,-614.749900,-0.885875000,0.000000
730,731,730,731,0.246845038,True,127.194100,-615.910500,-0.808232000,127.194100,-615.910500,-0.808232000,0.000000
731,732,731,732,0.249643631,True,128.080700,-617.071100,-0.730318000,128.080700,-617.071100,-0.730318000,0.000000
732,733,732,733,0.250995478,True,128.967300,-618.231700,-0.653071000,128.967300,-618.231700,-0.653071000,0.000000
733,734,733,734,0.294501189,True,130.071800,-619.076700,-0.653071000,130.071800,-619.076700,-0.653071000,0.000000
734,735,734,735,0.332320179,True,131.176300,-619.921700,-0.653071000,131.176300,-619.921700,-0.653071000,0.000000
735,736,735,736,0.373321106,True,132.280800,-620.766700,-0.653071000,132.280800,-620.766700,-0.653071000,0.000000
736,737,736,737,0.432755313,True,133.385300,-621.611700,-0.653071000,133.385300,-621.611700,-0.653071000,0.000000
737,738,737,738,0.427865452,True,134.489800,-622.456800,-0.587390000,134.489800,-622.456800,-0.587390000,0.000000
738,739,738,739,0.382794109,True,135.594300,-623.301800,-0.474678000,135.594300,-623.301800,-0.474678000,0.000000
739,740,739,740,0.359970853,True,136.698700,-624.146800,-0.361382000,136.698700,-624.146800,-0.361382000,0.000000
740,741,740,741,0.311065366,True,137.803200,-624.991800,-0.250355000,137.803200,-624.991800,-0.250355000,0.000000
741,742,741,742,0.273490461,True,139.242900,-625.359900,-0.250355000,139.242900,-625.359900,-0.250355000,0.000000
742,743,742,743,0.281417593,True,140.682600,-625.728100,-0.250355000,140.682600,-625.728100,-0.250355000,0.000000
743,744,743,744,0.304231541,True,142.122200,-626.096200,-0.250355000,142.122200,-626.096200,-0.250355000,0.000000
744,745,744,745,0.345353967,True,143.561900,-626.464400,-0.227471000,143.561900,-626.464400,-0.227471000,0.000000
745,746,745,746,0.381706783,True,145.001600,-626.832500,-0.164357000,145.001600,-626.832500,-0.164357000,0.000000
746,747,746,747,0.361229761,True,146.441200,-627.200700,-0.101083000,146.441200,-627.200700,-0.101083000,0.000000
747,748,747,748,0.324992558,True,147.880900,-627.568800,-0.038152000,147.880900,-627.568800,-0.038152000,0.000000
748,749,748,749,0.334401698,True,149.302900,-627.623100,-0.038152000,149.302900,-627.623100,-0.038152000,0.000000
749,750,749,750,0.358873002,True,150.725000,-627.677400,-0.038152000,150.725000,-627.677400,-0.038152000,0.000000
750,751,750,751,0.374902615,True,152.147000,-627.731700,-0.031159000,152.147000,-627.731700,-0.031159000,0.000000
751,752,751,752,0.411545110,True,153.569100,-627.785900,-0.017535000,153.569100,-627.785900,-0.017535000,0.000000
752,753,752,753,0.439136013,True,154.991200,-627.840200,-0.003910000,154.991200,-627.840200,-0.003910000,0.000000
753,754,753,754,0.404196723,True,156.413200,-627.894500,0.009711000,156.413200,-627.894500,0.009711000,0.000000
754,755,754,755,0.383368360,True,157.813100,-627.880900,0.009711000,157.813100,-627.880900,0.009711000,0.000000
755,756,755,756,0.362421518,True,159.213000,-627.867300,0.009711000,159.213000,-627.867300,0.009711000,0.000000
756,757,756,757,0.364528034,True,160.612800,-627.853700,0.009711000,160.612800,-627.853700,0.009711000,0.000000
757,758,757,758,0.395983319,True,162.012700,-627.840100,0.009711000,162.012700,-627.840100,0.009711000,0.000000
758,759,758,759,0.420339251,True,163.412600,-627.826500,0.009711000,163.412600,-627.826500,0.009711000,0.000000
759,760,759,760,0.417629233,True,164.812500,-627.812900,0.026705000,164.812500,-627.812900,0.026705000,0.000000
760,761,760,761,0.436988626,True,166.212300,-627.799300,0.056482000,166.212300,-627.799300,0.056482000,0.000000
761,762,761,762,0.437507589,True,167.612200,-627.785700,0.086270000,167.612200,-627.785700,0.086270000,0.000000
762,763,762,763,0.451174630,True,169.012100,-627.772100,0.116017000,169.012100,-627.772100,0.116017000,0.000000
763,764,763,764,0.383629031,True,170.375900,-627.613200,0.116017000,170.375900,-627.613200,0.116017000,0.000000
764,765,764,765,0.361577716,True,171.739700,-627.454300,0.116017000,171.739700,-627.454300,0.116017000,0.000000
765,766,765,766,0.306602040,True,173.103500,-627.295300,0.116017000,173.103500,-627.295300,0.116017000,0.000000
766,767,766,767,0.328199652,True,174.467300,-627.136400,0.127794000,174.467300,-627.136400,0.127794000,0.000000
767,768,767,768,0.348884348,True,175.831000,-626.977500,0.146159000,175.831000,-626.977500,0.146159000,0.000000
768,769,768,769,0.417397724,True,177.194800,-626.818500,0.164527000,177.194800,-626.818500,0.164527000,0.000000
769,770,769,770,0.381086319,True,178.558600,-626.659600,0.182885000,178.558600,-626.659600,0.182885000,0.000000
770,771,770,771,0.346903991,True,179.976400,-626.397400,0.182885000,179.976400,-626.397400,0.182885000,0.000000
771,772,771,772,0.335579043,True,181.394100,-626.135200,0.182885000,181.394100,-626.135200,0.182885000,0.000000
772,773,772,773,0.350250473,True,182.811800,-625.873000,0.182885000,182.811800,-625.873000,0.182885000,0.000000
773,774,773,774,0.354938423,True,184.229600,-625.610700,0.182885000,184.229600,-625.610700,0.182885000,0.000000
774,775,774,775,0.363324002,True,185.647300,-625.348500,0.182885000,185.647300,-625.348500,0.182885000,0.000000
775,776,775,776,0.382602473,True,187.065000,-625.086300,0.182885000,187.065000,-625.086300,0.182885000,0.000000
776,777,776,777,0.401294924,True,188.482700,-624.824100,0.182885000,188.482700,-624.824100,0.182885000,0.000000
777,778,777,778,0.408233997,True,189.900500,-624.561900,0.182885000,189.900500,-624.561900,0.182885000,0.000000
778,779,778,779,0.418582168,True,191.318200,-624.299700,0.215945000,191.318200,-624.299700,0.215945000,0.000000
779,780,779,780,0.404993433,True,192.735900,-624.037500,0.287168000,192.735900,-624.037500,0.287168000,0.000000
780,781,780,781,0.366697120,True,194.153700,-623.775300,0.358585000,194.153700,-623.775300,0.358585000,0.000000
781,782,781,782,0.317441010,True,195.571400,-623.513100,0.429472000,195.571400,-623.513100,0.429472000,0.000000
782,783,782,783,0.306489458,True,196.821500,-622.940500,0.429472000,196.821500,-622.940500,0.429472000,0.000000
783,784,783,784,0.289783905,True,198.071600,-622.368000,0.429472000,198.071600,-622.368000,0.429472000,0.000000
784,785,784,785,0.276072017,True,199.321700,-621.795500,0.429472000,199.321700,-621.795500,0.429472000,0.000000
785,786,785,786,0.270504273,True,200.571800,-621.223000,0.429472000,200.571800,-621.223000,0.429472000,0.000000
786,787,786,787,0.300562806,True,201.821900,-620.650400,0.429472000,201.821900,-620.650400,0.429472000,0.000000
787,788,787,788,0.323298921,True,203.072000,-620.077900,0.429472000,203.072000,-620.077900,0.429472000,0.000000
788,789,788,789,0.356673246,True,204.322100,-619.505400,0.429472000,204.322100,-619.505400,0.429472000,0.000000
789,790,789,790,0.331823279,True,205.572200,-618.932900,0.461880000,205.572200,-618.932900,0.461880000,0.000000
790,791,790,791,0.339657143,True,206.822300,-618.360300,0.513033000,206.822300,-618.360300,0.513033000,0.000000
791,792,791,792,0.354751577,True,208.072400,-617.787800,0.564235000,208.072400,-617.787800,0.564235000,0.000000
792,793,792,793,0.432361873,True,209.322500,-617.215300,0.615218000,209.322500,-617.215300,0.615218000,0.000000
793,794,793,794,0.437007408,True,210.486500,-616.392700,0.615218000,210.486500,-616.392700,0.615218000,0.000000
794,795,794,795,0.453203524,True,211.650500,-615.570100,0.615218000,211.650500,-615.570100,0.615218000,0.000000
795,796,795,796,0.468176101,True,212.814400,-614.747500,0.615218000,212.814400,-614.747500,0.615218000,0.000000
796,797,796,797,0.515132933,True,213.978400,-613.924900,0.615218000,213.978400,-613.924900,0.615218000,0.000000
797,798,797,798,0.569902452,True,215.142400,-613.102300,0.615218000,215.142400,-613.102300,0.615218000,0.000000
798,799,798,799,0.574109098,True,216.306300,-612.279700,0.615218000,216.306300,-612.279700,0.615218000,0.000000
799,800,799,800,0.579731594,True,217.470300,-611.457100,0.615218000,217.470300,-611.457100,0.615218000,0.000000
800,801,800,801,0.505952153,True,218.634300,-610.634600,0.615218000,218.634300,-610.634600,0.615218000,0.000000
801,802,801,802,0.524463689,True,219.798200,-609.812000,0.634304000,219.798200,-609.812000,0.634304000,0.000000
802,803,802,803,0.482631167,True,220.962200,-608.989400,0.671960000,220.962200,-608.989400,0.671960000,0.000000
803,804,803,804,0.439160358,True,222.126200,-608.166800,0.709642000,222.126200,-608.166800,0.709642000,0.000000
804,805,804,805,0.399412627,True,223.290200,-607.344200,0.747244000,223.290200,-607.344200,0.747244000,0.000000
805,806,805,806,0.327360578,True,224.385500,-606.329400,0.747244000,224.385500,-606.329400,0.747244000,0.000000
806,807,806,807,0.315935820,True,225.480800,-605.314600,0.743281000,225.480800,-605.314600,0.743281000,0.000000
807,808,807,808,0.326198564,True,226.576100,-604.299900,0.717865000,226.576100,-604.299900,0.717865000,0.000000
808,809,808,809,0.359125760,True,227.671400,-603.285100,0.626114000,227.671400,-603.285100,0.626114000,0.000000
809,810,809,810,0.434509505,True,228.766800,-602.270300,0.409468000,228.766800,-602.270300,0.409468000,0.000000
810,811,810,811,0.525509421,True,229.904800,-601.293800,0.110979000,229.904800,-601.293800,0.110979000,0.000000
811,812,811,812,0.570684932,True,230.902100,-600.651600,-0.112582000,230.902100,-600.651600,-0.112582000,0.000000
812,813,812,813,0.598592243,True,231.855900,-600.326500,-0.256714000,231.855900,-600.326500,-0.256714000,0.000000
813,814,813,814,0.619598773,True,232.863200,-600.301100,-0.340563000,232.863200,-600.301100,-0.340563000,0.000000
814,815,814,815,0.608563904,True,234.021200,-600.558000,-0.382062000,234.021200,-600.558000,-0.382062000,0.000000
815,816,815,816,0.543651044,True,235.427100,-601.079800,-0.393477000,235.427100,-601.079800,-0.393477000,0.000000
816,817,816,817,0.522185155,True,236.773400,-601.638700,-0.393477000,236.773400,-601.638700,-0.393477000,0.000000
817,818,817,818,0.509211536,True,238.119800,-602.197600,-0.393477000,238.119800,-602.197600,-0.393477000,0.000000
818,819,818,819,0.473379056,True,239.466100,-602.756500,-0.393477000,239.466100,-602.756500,-0.393477000,0.000000
819,820,819,820,0.459655693,True,240.812400,-603.315400,-0.393477000,240.812400,-603.315400,-0.393477000,0.000000
820,821,820,821,0.434114804,True,242.158700,-603.874200,-0.393477000,242.158700,-603.874200,-0.393477000,0.000000
821,822,821,822,0.388135243,True,243.505000,-604.433100,-0.393477000,243.505000,-604.433100,-0.393477000,0.000000
822,823,822,823,0.329308374,True,244.851300,-604.992000,-0.393477000,244.851300,-604.992000,-0.393477000,0.000000
823,824,823,824,0.296293538,True,246.197600,-605.550900,-0.393477000,246.197600,-605.550900,-0.393477000,0.000000
824,825,824,825,0.290217211,True,247.543900,-606.109800,-0.393477000,247.543900,-606.109800,-0.393477000,0.000000
825,826,825,826,0.288530908,True,248.890200,-606.668700,-0.393477000,248.890200,-606.668700,-0.393477000,0.000000
826,827,826,827,0.263773241,True,250.236500,-607.227600,-0.393477000,250.236500,-607.227600,-0.393477000,0.000000
827,828,827,828,0.256661351,True,251.582800,-607.786400,-0.393477000,251.582800,-607.786400,-0.393477000,0.000000
828,829,828,829,0.267953694,True,252.929100,-608.345300,-0.393477000,252.929100,-608.345300,-0.393477000,0.000000
829,830,829,830,0.276982638,True,254.275400,-608.904200,-0.393477000,254.275400,-608.904200,-0.393477000,0.000000
830,831,830,831,0.275933104,True,255.621700,-609.463100,-0.393477000,255.621700,-609.463100,-0.393477000,0.000000
831,832,831,832,0.284241394,True,256.968000,-610.022000,-0.393477000,256.968000,-610.022000,-0.393477000,0.000000
832,833,832,833,0.286195131,True,258.314300,-610.580900,-0.393477000,258.314300,-610.580900,-0.393477000,0.000000
833,834,833,834,0.267440762,True,259.660600,-611.139800,-0.393477000,259.660600,-611.139800,-0.393477000,0.000000
834,835,834,835,0.251208260,True,261.007000,-611.698600,-0.393185000,261.007000,-611.698600,-0.393185000,0.000000
835,836,835,836,0.246172783,True,262.353300,-612.257500,-0.392506000,262.353300,-612.257500,-0.392506000,0.000000
836,837,836,837,0.253386610,True,263.699600,-612.816400,-0.391827000,263.699600,-612.816400,-0.391827000,0.000000
837,838,837,838,0.262877798,True,265.045900,-613.375300,-0.391148000,265.045900,-613.375300,-0.391148000,0.000000
838,839,838,839,0.289896004,True,266.388400,-613.929000,-0.391148000,266.388400,-613.929000,-0.391148000,0.000000
839,840,839,840,0.278793018,True,267.731000,-614.482600,-0.391148000,267.731000,-614.482600,-0.391148000,0.000000
840,841,840,841,0.284677077,True,269.073600,-615.036300,-0.391148000,269.073600,-615.036300,-0.391148000,0.000000
841,842,841,842,0.269537387,True,270.416100,-615.590000,-0.391148000,270.416100,-615.590000,-0.391148000,0.000000
842,843,842,843,0.264708495,True,271.758700,-616.143700,-0.391148000,271.758700,-616.143700,-0.391148000,0.000000
843,844,843,844,0.257063352,True,273.101300,-616.697300,-0.391148000,273.101300,-616.697300,-0.391148000,0.000000
844,845,844,845,0.262930568,True,274.443800,-617.251000,-0.391148000,274.443800,-617.251000,-0.391148000,0.000000
845,846,845,846,0.277725112,True,275.786400,-617.804700,-0.391148000,275.786400,-617.804700,-0.391148000,0.000000
846,847,846,847,0.287912895,True,277.129000,-618.358400,-0.391148000,277.129000,-618.358400,-0.391148000,0.000000
847,848,847,848,0.316001001,True,278.471500,-618.912000,-0.391148000,278.471500,-618.912000,-0.391148000,0.000000
848,849,848,849,0.302037532,True,279.814100,-619.465700,-0.391148000,279.814100,-619.465700,-0.391148000,0.000000
849,850,849,850,0.276919804,True,281.156700,-620.019400,-0.391148000,281.156700,-620.019400,-0.391148000,0.000000
850,851,850,851,0.286016252,True,282.499300,-620.573000,-0.391148000,282.499300,-620.573000,-0.391148000,0.000000
851,852,851,852,0.283473656,True,283.841800,-621.126700,-0.391148000,283.841800,-621.126700,-0.391148000,0.000000
852,853,852,853,0.292071506,True,285.184400,-621.680400,-0.391148000,285.184400,-621.680400,-0.391148000,0.000000
853,854,853,854,0.316443698,True,286.527000,-622.234100,-0.391148000,286.527000,-622.234100,-0.391148000,0.000000
854,855,854,855,0.335185205,True,287.869500,-622.787700,-0.391148000,287.869500,-622.787700,-0.391148000,0.000000
855,856,855,856,0.375734996,True,289.212100,-623.341400,-0.391148000,289.212100,-623.341400,-0.391148000,0.000000
856,857,856,857,0.385160258,True,290.554700,-623.895100,-0.391148000,290.554700,-623.895100,-0.391148000,0.000000
857,858,857,858,0.371141775,True,291.897200,-624.448700,-0.391148000,291.897200,-624.448700,-0.391148000,0.000000
858,859,858,859,0.377383703,True,293.239800,-625.002400,-0.391148000,293.239800,-625.002400,-0.391148000,0.000000
859,860,859,860,0.394173789,True,294.582400,-625.556100,-0.391148000,294.582400,-625.556100,-0.391148000,0.000000
860,861,860,861,0.394231193,True,295.924900,-626.109800,-0.391148000,295.924900,-626.109800,-0.391148000,0.000000
861,862,861,862,0.418362290,True,297.267500,-626.663400,-0.391148000,297.267500,-626.663400,-0.391148000,0.000000
862,863,862,863,0.451000823,True,298.610100,-627.217100,-0.391148000,298.610100,-627.217100,-0.391148000,0.000000
863,864,863,864,0.493080042,True,299.952600,-627.770800,-0.391148000,299.952600,-627.770800,-0.391148000,0.000000
864,865,864,865,0.502285182,True,301.295200,-628.324400,-0.406057000,301.295200,-628.324400,-0.406057000,0.000000
865,866,865,866,0.532306812,True,302.637800,-628.878100,-0.439778000,302.637800,-628.878100,-0.439778000,0.000000
866,867,866,867,0.552173446,True,303.980300,-629.431800,-0.473521000,303.980300,-629.431800,-0.473521000,0.000000
867,868,867,868,0.531342595,True,305.322900,-629.985500,-0.507208000,305.322900,-629.985500,-0.507208000,0.000000
868,869,868,869,0.547217542,True,306.626700,-630.710000,-0.507208000,306.626700,-630.710000,-0.507208000,0.000000
869,870,869,870,0.516842312,True,307.930400,-631.434500,-0.507208000,307.930400,-631.434500,-0.507208000,0.000000
870,871,870,871,0.502175822,True,309.234200,-632.158900,-0.507208000,309.234200,-632.158900,-0.507208000,0.000000
871,872,871,872,0.533099298,True,310.537900,-632.883400,-0.507208000,310.537900,-632.883400,-0.507208000,0.000000
872,873,872,873,0.582533918,True,311.841700,-633.607900,-0.507208000,311.841700,-633.607900,-0.507208000,0.000000
873,874,873,874,0.557666145,True,313.145400,-634.332400,-0.507208000,313.145400,-634.332400,-0.507208000,0.000000
874,875,874,875,0.474925020,True,314.449200,-635.056900,-0.507208000,314.449200,-635.056900,-0.507208000,0.000000
875,876,875,876,0.394211874,True,315.753000,-635.781400,-0.507208000,315.753000,-635.781400,-0.507208000,0.000000
876,877,876,877,0.350051611,True,317.056700,-636.505900,-0.507208000,317.056700,-636.505900,-0.507208000,0.000000
877,878,877,878,0.320701381,True,318.360500,-637.230400,-0.507208000,318.360500,-637.230400,-0.507208000,0.000000
878,879,878,879,0.325155614,True,319.664200,-637.954900,-0.507208000,319.664200,-637.954900,-0.507208000,0.000000
879,880,879,880,0.336030861,True,320.968000,-638.679400,-0.507208000,320.968000,-638.679400,-0.507208000,0.000000
880,881,880,881,0.344016059,True,322.271700,-639.403900,-0.507208000,322.271700,-639.403900,-0.507208000,0.000000
881,882,881,882,0.338139890,True,323.575500,-640.128400,-0.507208000,323.575500,-640.128400,-0.507208000,0.000000
882,883,882,883,0.340211125,True,324.879300,-640.852900,-0.507208000,324.879300,-640.852900,-0.507208000,0.000000
883,884,883,884,0.338969467,True,326.183000,-641.577400,-0.507208000,326.183000,-641.577400,-0.507208000,0.000000
884,885,884,885,0.315022880,True,327.486800,-642.301900,-0.507208000,327.486800,-642.301900,-0.507208000,0.000000
885,886,885,886,0.305078200,True,328.790500,-643.026400,-0.507208000,328.790500,-643.026400,-0.507208000,0.000000
886,887,886,887,0.301538981,True,330.094300,-643.750900,-0.507208000,330.094300,-643.750900,-0.507208000,0.000000
887,888,887,888,0.278495762,True,331.398000,-644.475400,-0.507208000,331.398000,-644.475400,-0.507208000,0.000000
888,889,888,889,0.283616200,True,332.701800,-645.199900,-0.507208000,332.701800,-645.199900,-0.507208000,0.000000
889,890,889,890,0.269372656,True,334.005500,-645.924400,-0.507208000,334.005500,-645.924400,-0.507208000,0.000000
890,891,890,891,0.258711650,True,335.309300,-646.648800,-0.507208000,335.309300,-646.648800,-0.507208000,0.000000
891,892,891,892,0.267841516,True,336.613100,-647.373300,-0.507208000,336.613100,-647.373300,-0.507208000,0.000000
892,893,892,893,0.271682625,True,337.916800,-648.097800,-0.507208000,337.916800,-648.097800,-0.507208000,0.000000
893,894,893,894,0.282539194,True,339.220600,-648.822300,-0.507208000,339.220600,-648.822300,-0.507208000,0.000000
894,895,894,895,0.276174333,True,340.524300,-649.546800,-0.507208000,340.524300,-649.546800,-0.507208000,0.000000
895,896,895,896,0.282584091,True,341.828100,-650.271300,-0.507208000,341.828100,-650.271300,-0.507208000,0.000000
896,897,896,897,0.298426084,True,343.131800,-650.995800,-0.507208000,343.131800,-650.995800,-0.507208000,0.000000
897,898,897,898,0.309444942,True,344.435600,-651.720300,-0.507208000,344.435600,-651.720300,-0.507208000,0.000000
898,899,898,899,0.309678076,True,345.739400,-652.444800,-0.507208000,345.739400,-652.444800,-0.507208000,0.000000
899,900,899,900,0.316879868,True,347.043100,-653.169300,-0.507208000,347.043100,-653.169300,-0.507208000,0.000000
900,901,900,901,0.345810233,True,348.346900,-653.893800,-0.507208000,348.346900,-653.893800,-0.507208000,0.000000
901,902,901,902,0.369255433,True,349.650600,-654.618300,-0.507208000,349.650600,-654.618300,-0.507208000,0.000000
902,903,902,903,0.379057980,True,350.954400,-655.342800,-0.507208000,350.954400,-655.342800,-0.507208000,0.000000
903,904,903,904,0.362059674,True,352.258100,-656.067300,-0.502997000,352.258100,-656.067300,-0.502997000,0.000000
904,905,904,905,0.351689284,True,353.561900,-656.791800,-0.491042000,353.561900,-656.791800,-0.491042000,0.000000
905,906,905,906,0.339498774,True,354.865600,-657.516300,-0.479086000,354.865600,-657.516300,-0.479086000,0.000000
906,907,906,907,0.313310660,True,356.169400,-658.240800,-0.467132000,356.169400,-658.240800,-0.467132000,0.000000
907,908,907,908,0.281736859,True,357.489500,-658.906600,-0.467132000,357.489500,-658.906600,-0.467132000,0.000000
908,909,908,909,0.243117146,True,358.809700,-659.572400,-0.467132000,358.809700,-659.572400,-0.467132000,0.000000
909,910,909,910,0.209721867,True,360.129800,-660.238300,-0.467132000,360.129800,-660.238300,-0.467132000,0.000000
910,911,910,911,0.204509300,True,361.450000,-660.904100,-0.467132000,361.450000,-660.904100,-0.467132000,0.000000
911,912,911,912,0.229553302,True,362.770100,-661.569900,-0.467132000,362.770100,-661.569900,-0.467132000,0.000000
912,913,912,913,0.243772224,True,364.090300,-662.235800,-0.467132000,364.090300,-662.235800,-0.467132000,0.000000
913,914,913,914,0.226500933,True,365.410400,-662.901600,-0.467132000,365.410400,-662.901600,-0.467132000,0.000000
914,915,914,915,0.206606458,True,366.730600,-663.567400,-0.467132000,366.730600,-663.567400,-0.467132000,0.000000
915,916,915,916,0.194134518,True,368.050700,-664.233300,-0.467132000,368.050700,-664.233300,-0.467132000,0.000000
916,917,916,917,0.198907050,True,369.370900,-664.899100,-0.467132000,369.370900,-664.899100,-0.467132000,0.000000
917,918,917,918,0.219271401,True,370.691000,-665.564900,-0.467132000,370.691000,-665.564900,-0.467132000,0.000000
918,919,918,919,0.218374400,True,372.011200,-666.230800,-0.467132000,372.011200,-666.230800,-0.467132000,0.000000
919,920,919,920,0.213476406,True,373.331300,-666.896600,-0.467132000,373.331300,-666.896600,-0.467132000,0.000000
920,921,920,921,0.210137738,True,374.651500,-667.562400,-0.467132000,374.651500,-667.562400,-0.467132000,0.000000
921,922,921,922,0.214124552,True,375.971600,-668.228300,-0.467132000,375.971600,-668.228300,-0.467132000,0.000000
922,923,922,923,0.212798980,True,377.291700,-668.894100,-0.467132000,377.291700,-668.894100,-0.467132000,0.000000
923,924,923,924,0.233836098,True,378.611900,-669.559900,-0.467132000,378.611900,-669.559900,-0.467132000,0.000000
924,925,924,925,0.213443672,True,379.932000,-670.225800,-0.467132000,379.932000,-670.225800,-0.467132000,0.000000
925,926,925,926,0.190957338,True,381.252200,-670.891600,-0.467132000,381.252200,-670.891600,-0.467132000,0.000000
926,927,926,927,0.185992353,True,382.572300,-671.557400,-0.467132000,382.572300,-671.557400,-0.467132000,0.000000
927,928,927,928,0.186989181,True,383.892500,-672.223300,-0.467132000,383.892500,-672.223300,-0.467132000,0.000000
928,929,928,929,0.187832209,True,385.212600,-672.889100,-0.467132000,385.212600,-672.889100,-0.467132000,0.000000
929,930,929,930,0.186195100,True,386.532800,-673.554900,-0.467132000,386.532800,-673.554900,-0.467132000,0.000000
930,931,930,931,0.193037999,True,387.852900,-674.220800,-0.467132000,387.852900,-674.220800,-0.467132000,0.000000
931,932,931,932,0.203244541,True,389.173100,-674.886600,-0.467132000,389.173100,-674.886600,-0.467132000,0.000000
932,933,932,933,0.181498723,True,390.493200,-675.552400,-0.467132000,390.493200,-675.552400,-0.467132000,0.000000
933,934,933,934,0.169952597,True,391.813400,-676.218300,-0.467132000,391.813400,-676.218300,-0.467132000,0.000000
934,935,934,935,0.171844620,True,393.133500,-676.884100,-0.467132000,393.133500,-676.884100,-0.467132000,0.000000
935,936,935,936,0.179132817,True,394.453700,-677.549900,-0.467132000,394.453700,-677.549900,-0.467132000,0.000000
936,937,936,937,0.186738786,True,395.773800,-678.215800,-0.467132000,395.773800,-678.215800,-0.467132000,0.000000
937,938,937,938,0.195709211,True,397.093900,-678.881600,-0.467132000,397.093900,-678.881600,-0.467132000,0.000000
938,939,938,939,0.202658527,True,398.414100,-679.547400,-0.467132000,398.414100,-679.547400,-0.467132000,0.000000
939,940,939,940,0.199186316,True,399.734200,-680.213300,-0.467132000,399.734200,-680.213300,-0.467132000,0.000000
940,941,940,941,0.182996727,True,401.054400,-680.879100,-0.467132000,401.054400,-680.879100,-0.467132000,0.000000
941,942,941,942,0.184656758,True,402.374500,-681.544900,-0.467132000,402.374500,-681.544900,-0.467132000,0.000000
942,943,942,943,0.183281177,True,403.694700,-682.210800,-0.467132000,403.694700,-682.210800,-0.467132000,0.000000
943,944,943,944,0.195490055,True,405.014800,-682.876600,-0.467132000,405.014800,-682.876600,-0.467132000,0.000000
944,945,944,945,0.193307113,True,406.335000,-683.542400,-0.467132000,406.335000,-683.542400,-0.467132000,0.000000
945,946,945,946,0.179105912,True,407.655100,-684.208300,-0.467132000,407.655100,-684.208300,-0.467132000,0.000000
946,947,946,947,0.181820879,True,408.975300,-684.874100,-0.467132000,408.975300,-684.874100,-0.467132000,0.000000
947,948,947,948,0.195402470,True,410.295400,-685.539900,-0.467132000,410.295400,-685.539900,-0.467132000,0.000000
948,949,948,949,0.216121585,True,411.615600,-686.205800,-0.467132000,411.615600,-686.205800,-0.467132000,0.000000
949,950,949,950,0.256294902,True,412.935700,-686.871600,-0.467132000,412.935700,-686.871600,-0.467132000,0.000000
950,951,950,951,0.276209208,True,414.255900,-687.537400,-0.467132000,414.255900,-687.537400,-0.467132000,0.000000
951,952,951,952,0.285006160,True,415.576000,-688.203300,-0.467132000,415.576000,-688.203300,-0.467132000,0.000000
952,953,952,953,0.294019429,True,416.896100,-688.869100,-0.467132000,416.896100,-688.869100,-0.467132000,0.000000
953,954,953,954,0.319856833,True,418.216300,-689.534900,-0.467132000,418.216300,-689.534900,-0.467132000,0.000000
954,955,954,955,0.323030965,True,419.536400,-690.200800,-0.467132000,419.536400,-690.200800,-0.467132000,0.000000
955,956,955,956,0.343997018,True,420.856600,-690.866600,-0.467132000,420.856600,-690.866600,-0.467132000,0.000000
956,957,956,957,0.367012358,True,422.176700,-691.532500,-0.467132000,422.176700,-691.532500,-0.467132000,0.000000
957,958,957,958,0.391029819,True,423.496900,-692.198300,-0.467132000,423.496900,-692.198300,-0.467132000,0.000000
958,959,958,959,0.421343626,True,424.817000,-692.864100,-0.467132000,424.817000,-692.864100,-0.467132000,0.000000
959,960,959,960,0.467401374,True,426.137200,-693.530000,-0.467132000,426.137200,-693.530000,-0.467132000,0.000000
960,961,960,961,0.455731168,True,427.457300,-694.195800,-0.467132000,427.457300,-694.195800,-0.467132000,0.000000
961,962,961,962,0.480213449,True,428.777500,-694.861600,-0.467132000,428.777500,-694.861600,-0.467132000,0.000000
962,963,962,963,0.526431892,True,430.097600,-695.527500,-0.467132000,430.097600,-695.527500,-0.467132000,0.000000
963,964,963,964,0.557508166,True,431.417800,-696.193300,-0.467132000,431.417800,-696.193300,-0.467132000,0.000000
964,965,964,965,0.591698374,True,432.737900,-696.859100,-0.467132000,432.737900,-696.859100,-0.467132000,0.000000
965,966,965,966,0.593477137,True,434.058100,-697.525000,-0.467132000,434.058100,-697.525000,-0.467132000,0.000000
966,967,966,967,0.587470418,True,435.378200,-698.190800,-0.467132000,435.378200,-698.190800,-0.467132000,0.000000
967,968,967,968,0.628662391,True,436.698300,-698.856600,-0.467132000,436.698300,-698.856600,-0.467132000,0.000000
968,969,968,969,0.663417880,True,438.018500,-699.522500,-0.467132000,438.018500,-699.522500,-0.467132000,0.000000
969,970,969,970,0.690069316,True,439.338600,-700.188300,-0.450678000,439.338600,-700.188300,-0.450678000,0.000000
970,971,970,971,0.739410929,True,440.658800,-700.854100,-0.407444000,440.658800,-700.854100,-0.407444000,0.000000
971,972,971,972,0.742534412,True,441.978900,-701.520000,-0.364160000,441.978900,-701.520000,-0.364160000,0.000000
972,973,972,973,0.683554130,True,443.299100,-702.185800,-0.320988000,443.299100,-702.185800,-0.320988000,0.000000
973,974,973,974,0.616893514,True,444.668700,-702.641200,-0.320988000,444.668700,-702.641200,-0.320988000,0.000000
974,975,974,975,0.562099683,True,446.038300,-703.096500,-0.320988000,446.038300,-703.096500,-0.320988000,0.000000
975,976,975,976,0.552448002,True,447.407900,-703.551900,-0.320988000,447.407900,-703.551900,-0.320988000,0.000000
976,977,976,977,0.531951112,True,448.777500,-704.007300,-0.320988000,448.777500,-704.007300,-0.320988000,0.000000
977,978,977,978,0.579957815,True,450.147100,-704.462700,-0.320988000,450.147100,-704.462700,-0.320988000,0.000000
978,979,978,979,0.553898415,True,451.516800,-704.918100,-0.320988000,451.516800,-704.918100,-0.320988000,0.000000
979,980,979,980,0.515544298,True,452.886400,-705.373400,-0.320988000,452.886400,-705.373400,-0.320988000,0.000000
980,981,980,981,0.493936915,True,454.256000,-705.828800,-0.320988000,454.256000,-705.828800,-0.320988000,0.000000
981,982,981,982,0.474405898,True,455.625600,-706.284200,-0.320988000,455.625600,-706.284200,-0.320988000,0.000000
982,983,982,983,0.458890938,True,456.995200,-706.739600,-0.320988000,456.995200,-706.739600,-0.320988000,0.000000
983,984,983,984,0.500365648,True,458.364800,-707.194900,-0.320988000,458.364800,-707.194900,-0.320988000,0.000000
984,985,984,985,0.522098238,True,459.734400,-707.650300,-0.320988000,459.734400,-707.650300,-0.320988000,0.000000
985,986,985,986,0.546290255,True,461.104100,-708.105700,-0.320988000,461.104100,-708.105700,-0.320988000,0.000000
986,987,986,987,0.722307863,True,462.473700,-708.561100,-0.320988000,462.473700,-708.561100,-0.320988000,0.000000
987,988,987,988,0.785856826,True,463.843300,-709.016500,-0.320988000,463.843300,-709.016500,-0.320988000,0.000000
988,989,988,989,0.720171108,True,465.212900,-709.471800,-0.320988000,465.212900,-709.471800,-0.320988000,0.000000
989,990,989,990,0.681065500,True,466.582500,-709.927200,-0.320988000,466.582500,-709.927200,-0.320988000,0.000000
990,991,990,991,0.681577440,True,467.952100,-710.382600,-0.320988000,467.952100,-710.382600,-0.320988000,0.000000
991,992,991,992,0.700388784,True,469.321700,-710.838000,-0.320988000,469.321700,-710.838000,-0.320988000,0.000000
992,993,992,993,0.731716661,True,470.691300,-711.293400,-0.266455000,470.691300,-711.293400,-0.266455000,0.000000
993,994,993,994,0.736673901,True,472.061000,-711.748700,-0.146243000,472.061000,-711.748700,-0.146243000,0.000000
994,995,994,995,0.636482581,True,473.430600,-712.204100,-0.025088000,473.430600,-712.204100,-0.025088000,0.000000
995,996,995,996,0.569104825,True,474.800200,-712.659500,0.093525000,474.800200,-712.659500,0.093525000,0.000000
996,997,996,997,0.558558826,True,476.159000,-712.532000,0.093525000,476.159000,-712.532000,0.093525000,0.000000
997,998,997,998,0.551015750,True,477.517800,-712.404600,0.093525000,477.517800,-712.404600,0.093525000,0.000000
998,999,998,999,0.575008072,True,478.876600,-712.277100,0.093525000,478.876600,-712.277100,0.093525000,0.000000
999,1000,999,1000,0.598138770,True,480.235400,-712.149700,0.093525000,480.235400,-712.149700,0.093525000,0.000000
1000,1001,1000,1001,0.713252279,True,481.594200,-712.022200,0.093525000,481.594200,-712.022200,0.093525000,0.000000
1001,1002,1001,1002,0.656691853,True,482.953000,-711.894800,0.093525000,482.953000,-711.894800,0.093525000,0.000000
1002,1003,1002,1003,0.593611402,True,484.311800,-711.767300,0.093525000,484.311800,-711.767300,0.093525000,0.000000
1003,1004,1003,1004,0.513154146,True,485.670600,-711.639900,0.126642000,485.670600,-711.639900,0.126642000,0.000000
1004,1005,1004,1005,0.433727922,True,487.029400,-711.512400,0.176763000,487.029400,-711.512400,0.176763000,0.000000
1005,1006,1005,1006,0.382530862,True,488.388200,-711.385000,0.226927000,488.388200,-711.385000,0.226927000,0.000000
1006,1007,1006,1007,0.414370569,True,489.747000,-711.257500,0.276882000,489.747000,-711.257500,0.276882000,0.000000
1007,1008,1007,1008,0.406054174,True,491.186200,-710.848500,0.276882000,491.186200,-710.848500,0.276882000,0.000000
1008,1009,1008,1009,0.375059670,True,492.625400,-710.439500,0.276882000,492.625400,-710.439500,0.276882000,0.000000
1009,1010,1009,1010,0.336334018,True,494.064600,-710.030500,0.276882000,494.064600,-710.030500,0.276882000,0.000000
1010,1011,1010,1011,0.372205907,True,495.503900,-709.621500,0.276882000,495.503900,-709.621500,0.276882000,0.000000
1011,1012,1011,1012,0.400413359,True,496.943100,-709.212500,0.276882000,496.943100,-709.212500,0.276882000,0.000000
1012,1013,1012,1013,0.358837694,True,498.382300,-708.803500,0.301888000,498.382300,-708.803500,0.301888000,0.000000
1013,1014,1013,1014,0.316812026,True,499.821600,-708.394500,0.375650000,499.821600,-708.394500,0.375650000,0.000000
1014,1015,1014,1015,0.273935441,True,501.260800,-707.985500,0.449679000,501.260800,-707.985500,0.449679000,0.000000
1015,1016,1015,1016,0.269651624,True,502.700000,-707.576500,0.523167000,502.700000,-707.576500,0.523167000,0.000000
1016,1017,1016,1017,0.310451139,True,503.817700,-706.931800,0.523167000,503.817700,-706.931800,0.523167000,0.000000
1017,1018,1017,1018,0.363074818,True,504.935400,-706.287100,0.523167000,504.935400,-706.287100,0.523167000,0.000000
1018,1019,1018,1019,0.402148871,True,506.053100,-705.642500,0.575786000,506.053100,-705.642500,0.575786000,0.000000
1019,1020,1019,1020,0.424545811,True,507.170800,-704.997800,0.636338000,507.170800,-704.997800,0.636338000,0.000000
1020,1021,1020,1021,0.451507628,True,508.288500,-704.353200,0.696917000,508.288500,-704.353200,0.696917000,0.000000
1021,1022,1021,1022,0.399354236,True,509.406200,-703.708500,0.757082000,509.406200,-703.708500,0.757082000,0.000000
1022,1023,1022,1023,0.360918627,True,510.474500,-702.699100,0.757082000,510.474500,-702.699100,0.757082000,0.000000
1023,1024,1023,1024,0.343290153,True,511.542800,-701.689700,0.757082000,511.542800,-701.689700,0.757082000,0.000000
1024,1025,1024,1025,0.353724546,True,512.611000,-700.680300,0.757082000,512.611000,-700.680300,0.757082000,0.000000
1025,1026,1025,1026,0.361166780,True,513.679300,-699.670800,0.771491000,513.679300,-699.670800,0.771491000,0.000000
1026,1027,1026,1027,0.345524952,True,514.747500,-698.661400,0.807407000,514.747500,-698.661400,0.807407000,0.000000
1027,1028,1027,1028,0.297556777,True,515.815800,-697.652000,0.843351000,515.815800,-697.652000,0.843351000,0.000000
1028,1029,1028,1029,0.289096210,True,516.884100,-696.642600,0.879230000,516.884100,-696.642600,0.879230000,0.000000
1029,1030,1029,1030,0.287306308,True,517.760700,-695.583900,0.879230000,517.760700,-695.583900,0.879230000,0.000000
1030,1031,1030,1031,0.291863490,True,518.637300,-694.525100,0.898068000,518.637300,-694.525100,0.898068000,0.000000
1031,1032,1031,1032,0.307572705,True,519.513900,-693.466400,0.927660000,519.513900,-693.466400,0.927660000,0.000000
1032,1033,1032,1033,0.353532256,True,520.390500,-692.407600,0.957262000,520.390500,-692.407600,0.957262000,0.000000
1033,1034,1033,1034,0.373540068,True,521.267100,-691.348900,0.986822000,521.267100,-691.348900,0.986822000,0.000000
1034,1035,1034,1035,0.374631922,True,522.063600,-690.143600,0.986822000,522.063600,-690.143600,0.986822000,0.000000
1035,1036,1035,1036,0.366645139,True,522.860100,-688.938400,0.986822000,522.860100,-688.938400,0.986822000,0.000000
1036,1037,1036,1037,0.421778413,True,523.656600,-687.733200,0.986822000,523.656600,-687.733200,0.986822000,0.000000
1037,1038,1037,1038,0.484750811,True,524.453100,-686.527900,0.986822000,524.453100,-686.527900,0.986822000,0.000000
1038,1039,1038,1039,0.607485206,True,525.249600,-685.322700,1.028372000,525.249600,-685.322700,1.028372000,0.000000
1039,1040,1039,1040,0.633667443,True,526.046100,-684.117400,1.119697000,526.046100,-684.117400,1.119697000,0.000000
1040,1041,1040,1041,0.594219422,True,526.842600,-682.912200,1.211436000,526.842600,-682.912200,1.211436000,0.000000
1041,1042,1041,1042,0.612336273,True,527.639100,-681.707000,1.302063000,527.639100,-681.707000,1.302063000,0.000000
1042,1043,1042,1043,0.689965201,True,528.015100,-680.341700,1.302063000,528.015100,-680.341700,1.302063000,0.000000
1043,1044,1043,1044,0.646313080,True,528.391100,-678.976500,1.302063000,528.391100,-678.976500,1.302063000,0.000000
1044,1045,1044,1045,0.666478938,True,528.767100,-677.611300,1.302063000,528.767100,-677.611300,1.302063000,0.000000
1045,1046,1045,1046,0.643904173,True,529.143000,-676.246100,1.302063000,529.143000,-676.246100,1.302063000,0.000000
1046,1047,1046,1047,0.683491022,True,529.519000,-674.880800,1.302063000,529.519000,-674.880800,1.302063000,0.000000
1047,1048,1047,1048,0.652988918,True,529.895000,-673.515600,1.302063000,529.895000,-673.515600,1.302063000,0.000000
1048,1049,1048,1049,0.722764903,True,530.271000,-672.150400,1.302063000,530.271000,-672.150400,1.302063000,0.000000
1049,1050,1049,1050,0.817274790,True,530.646900,-670.785200,1.302063000,530.646900,-670.785200,1.302063000,0.000000
1050,1051,1050,1051,0.782539117,True,531.022900,-669.419900,1.357850000,531.022900,-669.419900,1.357850000,0.000000
1051,1052,1051,1052,0.759518052,True,531.398900,-668.054700,1.464923000,531.398900,-668.054700,1.464923000,0.000000
1052,1053,1052,1053,0.779969652,True,531.774900,-666.689500,1.572577000,531.774900,-666.689500,1.572577000,0.000000
1053,1054,1053,1054,0.746810206,True,532.150800,-665.324300,1.678358000,532.150800,-665.324300,1.678358000,0.000000
1054,1055,1054,1055,0.723906508,True,531.990000,-663.834800,1.678358000,531.990000,-663.834800,1.678358000,0.000000
1055,1056,1055,1056,0.668829300,True,531.829200,-662.345400,1.678358000,531.829200,-662.345400,1.678358000,0.000000
1056,1057,1056,1057,0.691383910,True,531.668400,-660.855900,1.678358000,531.668400,-660.855900,1.678358000,0.000000
1057,1058,1057,1058,0.738618874,True,531.507500,-659.366500,1.678358000,531.507500,-659.366500,1.678358000,0.000000
1058,1059,1058,1059,0.805434369,True,531.346700,-657.877000,1.678358000,531.346700,-657.877000,1.678358000,0.000000
1059,1060,1059,1060,0.816587820,True,531.185900,-656.387600,1.678358000,531.185900,-656.387600,1.678358000,0.000000
1060,1061,1060,1061,0.790312691,True,531.025100,-654.898100,1.678358000,531.025100,-654.898100,1.678358000,0.000000
1061,1062,1061,1062,0.738801934,True,530.864200,-653.408700,1.678358000,530.864200,-653.408700,1.678358000,0.000000
1062,1063,1062,1063,0.676452113,True,530.703400,-651.919200,1.678358000,530.703400,-651.919200,1.678358000,0.000000
1063,1064,1063,1064,0.609305927,True,530.542600,-650.429800,1.678358000,530.542600,-650.429800,1.678358000,0.000000
1064,1065,1064,1065,0.652716143,True,530.381700,-648.940300,1.678358000,530.381700,-648.940300,1.678358000,0.000000
1065,1066,1065,1066,0.808299965,True,530.220900,-647.450900,1.678358000,530.220900,-647.450900,1.678358000,0.000000
1066,1067,1066,1067,0.769633180,True,530.060100,-645.961400,1.705912000,530.060100,-645.961400,1.705912000,0.000000
1067,1068,1067,1068,0.758277402,True,529.899300,-644.472000,1.788373000,529.899300,-644.472000,1.788373000,0.000000
1068,1069,1068,1069,0.711491883,True,529.738400,-642.982500,1.871209000,529.738400,-642.982500,1.871209000,0.000000
1069,1070,1069,1070,0.647218731,True,529.577600,-641.493100,1.953292000,529.577600,-641.493100,1.953292000,0.000000
1070,1071,1070,1071,0.607327396,True,529.027100,-640.124700,1.953292000,529.027100,-640.124700,1.953292000,0.000000
1071,1072,1071,1072,0.547599583,True,528.476600,-638.756300,1.953292000,528.476600,-638.756300,1.953292000,0.000000
1072,1073,1072,1073,0.520459988,True,527.926100,-637.387900,1.953292000,527.926100,-637.387900,1.953292000,0.000000
1073,1074,1073,1074,0.522067637,True,527.375500,-636.019500,1.953292000,527.375500,-636.019500,1.953292000,0.000000
1074,1075,1074,1075,0.564019513,True,526.825000,-634.651100,1.953292000,526.825000,-634.651100,1.953292000,0.000000
1075,1076,1075,1076,0.530630259,True,526.274500,-633.282800,1.953292000,526.274500,-633.282800,1.953292000,0.000000
1076,1077,1076,1077,0.498219621,True,525.724000,-631.914400,1.953292000,525.724000,-631.914400,1.953292000,0.000000
1077,1078,1077,1078,0.468986460,True,525.173500,-630.546000,1.953292000,525.173500,-630.546000,1.953292000,0.000000
1078,1079,1078,1079,0.447972731,True,524.623000,-629.177600,1.953292000,524.623000,-629.177600,1.953292000,0.000000
1079,1080,1079,1080,0.434497278,True,524.072500,-627.809200,1.953292000,524.072500,-627.809200,1.953292000,0.000000
1080,1081,1080,1081,0.455223272,True,523.521900,-626.440800,1.953292000,523.521900,-626.440800,1.953292000,0.000000
1081,1082,1081,1082,0.499468636,True,522.971400,-625.072500,1.953292000,522.971400,-625.072500,1.953292000,0.000000
1082,1083,1082,1083,0.565695084,True,522.420900,-623.704100,1.953292000,522.420900,-623.704100,1.953292000,0.000000
1083,1084,1083,1084,0.575714789,True,521.870400,-622.335700,1.953292000,521.870400,-622.335700,1.953292000,0.000000
1084,1085,1084,1085,0.545266417,True,521.319900,-620.967300,1.953292000,521.319900,-620.967300,1.953292000,0.000000
1085,1086,1085,1086,0.533719072,True,520.769400,-619.598900,1.953292000,520.769400,-619.598900,1.953292000,0.000000
1086,1087,1086,1087,0.515991265,True,520.218900,-618.230500,1.953292000,520.218900,-618.230500,1.953292000,0.000000
1087,1088,1087,1088,0.510168586,True,519.668400,-616.862100,1.953292000,519.668400,-616.862100,1.953292000,0.000000
1088,1089,1088,1089,0.506051476,True,519.117800,-615.493800,1.962096000,519.117800,-615.493800,1.962096000,0.000000
1089,1090,1089,1090,0.525079092,True,518.567300,-614.125400,1.984694000,518.567300,-614.125400,1.984694000,0.000000
1090,1091,1090,1091,0.485093013,True,518.016800,-612.757000,2.007299000,518.016800,-612.757000,2.007299000,0.000000
1091,1092,1091,1092,0.439410251,True,517.466300,-611.388600,2.029888000,517.466300,-611.388600,2.029888000,0.000000
1092,1093,1092,1093,0.440571753,True,516.823800,-610.088800,2.029888000,516.823800,-610.088800,2.029888000,0.000000
1093,1094,1093,1094,0.420343184,True,516.181300,-608.789000,2.029888000,516.181300,-608.789000,2.029888000,0.000000
1094,1095,1094,1095,0.438056778,True,515.538800,-607.489300,2.029888000,515.538800,-607.489300,2.029888000,0.000000
1095,1096,1095,1096,0.453592158,True,514.896300,-606.189500,2.029888000,514.896300,-606.189500,2.029888000,0.000000
1096,1097,1096,1097,0.441474740,True,514.253800,-604.889700,2.029888000,514.253800,-604.889700,2.029888000,0.000000
1097,1098,1097,1098,0.461737181,True,513.611300,-603.589900,2.029888000,513.611300,-603.589900,2.029888000,0.000000
1098,1099,1098,1099,0.458973185,True,512.968800,-602.290100,2.029888000,512.968800,-602.290100,2.029888000,0.000000
1099,1100,1099,1100,0.476186067,True,512.326300,-600.990400,2.029888000,512.326300,-600.990400,2.029888000,0.000000
1100,1101,1100,1101,0.467708838,True,511.683800,-599.690600,2.029888000,511.683800,-599.690600,2.029888000,0.000000
1101,1102,1101,1102,0.463884016,True,511.041300,-598.390800,2.029888000,511.041300,-598.390800,2.029888000,0.000000
1102,1103,1102,1103,0.459639773,True,510.398700,-597.091000,2.029888000,510.398700,-597.091000,2.029888000,0.000000
1103,1104,1103,1104,0.398017899,True,509.756200,-595.791300,2.029888000,509.756200,-595.791300,2.029888000,0.000000
1104,1105,1104,1105,0.391300101,True,509.113700,-594.491500,2.029888000,509.113700,-594.491500,2.029888000,0.000000
1105,1106,1105,1106,0.368425461,True,508.471200,-593.191700,2.042942000,508.471200,-593.191700,2.042942000,0.000000
1106,1107,1106,1107,0.330199096,True,507.828700,-591.891900,2.106551000,507.828700,-591.891900,2.106551000,0.000000
1107,1108,1107,1108,0.313399810,True,507.186200,-590.592100,2.253244000,507.186200,-590.592100,2.253244000,0.000000
1108,1109,1108,1109,0.322098562,True,506.543700,-589.292400,2.518664000,506.543700,-589.292400,2.518664000,0.000000
1109,1110,1109,1110,0.323467635,True,505.838700,-588.166800,2.833372000,505.838700,-588.166800,2.833372000,0.000000
1110,1111,1110,1111,0.315500978,True,504.999200,-587.326600,3.134448000,504.999200,-587.326600,3.134448000,0.000000
1111,1112,-1,-1,nan,False,504.059200,-586.775300,-2.878761000,,,,
1112,1113,-1,-1,nan,False,503.053000,-586.516700,-2.653393000,,,,
1113,1114,-1,-1,nan,False,502.014700,-586.554500,-2.474969000,,,,
1114,1115,-1,-1,nan,False,500.978700,-586.892300,-2.348879000,,,,
1115,1116,-1,-1,nan,False,499.979000,-587.533800,-2.271778000,,,,
