query_array_index,query_frame_id,matched_ref_index,matched_ref_frame_id,quality,valid,gt_x,gt_y,gt_yaw_rad,est_x,est_y,est_yaw_rad,xy_error
0,1,-1,-1,nan,False,499.050000,-588.482800,-2.245104000,,,,
1,2,-1,-1,nan,False,498.143000,-589.617400,-2.245104000,,,,
2,3,-1,-1,nan,False,497.236100,-590.752100,-2.245104000,,,,
3,4,-1,-1,nan,False,496.329200,-591.886700,-2.245104000,,,,
4,5,-1,-1,nan,False,495.422300,-593.021400,-2.245104000,,,,
5,6,-1,-1,nan,False,494.515400,-594.156000,-2.245104000,,,,
6,7,-1,-1,nan,False,493.608500,-595.290700,-2.312361000,,,,
7,8,-1,-1,nan,False,492.701600,-596.425300,-2.470564000,,,,
8,9,-1,-1,nan,False,491.794700,-597.560000,-2.631028000,,,,
9,10,-1,-1,nan,False,490.887800,-598.694600,-2.785773000,,,,
10,11,-1,-1,nan,False,489.539800,-599.195600,-2.785773000,,,,
11,12,-1,-1,nan,False,488.191800,-599.696500,-2.785773000,,,,
12,13,-1,-1,nan,False,486.843800,-600.197500,-2.785773000,,,,
13,14,-1,-1,nan,False,485.495800,-600.698400,-2.785773000,,,,
14,15,-1,-1,nan,False,484.147800,-601.199400,-2.785773000,,,,
15,16,-1,-1,nan,False,482.799900,-601.700400,-2.785773000,,,,
16,17,-1,-1,nan,False,481.451900,-602.201300,-2.785773000,,,,
17,18,-1,-1,nan,False,480.103900,-602.702300,-2.785773000,,,,
18,19,-1,-1,nan,False,478.755900,-603.203300,-2.785773000,,,,
19,20,-1,-1,nan,False,477.407900,-603.704200,-2.770426000,,,,
20,21,-1,-1,nan,False,476.059900,-604.205200,-2.738189000,,,,
21,22,-1,-1,nan,False,474.711900,-604.706100,-2.705935000,,,,
22,23,-1,-1,nan,False,473.363900,-605.207100,-2.673730000,,,,
23,24,-1,-1,nan,False,472.107200,-605.842100,-2.673730000,,,,
24,25,-1,-1,nan,False,470.850400,-606.477200,-2.673730000,,,,
25,26,26,27,0.973015048,True,469.593600,-607.112200,-2.673730000,468.336800,-607.747200,-2.673730000,1.408109
26,27,26,27,0.989942769,True,468.336800,-607.747200,-2.673730000,468.336800,-607.747200,-2.673730000,0.000000
27,28,27,28,0.948252156,True,467.080000,-608.382200,-2.675408000,467.080000,-608.382200,-2.675408000,0.000000
28,29,29,30,0.939162026,True,465.823300,-609.017300,-2.678456000,464.566500,-609.652300,-2.681503000,1.408109
29,30,30,31,0.915228224,True,464.566500,-609.652300,-2.681503000,463.309700,-610.287300,-2.684551000,1.408109
30,31,30,31,0.900512212,True,463.309700,-610.287300,-2.684551000,463.309700,-610.287300,-2.684551000,0.000000
31,32,31,32,0.897440881,True,462.053400,-610.905100,-2.684551000,462.053400,-610.905100,-2.684551000,0.000000
32,33,32,33,0.895968595,True,460.797200,-611.522900,-2.684551000,460.797200,-611.522900,-2.684551000,0.000000
33,34,33,34,0.879139888,True,459.540900,-612.140700,-2.684551000,459.540900,-612.140700,-2.684551000,0.000000
34,35,34,35,0.890669538,True,458.284700,-612.758500,-2.684551000,458.284700,-612.758500,-2.684551000,0.000000
35,36,35,36,0.881163193,True,457.028400,-613.376300,-2.684551000,457.028400,-613.376300,-2.684551000,0.000000
36,37,36,37,0.882919211,True,455.772100,-613.994100,-2.684551000,455.772100,-613.994100,-2.684551000,0.000000
37,38,38,39,0.871479977,True,454.515900,-614.611900,-2.684551000,453.259600,-615.229600,-2.684551000,1.399944
38,39,38,39,0.894206245,True,453.259600,-615.229600,-2.684551000,453.259600,-615.229600,-2.684551000,0.000000
39,40,39,40,0.922103812,True,452.003400,-615.847400,-2.614261000,452.003400,-615.847400,-2.614261000,0.000000
40,41,40,41,0.926161989,True,450.747100,-616.465200,-2.487948000,450.747100,-616.465200,-2.487948000,0.000000
41,42,41,42,0.913609451,True,449.490800,-617.083000,-2.360761000,449.490800,-617.083000,-2.360761000,0.000000
42,43,42,43,0.914848827,True,448.234600,-617.700800,-2.236720000,448.234600,-617.700800,-2.236720000,0.000000
43,44,43,44,0.916581833,True,447.376700,-618.792700,-2.236720000,447.376700,-618.792700,-2.236720000,0.000000
44,45,45,46,0.911199586,True,446.518900,-619.884600,-2.236720000,445.661000,-620.976500,-2.236720000,1.388610
45,46,46,47,0.891577427,True,445.661000,-620.976500,-2.236720000,444.803200,-622.068500,-2.236720000,1.388627
46,47,46,47,0.888645278,True,444.803200,-622.068500,-2.236720000,444.803200,-622.068500,-2.236720000,0.000000
47,48,47,48,0.890054234,True,443.945300,-623.160400,-2.236720000,443.945300,-623.160400,-2.236720000,0.000000
48,49,48,49,0.902752216,True,443.087500,-624.252300,-2.236720000,443.087500,-624.252300,-2.236720000,0.000000
49,50,49,50,0.918468782,True,442.229600,-625.344200,-2.313501000,442.229600,-625.344200,-2.313501000,0.000000
50,51,50,51,0.916875628,True,441.371800,-626.436100,-2.445115000,441.371800,-626.436100,-2.445115000,0.000000
51,52,51,52,0.903564970,True,440.513900,-627.528000,-2.577650000,440.513900,-627.528000,-2.577650000,0.000000
52,53,52,53,0.916753416,True,439.656100,-628.619900,-2.706569000,439.656100,-628.619900,-2.706569000,0.000000
53,54,53,54,0.927189329,True,438.296300,-629.251800,-2.706569000,438.296300,-629.251800,-2.706569000,0.000000
54,55,54,55,0.931925242,True,436.936400,-629.883800,-2.706569000,436.936400,-629.883800,-2.706569000,0.000000
55,56,55,56,0.953784266,True,435.576600,-630.515700,-2.706569000,435.576600,-630.515700,-2.706569000,0.000000
56,57,56,57,0.942624606,True,434.216800,-631.147600,-2.706569000,434.216800,-631.147600,-2.706569000,0.000000
57,58,55,56,0.957150489,True,432.856900,-631.779600,-2.763816000,435.576600,-630.515700,-2.706569000,2.999035
58,59,58,59,0.940902996,True,431.497100,-632.411500,-2.943406000,431.497100,-632.411500,-2.943406000,0.000000
59,60,59,60,0.944906635,True,430.137300,-633.043400,-3.126996000,430.137300,-633.043400,-3.126996000,0.000000
60,61,60,61,0.953093299,True,428.777400,-633.675400,2.980449000,428.777400,-633.675400,2.980449000,0.000000
61,62,62,63,0.972276019,True,427.359000,-633.444800,2.980449000,425.940600,-633.214200,2.980449000,1.437023
62,63,62,63,0.998009269,True,425.940600,-633.214200,2.980449000,425.940600,-633.214200,2.980449000,0.000000
63,64,67,68,0.955789431,True,424.522200,-632.983700,2.980449000,418.848500,-632.061400,2.980449000,5.748174
64,65,70,71,0.973099012,True,423.103700,-632.753100,2.980449000,414.593200,-631.369700,2.551872000,8.622204
65,66,70,71,0.960467048,True,421.685300,-632.522500,2.980449000,414.593200,-631.369700,2.551872000,7.185181
66,67,69,70,0.939626893,True,420.266900,-632.292000,2.980449000,416.011600,-631.600300,2.727963000,4.311151
67,68,67,68,0.949882718,True,418.848500,-632.061400,2.980449000,418.848500,-632.061400,2.980449000,0.000000
68,69,68,69,0.948439306,True,417.430100,-631.830800,2.901273000,417.430100,-631.830800,2.901273000,0.000000
69,70,70,71,0.890494048,True,416.011600,-631.600300,2.727963000,414.593200,-631.369700,2.551872000,1.437023
70,71,70,71,0.889858242,True,414.593200,-631.369700,2.551872000,414.593200,-631.369700,2.551872000,0.000000
71,72,71,72,0.864798560,True,413.174800,-631.139100,2.383463000,413.174800,-631.139100,2.383463000,0.000000
72,73,73,74,0.819816742,True,412.143100,-630.162200,2.383463000,411.111300,-629.185200,2.383463000,1.420965
73,74,74,75,0.785897198,True,411.111300,-629.185200,2.383463000,410.079600,-628.208300,2.383463000,1.420823
74,75,74,75,0.786284145,True,410.079600,-628.208300,2.383463000,410.079600,-628.208300,2.383463000,0.000000
75,76,75,76,0.762844725,True,409.047900,-627.231300,2.293741000,409.047900,-627.231300,2.293741000,0.000000
76,77,76,77,0.763893570,True,408.016100,-626.254400,2.111198000,408.016100,-626.254400,2.111198000,0.000000
77,78,77,78,0.770185967,True,406.984400,-625.277500,1.925649000,406.984400,-625.277500,1.925649000,0.000000
78,79,78,79,0.778581414,True,405.952700,-624.300500,1.749272000,405.952700,-624.300500,1.749272000,0.000000
79,80,79,80,0.779918229,True,405.704900,-622.927200,1.749272000,405.704900,-622.927200,1.749272000,0.000000
80,81,81,82,0.750972949,True,405.457200,-621.553900,1.749272000,405.209500,-620.180600,1.749272000,1.395460
81,82,81,82,0.771633744,True,405.209500,-620.180600,1.749272000,405.209500,-620.180600,1.749272000,0.000000
82,83,82,83,0.764512846,True,404.961700,-618.807300,1.749272000,404.961700,-618.807300,1.749272000,0.000000
83,84,83,84,0.786119159,True,404.714000,-617.433900,1.749272000,404.714000,-617.433900,1.749272000,0.000000
84,85,84,85,0.794549058,True,404.466200,-616.060600,1.749272000,404.466200,-616.060600,1.749272000,0.000000
85,86,86,87,0.793436845,True,404.218500,-614.687300,1.726706000,403.970800,-613.314000,1.687900000,1.395460
86,87,86,87,0.832054027,True,403.970800,-613.314000,1.687900000,403.970800,-613.314000,1.687900000,0.000000
87,88,87,88,0.827140745,True,403.723000,-611.940700,1.649070000,403.723000,-611.940700,1.649070000,0.000000
88,89,89,90,0.805458464,True,403.475300,-610.567400,1.610332000,403.416500,-609.082400,1.610332000,1.486164
89,90,89,90,0.794657316,True,403.416500,-609.082400,1.610332000,403.416500,-609.082400,1.610332000,0.000000
90,91,91,92,0.761339441,True,403.357800,-607.597500,1.610332000,403.299100,-606.112500,1.610332000,1.486160
91,92,92,93,0.747374072,True,403.299100,-606.112500,1.610332000,403.240300,-604.627600,1.610332000,1.486064
92,93,92,93,0.776102757,True,403.240300,-604.627600,1.610332000,403.240300,-604.627600,1.610332000,0.000000
93,94,93,94,0.781802320,True,403.181600,-603.142700,1.610332000,403.181600,-603.142700,1.610332000,0.000000
94,95,95,96,0.780706532,True,403.122900,-601.657700,1.610332000,403.064100,-600.172800,1.610332000,1.486064
95,96,95,96,0.795525311,True,403.064100,-600.172800,1.610332000,403.064100,-600.172800,1.610332000,0.000000
96,97,96,97,0.819243681,True,403.005400,-598.687900,1.610332000,403.005400,-598.687900,1.610332000,0.000000
97,98,98,99,0.794218619,True,402.946600,-597.202900,1.656553000,402.887900,-595.718000,1.786641000,1.486060
98,99,99,100,0.814569571,True,402.887900,-595.718000,1.786641000,402.829200,-594.233000,1.918154000,1.486160
99,100,99,100,0.846544023,True,402.829200,-594.233000,1.918154000,402.829200,-594.233000,1.918154000,0.000000
100,101,100,101,0.854392147,True,402.770400,-592.748100,2.046645000,402.770400,-592.748100,2.046645000,0.000000
101,102,101,102,0.887952672,True,402.120500,-591.486900,2.046645000,402.120500,-591.486900,2.046645000,0.000000
102,103,103,104,0.863454988,True,401.470600,-590.225800,2.046645000,400.820600,-588.964600,2.046645000,1.418847
103,104,103,104,0.887933007,True,400.820600,-588.964600,2.046645000,400.820600,-588.964600,2.046645000,0.000000
104,105,104,105,0.897532886,True,400.170700,-587.703400,2.046645000,400.170700,-587.703400,2.046645000,0.000000
105,106,105,106,0.871393009,True,399.520700,-586.442300,2.046645000,399.520700,-586.442300,2.046645000,0.000000
106,107,106,107,0.866059758,True,398.870800,-585.181100,2.082659000,398.870800,-585.181100,2.082659000,0.000000
107,108,108,109,0.848679569,True,398.220900,-583.919900,2.151916000,397.570900,-582.658800,2.221330000,1.418758
108,109,109,110,0.829298506,True,397.570900,-582.658800,2.221330000,396.921000,-581.397600,2.290240000,1.418801
109,110,109,110,0.812257227,True,396.921000,-581.397600,2.290240000,396.921000,-581.397600,2.290240000,0.000000
110,111,111,112,0.822757262,True,395.990100,-580.335000,2.290240000,395.059100,-579.272400,2.290240000,1.412756
111,112,112,113,0.825951541,True,395.059100,-579.272400,2.290240000,394.128200,-578.209800,2.290240000,1.412690
112,113,112,113,0.792579859,True,394.128200,-578.209800,2.290240000,394.128200,-578.209800,2.290240000,0.000000
113,114,113,114,0.795502396,True,393.197200,-577.147200,2.290240000,393.197200,-577.147200,2.290240000,0.000000
114,115,114,115,0.784772304,True,392.266300,-576.084500,2.290240000,392.266300,-576.084500,2.290240000,0.000000
115,116,116,117,0.767072549,True,391.335400,-575.021900,2.290240000,390.404400,-573.959300,2.290240000,1.412756
116,117,117,118,0.743378629,True,390.404400,-573.959300,2.290240000,389.473500,-572.896700,2.290240000,1.412690
117,118,118,119,0.734373274,True,389.473500,-572.896700,2.290240000,388.542600,-571.834100,2.302303000,1.412690
118,119,119,120,0.733528594,True,388.542600,-571.834100,2.302303000,387.611600,-570.771500,2.324690000,1.412756
119,120,119,120,0.717500796,True,387.611600,-570.771500,2.324690000,387.611600,-570.771500,2.324690000,0.000000
120,121,120,121,0.733293581,True,386.680700,-569.708900,2.347083000,386.680700,-569.708900,2.347083000,0.000000
121,122,121,122,0.727741697,True,385.749800,-568.646300,2.369459000,385.749800,-568.646300,2.369459000,0.000000
122,123,122,123,0.732922108,True,384.747500,-567.670200,2.369459000,384.747500,-567.670200,2.369459000,0.000000
123,124,123,124,0.748542755,True,383.745200,-566.694200,2.369459000,383.745200,-566.694200,2.369459000,0.000000
124,125,125,126,0.763062204,True,382.742900,-565.718100,2.369459000,381.740600,-564.742100,2.369459000,1.398993
125,126,125,126,0.784535420,True,381.740600,-564.742100,2.369459000,381.740600,-564.742100,2.369459000,0.000000
126,127,126,127,0.803707453,True,380.738300,-563.766000,2.369459000,380.738300,-563.766000,2.369459000,0.000000
127,128,127,128,0.821947165,True,379.736000,-562.790000,2.369459000,379.736000,-562.790000,2.369459000,0.000000
128,129,128,129,0.842335982,True,378.733700,-561.813900,2.369459000,378.733700,-561.813900,2.369459000,0.000000
129,130,129,130,0.853445635,True,377.731400,-560.837900,2.369459000,377.731400,-560.837900,2.369459000,0.000000
130,131,130,131,0.853040253,True,376.729100,-559.861800,2.369459000,376.729100,-559.861800,2.369459000,0.000000
131,132,131,132,0.833068520,True,375.726900,-558.885800,2.369459000,375.726900,-558.885800,2.369459000,0.000000
132,133,133,134,0.771503547,True,374.724600,-557.909800,2.316618000,373.722300,-556.933700,2.223190000,1.399063
133,134,133,134,0.783602289,True,373.722300,-556.933700,2.223190000,373.722300,-556.933700,2.223190000,0.000000
134,135,134,135,0.776819083,True,372.720000,-555.957700,2.129412000,372.720000,-555.957700,2.129412000,0.000000
135,136,135,136,0.777478978,True,371.717700,-554.981600,2.036912000,371.717700,-554.981600,2.036912000,0.000000
136,137,136,137,0.778424047,True,371.045000,-553.644500,2.036912000,371.045000,-553.644500,2.036912000,0.000000
137,138,137,138,0.772853017,True,370.372300,-552.307400,2.036912000,370.372300,-552.307400,2.036912000,0.000000
138,139,138,139,0.768988033,True,369.699700,-550.970300,2.036912000,369.699700,-550.970300,2.036912000,0.000000
139,140,140,141,0.774649775,True,369.027000,-549.633200,2.036912000,368.354300,-548.296200,2.036912000,1.496694
140,141,140,141,0.785092069,True,368.354300,-548.296200,2.036912000,368.354300,-548.296200,2.036912000,0.000000
141,142,142,143,0.789027786,True,367.681600,-546.959100,2.036912000,367.009000,-545.622000,2.036912000,1.496739
142,143,142,143,0.807875622,True,367.009000,-545.622000,2.036912000,367.009000,-545.622000,2.036912000,0.000000
143,144,143,144,0.798870823,True,366.336300,-544.284900,2.073976000,366.336300,-544.284900,2.073976000,0.000000
144,145,145,146,0.780646920,True,365.663600,-542.947800,2.184828000,364.990900,-541.610700,2.296590000,1.496784
145,146,146,147,0.779530365,True,364.990900,-541.610700,2.296590000,364.318300,-540.273600,2.406516000,1.496739
146,147,146,147,0.769187369,True,364.318300,-540.273600,2.406516000,364.318300,-540.273600,2.406516000,0.000000
147,148,147,148,0.774245028,True,363.213500,-539.274800,2.406516000,363.213500,-539.274800,2.406516000,0.000000
148,149,148,149,0.780853409,True,362.108700,-538.276000,2.406516000,362.108700,-538.276000,2.406516000,0.000000
149,150,149,150,0.799759393,True,361.004000,-537.277200,2.406516000,361.004000,-537.277200,2.406516000,0.000000
150,151,150,151,0.759425195,True,359.899200,-536.278400,2.406516000,359.899200,-536.278400,2.406516000,0.000000
151,152,152,153,0.757164010,True,358.794500,-535.279500,2.406516000,357.689700,-534.280700,2.406516000,1.489357
152,153,152,153,0.728103741,True,357.689700,-534.280700,2.406516000,357.689700,-534.280700,2.406516000,0.000000
153,154,154,155,0.714947251,True,356.585000,-533.281900,2.406516000,355.480200,-532.283100,2.406516000,1.489357
154,155,155,156,0.709162152,True,355.480200,-532.283100,2.406516000,354.375500,-531.284300,2.447274000,1.489283
155,156,155,156,0.729343095,True,354.375500,-531.284300,2.447274000,354.375500,-531.284300,2.447274000,0.000000
156,157,157,158,0.748244895,True,353.270700,-530.285500,2.563726000,352.165900,-529.286700,2.681207000,1.489357
157,158,157,158,0.764495580,True,352.165900,-529.286700,2.681207000,352.165900,-529.286700,2.681207000,0.000000
158,159,158,159,0.776774522,True,351.061200,-528.287900,2.796535000,351.061200,-528.287900,2.796535000,0.000000
159,160,159,160,0.789189440,True,349.700500,-527.798800,2.796535000,349.700500,-527.798800,2.796535000,0.000000
160,161,160,161,0.795900759,True,348.339800,-527.309700,2.796535000,348.339800,-527.309700,2.796535000,0.000000
161,162,161,162,0.820357489,True,346.979200,-526.820600,2.796535000,346.979200,-526.820600,2.796535000,0.000000
162,163,162,163,0.804907210,True,345.618500,-526.331600,2.796535000,345.618500,-526.331600,2.796535000,0.000000
163,164,163,164,0.812009029,True,344.257800,-525.842500,2.796535000,344.257800,-525.842500,2.796535000,0.000000
164,165,165,166,0.797117484,True,342.897200,-525.353400,2.796535000,341.536500,-524.864300,2.796535000,1.445933
165,166,165,166,0.793005118,True,341.536500,-524.864300,2.796535000,341.536500,-524.864300,2.796535000,0.000000
166,167,166,167,0.804485624,True,340.175800,-524.375300,2.796535000,340.175800,-524.375300,2.796535000,0.000000
167,168,167,168,0.828729019,True,338.815200,-523.886200,2.755232000,338.815200,-523.886200,2.755232000,0.000000
168,169,168,169,0.835998625,True,337.454500,-523.397100,2.663859000,337.454500,-523.397100,2.663859000,0.000000
169,170,169,170,0.858502899,True,336.093800,-522.908000,2.572069000,336.093800,-522.908000,2.572069000,0.000000
170,171,170,171,0.863199015,True,334.733200,-522.419000,2.481392000,334.733200,-522.419000,2.481392000,0.000000
171,172,171,172,0.881292646,True,333.624300,-521.558000,2.481392000,333.624300,-521.558000,2.481392000,0.000000
172,173,172,173,0.899240889,True,332.515400,-520.697000,2.481392000,332.515400,-520.697000,2.481392000,0.000000
173,174,173,174,0.894721303,True,331.406500,-519.836100,2.481392000,331.406500,-519.836100,2.481392000,0.000000
174,175,174,175,0.906161958,True,330.297700,-518.975100,2.481392000,330.297700,-518.975100,2.481392000,0.000000
175,176,175,176,0.910997011,True,329.188800,-518.114200,2.504698000,329.188800,-518.114200,2.504698000,0.000000
176,177,176,177,0.906952481,True,328.079900,-517.253200,2.546319000,328.079900,-517.253200,2.546319000,0.000000
177,178,177,178,0.888969886,True,326.971000,-516.392200,2.587971000,326.971000,-516.392200,2.587971000,0.000000
178,179,178,179,0.901306783,True,325.862200,-515.531300,2.629511000,325.862200,-515.531300,2.629511000,0.000000
179,180,179,180,0.902792088,True,324.695600,-514.875600,2.629511000,324.695600,-514.875600,2.629511000,0.000000
180,181,180,181,0.892571904,True,323.529000,-514.219800,2.629511000,323.529000,-514.219800,2.629511000,0.000000
181,182,181,182,0.932616053,True,322.362400,-513.564100,2.629511000,322.362400,-513.564100,2.629511000,0.000000
182,183,182,183,0.905045243,True,321.195800,-512.908400,2.629511000,321.195800,-512.908400,2.629511000,0.000000
183,184,183,184,0.906704302,True,320.029300,-512.252600,2.538597000,320.029300,-512.252600,2.538597000,0.000000
184,185,185,186,0.908543806,True,318.862700,-511.596900,2.411477000,317.696100,-510.941200,2.283812000,1.338244
185,186,185,186,0.951094623,True,317.696100,-510.941200,2.283812000,317.696100,-510.941200,2.283812000,0.000000
186,187,186,187,0.956903666,True,316.529500,-510.285500,2.159654000,316.529500,-510.285500,2.159654000,0.000000
187,188,188,189,0.966893795,True,315.789100,-509.176800,2.159654000,315.048600,-508.068200,2.159654000,1.333167
188,189,188,189,0.982072889,True,315.048600,-508.068200,2.159654000,315.048600,-508.068200,2.159654000,0.000000
189,190,189,190,0.994929752,True,314.308100,-506.959600,2.159654000,314.308100,-506.959600,2.159654000,0.000000
190,191,191,192,0.971177088,True,313.567700,-505.850900,2.159654000,312.827200,-504.742300,2.039703000,1.333167
191,192,192,193,0.971096713,True,312.827200,-504.742300,2.039703000,312.086800,-503.633700,1.871549000,1.333111
192,193,193,194,0.949186882,True,312.086800,-503.633700,1.871549000,311.346300,-502.525000,1.702195000,1.333250
193,194,193,194,0.945018972,True,311.346300,-502.525000,1.702195000,311.346300,-502.525000,1.702195000,0.000000
194,195,194,195,0.991507305,True,310.605900,-501.416400,1.540916000,310.605900,-501.416400,1.540916000,0.000000
195,196,195,196,0.975447457,True,310.647400,-500.025400,1.540916000,310.647400,-500.025400,1.540916000,0.000000
196,197,196,197,0.972201981,True,310.689000,-498.634400,1.540916000,310.689000,-498.634400,1.540916000,0.000000
197,198,197,198,0.995531336,True,310.730600,-497.243500,1.540916000,310.730600,-497.243500,1.540916000,0.000000
198,199,198,199,0.984850680,True,310.772200,-495.852500,1.540916000,310.772200,-495.852500,1.540916000,0.000000
199,200,199,200,0.982753307,True,310.813700,-494.461500,1.540916000,310.813700,-494.461500,1.540916000,0.000000
200,201,200,201,0.952961700,True,310.855300,-493.070500,1.540916000,310.855300,-493.070500,1.540916000,0.000000
201,202,201,202,0.969108325,True,310.896900,-491.679500,1.540916000,310.896900,-491.679500,1.540916000,0.000000
202,203,202,203,0.977926052,True,310.938500,-490.288600,1.456758000,310.938500,-490.288600,1.456758000,0.000000
203,204,203,204,0.986496436,True,310.980000,-488.897600,1.309543000,310.980000,-488.897600,1.309543000,0.000000
204,205,204,205,0.997617123,True,311.021600,-487.506600,1.161010000,311.021600,-487.506600,1.161010000,0.000000
205,206,796,797,0.996902600,True,311.063200,-486.115600,1.017504000,213.978400,-613.924900,0.615218000,160.501326
206,207,206,207,0.972777831,True,311.744500,-485.012500,1.017504000,311.744500,-485.012500,1.017504000,0.000000
207,208,207,208,0.955408478,True,312.425800,-483.909400,1.017504000,312.425800,-483.909400,1.017504000,0.000000
208,209,209,210,0.946574516,True,313.107100,-482.806300,1.017504000,313.788500,-481.703300,1.126862000,1.296501
209,210,210,211,0.930723059,True,313.788500,-481.703300,1.126862000,314.469800,-480.600200,1.258790000,1.296534
210,211,210,211,0.937864905,True,314.469800,-480.600200,1.258790000,314.469800,-480.600200,1.258790000,0.000000
211,212,212,213,0.934147985,True,315.151100,-479.497100,1.391050000,315.832400,-478.394000,1.519153000,1.296534
212,213,212,213,0.931770506,True,315.832400,-478.394000,1.519153000,315.832400,-478.394000,1.519153000,0.000000
213,214,214,215,0.930182829,True,315.909700,-476.899500,1.519256000,315.986900,-475.405000,1.519600000,1.496493
214,215,214,215,0.946187593,True,315.986900,-475.405000,1.519600000,315.986900,-475.405000,1.519600000,0.000000
215,216,215,216,0.973734392,True,316.064200,-473.910500,1.520218000,316.064200,-473.910500,1.520218000,0.000000
216,217,216,217,0.937378988,True,316.141400,-472.415900,1.519983000,316.141400,-472.415900,1.519983000,0.000000
217,218,217,218,0.919440100,True,316.187800,-471.500900,1.518393000,316.187800,-471.500900,1.518393000,0.000000
218,219,218,219,0.894833253,True,316.234200,-470.585800,1.515466000,316.234200,-470.585800,1.515466000,0.000000
219,220,219,220,0.889470621,True,316.305500,-469.143000,1.507882000,316.305500,-469.143000,1.507882000,0.000000
220,221,221,222,0.874441729,True,316.365500,-467.958600,1.500641000,316.424300,-466.903700,1.494522000,1.056537
221,222,221,222,0.861465846,True,316.424300,-466.903700,1.494522000,316.424300,-466.903700,1.494522000,0.000000
222,223,222,223,0.886286780,True,316.491900,-465.849400,1.490031000,316.491900,-465.849400,1.490031000,0.000000
223,224,223,224,0.867934434,True,316.578600,-464.666800,1.486970000,316.578600,-464.666800,1.486970000,0.000000
224,225,224,225,0.868238582,True,316.694300,-463.227100,1.485282000,316.694300,-463.227100,1.485282000,0.000000
225,226,226,227,0.867419871,True,316.771700,-462.314100,1.485023000,316.849100,-461.401200,1.484764000,0.916175
226,227,226,227,0.870352807,True,316.849100,-461.401200,1.484764000,316.849100,-461.401200,1.484764000,0.000000
227,228,228,229,0.857720982,True,316.976400,-459.925200,1.484764000,317.103700,-458.449200,1.484764000,1.481479
228,229,228,229,0.869326080,True,317.103700,-458.449200,1.484764000,317.103700,-458.449200,1.484764000,0.000000
229,230,229,230,0.881379944,True,317.231000,-456.973200,1.484764000,317.231000,-456.973200,1.484764000,0.000000
230,231,230,231,0.866912710,True,317.358300,-455.497100,1.484764000,317.358300,-455.497100,1.484764000,0.000000
231,232,231,232,0.868924419,True,317.485600,-454.021100,1.484764000,317.485600,-454.021100,1.484764000,0.000000
232,233,232,233,0.876600561,True,317.612900,-452.545100,1.484764000,317.612900,-452.545100,1.484764000,0.000000
233,234,234,235,0.837665570,True,317.740200,-451.069100,1.484764000,317.867500,-449.593100,1.484764000,1.481479
234,235,234,235,0.830140575,True,317.867500,-449.593100,1.484764000,317.867500,-449.593100,1.484764000,0.000000
235,236,235,236,0.823352858,True,317.994800,-448.117100,1.484764000,317.994800,-448.117100,1.484764000,0.000000
236,237,237,238,0.778437041,True,318.122100,-446.641100,1.484764000,318.249400,-445.165100,1.484764000,1.481479
237,238,237,238,0.780197455,True,318.249400,-445.165100,1.484764000,318.249400,-445.165100,1.484764000,0.000000
238,239,239,240,0.765541281,True,318.376700,-443.689000,1.484764000,318.504000,-442.213000,1.484764000,1.481479
239,240,239,240,0.759523897,True,318.504000,-442.213000,1.484764000,318.504000,-442.213000,1.484764000,0.000000
240,241,241,242,0.745539131,True,318.631300,-440.737000,1.484764000,318.758600,-439.261000,1.484764000,1.481479
241,242,241,242,0.743994373,True,318.758600,-439.261000,1.484764000,318.758600,-439.261000,1.484764000,0.000000
242,243,242,243,0.730468440,True,318.885900,-437.785000,1.457458000,318.885900,-437.785000,1.457458000,0.000000
243,244,243,244,0.739425128,True,319.013200,-436.309000,1.384038000,319.013200,-436.309000,1.384038000,0.000000
244,245,245,246,0.732060721,True,319.140500,-434.833000,1.310369000,319.267800,-433.356900,1.237245000,1.481579
245,246,246,247,0.707375287,True,319.267800,-433.356900,1.237245000,319.757500,-431.943600,1.237245000,1.495735
246,247,246,247,0.714495661,True,319.757500,-431.943600,1.237245000,319.757500,-431.943600,1.237245000,0.000000
247,248,248,249,0.725899926,True,320.247300,-430.530200,1.237245000,320.737000,-429.116900,1.237245000,1.495735
248,249,248,249,0.742140422,True,320.737000,-429.116900,1.237245000,320.737000,-429.116900,1.237245000,0.000000
249,250,249,250,0.720693010,True,321.226700,-427.703500,1.237245000,321.226700,-427.703500,1.237245000,0.000000
250,251,250,251,0.739008509,True,321.716400,-426.290100,1.237245000,321.716400,-426.290100,1.237245000,0.000000
251,252,251,252,0.733147603,True,322.206200,-424.876800,1.237245000,322.206200,-424.876800,1.237245000,0.000000
252,253,253,254,0.731727208,True,322.695900,-423.463400,1.237245000,323.185600,-422.050000,1.237245000,1.495829
253,254,253,254,0.760618357,True,323.185600,-422.050000,1.237245000,323.185600,-422.050000,1.237245000,0.000000
254,255,254,255,0.767048102,True,323.675300,-420.636700,1.237245000,323.675300,-420.636700,1.237245000,0.000000
255,256,255,256,0.752663120,True,324.165100,-419.223300,1.237245000,324.165100,-419.223300,1.237245000,0.000000
256,257,256,257,0.754838505,True,324.654800,-417.810000,1.237245000,324.654800,-417.810000,1.237245000,0.000000
257,258,257,258,0.762226897,True,325.144500,-416.396600,1.237245000,325.144500,-416.396600,1.237245000,0.000000
258,259,258,259,0.758974388,True,325.634200,-414.983200,1.237245000,325.634200,-414.983200,1.237245000,0.000000
259,260,259,260,0.765914964,True,326.124000,-413.569900,1.237245000,326.124000,-413.569900,1.237245000,0.000000
260,261,260,261,0.769673964,True,326.613700,-412.156500,1.237245000,326.613700,-412.156500,1.237245000,0.000000
261,262,261,262,0.769625424,True,327.103400,-410.743200,1.237245000,327.103400,-410.743200,1.237245000,0.000000
262,263,262,263,0.783350617,True,327.593200,-409.329800,1.237245000,327.593200,-409.329800,1.237245000,0.000000
263,264,263,264,0.788143195,True,328.082900,-407.916400,1.237245000,328.082900,-407.916400,1.237245000,0.000000
264,265,264,265,0.815321678,True,328.572600,-406.503100,1.237245000,328.572600,-406.503100,1.237245000,0.000000
265,266,265,266,0.815602599,True,329.062300,-405.089700,1.237245000,329.062300,-405.089700,1.237245000,0.000000
266,267,266,267,0.830758864,True,329.552100,-403.676300,1.237245000,329.552100,-403.676300,1.237245000,0.000000
267,268,267,268,0.857770777,True,330.041800,-402.263000,1.237245000,330.041800,-402.263000,1.237245000,0.000000
268,269,269,270,0.841932641,True,330.531500,-400.849600,1.237245000,331.021200,-399.436300,1.216773000,1.495735
269,270,269,270,0.851674027,True,331.021200,-399.436300,1.216773000,331.021200,-399.436300,1.216773000,0.000000
270,271,270,271,0.853486589,True,331.511000,-398.022900,1.156712000,331.511000,-398.022900,1.156712000,0.000000
271,272,271,272,0.869108702,True,332.000700,-396.609500,1.096507000,332.000700,-396.609500,1.096507000,0.000000
272,273,272,273,0.865844953,True,332.490400,-395.196200,1.036594000,332.490400,-395.196200,1.036594000,0.000000
273,274,273,274,0.871967277,True,333.239100,-393.930600,1.036594000,333.239100,-393.930600,1.036594000,0.000000
274,275,275,276,0.890901006,True,333.987800,-392.665000,1.036594000,334.736500,-391.399400,1.036594000,1.470474
275,276,275,276,0.889035792,True,334.736500,-391.399400,1.036594000,334.736500,-391.399400,1.036594000,0.000000
276,277,277,278,0.890683239,True,335.485200,-390.133800,1.036594000,336.233900,-388.868200,1.036594000,1.470474
277,278,277,278,0.877430227,True,336.233900,-388.868200,1.036594000,336.233900,-388.868200,1.036594000,0.000000
278,279,279,280,0.867494090,True,336.982600,-387.602600,1.036594000,337.731300,-386.337000,1.036594000,1.470474
279,280,279,280,0.852364252,True,337.731300,-386.337000,1.036594000,337.731300,-386.337000,1.036594000,0.000000
280,281,280,281,0.867035241,True,338.480000,-385.071400,1.036594000,338.480000,-385.071400,1.036594000,0.000000
281,282,281,282,0.871472715,True,339.228700,-383.805800,1.036594000,339.228700,-383.805800,1.036594000,0.000000
282,283,283,284,0.865028582,True,339.977400,-382.540200,1.036594000,340.726000,-381.274700,1.036594000,1.470337
283,284,283,284,0.857342028,True,340.726000,-381.274700,1.036594000,340.726000,-381.274700,1.036594000,0.000000
284,285,284,285,0.866753026,True,341.474700,-380.009100,1.036594000,341.474700,-380.009100,1.036594000,0.000000
285,286,285,286,0.896269874,True,342.223400,-378.743500,1.036594000,342.223400,-378.743500,1.036594000,0.000000
286,287,286,287,0.921678155,True,342.972100,-377.477900,1.036594000,342.972100,-377.477900,1.036594000,0.000000
287,288,287,288,0.946064283,True,343.720800,-376.212300,1.036594000,343.720800,-376.212300,1.036594000,0.000000
288,289,288,289,0.965348086,True,344.469500,-374.946700,1.036594000,344.469500,-374.946700,1.036594000,0.000000
289,290,289,290,0.962141621,True,345.218200,-373.681100,1.036594000,345.218200,-373.681100,1.036594000,0.000000
290,291,290,291,0.960224066,True,345.966900,-372.415500,1.036594000,345.966900,-372.415500,1.036594000,0.000000
291,292,291,292,0.956791830,True,346.715600,-371.149900,1.036594000,346.715600,-371.149900,1.036594000,0.000000
292,293,292,293,0.960749546,True,347.464300,-369.884300,1.036594000,347.464300,-369.884300,1.036594000,0.000000
293,294,294,295,0.943780122,True,348.213000,-368.618700,1.036594000,348.961700,-367.353100,1.036594000,1.470474
294,295,295,296,0.939801188,True,348.961700,-367.353100,1.036594000,349.710400,-366.087600,1.036594000,1.470388
295,296,296,297,0.919447108,True,349.710400,-366.087600,1.036594000,350.459100,-364.822000,1.036594000,1.470474
296,297,296,297,0.938435560,True,350.459100,-364.822000,1.036594000,350.459100,-364.822000,1.036594000,0.000000
297,298,297,298,0.989041276,True,351.207800,-363.556400,1.036594000,351.207800,-363.556400,1.036594000,0.000000
298,299,298,299,0.963357205,True,351.956500,-362.290800,1.036594000,351.956500,-362.290800,1.036594000,0.000000
299,300,299,300,0.984367345,True,352.705200,-361.025200,1.036594000,352.705200,-361.025200,1.036594000,0.000000
300,301,300,301,0.979134609,True,353.453900,-359.759600,1.036594000,353.453900,-359.759600,1.036594000,0.000000
301,302,301,302,0.982290079,True,354.202500,-358.494000,1.036594000,354.202500,-358.494000,1.036594000,0.000000
302,303,302,303,0.986932480,True,354.951200,-357.228400,1.036594000,354.951200,-357.228400,1.036594000,0.000000
303,304,305,306,0.971156380,True,355.699900,-355.962800,1.036594000,357.197300,-353.431600,1.036594000,2.940949
304,305,305,306,0.980422088,True,356.448600,-354.697200,1.036594000,357.197300,-353.431600,1.036594000,1.470474
305,306,305,306,0.969926465,True,357.197300,-353.431600,1.036594000,357.197300,-353.431600,1.036594000,0.000000
306,307,306,307,0.983464840,True,357.946000,-352.166000,1.107397000,357.946000,-352.166000,1.107397000,0.000000
307,308,307,308,0.992935458,True,358.694700,-350.900500,1.294040000,358.694700,-350.900500,1.294040000,0.000000
308,309,278,279,0.996544903,True,359.443400,-349.634900,1.484724000,336.982600,-387.602600,1.036594000,44.113873
309,310,309,310,0.997003561,True,360.192100,-348.369300,1.666232000,360.192100,-348.369300,1.666232000,0.000000
310,311,310,311,0.998572130,True,360.054400,-346.931200,1.666232000,360.054400,-346.931200,1.666232000,0.000000
311,312,311,312,0.998483823,True,359.916800,-345.493100,1.666232000,359.916800,-345.493100,1.666232000,0.000000
312,313,314,315,0.978347021,True,359.779100,-344.055100,1.666232000,359.503800,-341.178900,1.666232000,2.889345
313,314,314,315,0.959754368,True,359.641500,-342.617000,1.666232000,359.503800,-341.178900,1.666232000,1.444677
314,315,314,315,0.969522558,True,359.503800,-341.178900,1.666232000,359.503800,-341.178900,1.666232000,0.000000
315,316,315,316,0.982450747,True,359.366100,-339.740800,1.666232000,359.366100,-339.740800,1.666232000,0.000000
316,317,316,317,0.963979450,True,359.228500,-338.302800,1.666232000,359.228500,-338.302800,1.666232000,0.000000
317,318,318,319,0.973748331,True,359.090800,-336.864700,1.666232000,358.953100,-335.426600,1.666232000,1.444677
318,319,318,319,0.977313410,True,358.953100,-335.426600,1.666232000,358.953100,-335.426600,1.666232000,0.000000
319,320,981,982,0.998482855,True,358.815500,-333.988500,1.666232000,455.625600,-706.284200,-0.320988000,384.676856
320,321,321,322,0.993371393,True,358.677800,-332.550500,1.666232000,358.540200,-331.112400,1.666232000,1.444668
321,322,322,323,0.955757108,True,358.540200,-331.112400,1.666232000,358.402500,-329.674300,1.666232000,1.444677
322,323,322,323,0.949942676,True,358.402500,-329.674300,1.666232000,358.402500,-329.674300,1.666232000,0.000000
323,324,324,325,0.923304600,True,358.264800,-328.236200,1.666232000,358.127200,-326.798200,1.666232000,1.444568
324,325,324,325,0.930756553,True,358.127200,-326.798200,1.666232000,358.127200,-326.798200,1.666232000,0.000000
325,326,326,327,0.907404342,True,357.989500,-325.360100,1.666232000,357.851900,-323.922000,1.666232000,1.444668
326,327,327,328,0.890263491,True,357.851900,-323.922000,1.666232000,357.714200,-322.484000,1.666232000,1.444578
327,328,328,329,0.890172423,True,357.714200,-322.484000,1.666232000,357.576500,-321.045900,1.742773000,1.444677
328,329,329,330,0.890317830,True,357.576500,-321.045900,1.742773000,357.438900,-319.607800,1.916987000,1.444668
329,330,330,331,0.893661671,True,357.438900,-319.607800,1.916987000,357.301200,-318.169700,2.094130000,1.444677
330,331,330,331,0.910023598,True,357.301200,-318.169700,2.094130000,357.301200,-318.169700,2.094130000,0.000000
331,332,331,332,0.928565023,True,357.163600,-316.731700,2.263549000,357.163600,-316.731700,2.263549000,0.000000
332,333,332,333,0.935418188,True,356.217000,-315.591200,2.263549000,356.217000,-315.591200,2.263549000,0.000000
333,334,333,334,0.954813509,True,355.270400,-314.450700,2.263549000,355.270400,-314.450700,2.263549000,0.000000
334,335,334,335,0.978154811,True,354.323900,-313.310300,2.263549000,354.323900,-313.310300,2.263549000,0.000000
335,336,335,336,0.976425955,True,353.377300,-312.169800,2.263549000,353.377300,-312.169800,2.263549000,0.000000
336,337,336,337,0.968115794,True,352.430700,-311.029300,2.263549000,352.430700,-311.029300,2.263549000,0.000000
337,338,338,339,0.978245083,True,351.484200,-309.888800,2.263549000,350.537600,-308.748400,2.263549000,1.482081
338,339,338,339,0.958285770,True,350.537600,-308.748400,2.263549000,350.537600,-308.748400,2.263549000,0.000000
339,340,339,340,0.977478316,True,349.591100,-307.607900,2.263549000,349.591100,-307.607900,2.263549000,0.000000
340,341,340,341,0.976178208,True,348.644500,-306.467400,2.263549000,348.644500,-306.467400,2.263549000,0.000000
341,342,341,342,0.992215660,True,347.697900,-305.327000,2.263549000,347.697900,-305.327000,2.263549000,0.000000
342,343,595,596,0.993230970,True,346.751400,-304.186500,2.263549000,88.550500,-430.800800,-1.831098000,287.574140
343,344,767,768,0.987953201,True,345.804800,-303.046000,2.263549000,175.831000,-626.977500,0.146159000,365.817864
344,345,767,768,0.991039333,True,344.858300,-301.905600,2.263549000,175.831000,-626.977500,0.146159000,366.390459
345,346,770,771,0.986873102,True,343.911700,-300.765100,2.271182000,179.976400,-626.397400,0.182885000,364.569853
346,347,770,771,0.998443714,True,342.965100,-299.624600,2.312862000,179.976400,-626.397400,0.182885000,365.165413
347,348,349,350,0.994676783,True,342.018600,-298.484200,2.416515000,340.125500,-296.351200,2.873196000,2.851932
348,349,350,351,0.991403890,True,341.072000,-297.343700,2.613796000,339.150600,-295.612600,3.136989000,2.586211
349,350,327,328,0.995997392,True,340.125500,-296.351200,2.873196000,357.714200,-322.484000,1.666232000,31.500565
350,351,774,775,0.998942028,True,339.150600,-295.612600,3.136989000,185.647300,-625.348500,0.182885000,363.715585
351,352,775,776,0.974921928,True,338.157000,-295.127700,-2.902244000,187.065000,-625.086300,0.182885000,362.906972
352,353,600,601,0.992181746,True,337.154400,-294.896200,-2.692361000,86.642200,-437.965800,-1.831098000,288.487908
353,354,775,776,0.999498645,True,336.152500,-294.917900,-2.522212000,187.065000,-625.086300,0.182885000,362.268209
354,355,356,357,0.995497225,True,335.161000,-295.192700,-2.388495000,333.247700,-296.500600,-2.238895000,2.317611
355,356,357,358,0.992860799,True,334.189500,-295.720300,-2.294979000,332.345300,-297.533300,-2.219980000,2.586125
356,357,359,360,0.979768274,True,333.247700,-296.500600,-2.238895000,330.686200,-299.719300,-2.219980000,4.113552
357,358,359,360,0.984918938,True,332.345300,-297.533300,-2.219980000,330.686200,-299.719300,-2.219980000,2.744305
358,359,884,885,0.997092335,True,331.515800,-298.626300,-2.219980000,327.486800,-642.301900,-0.507208000,343.699216
359,360,361,362,0.992949322,True,330.686200,-299.719300,-2.219980000,329.027200,-301.905400,-2.219980000,2.744324
360,361,355,356,0.993694659,True,329.856700,-300.812400,-2.219980000,334.189500,-295.720300,-2.294979000,6.686003
361,362,782,783,0.997759956,True,329.027200,-301.905400,-2.219980000,196.821500,-622.940500,0.429472000,347.191421
362,363,612,613,0.983976049,True,328.197700,-302.998400,-2.219980000,82.062100,-455.161800,-1.830367000,289.372483
363,364,597,598,0.980607144,True,327.368200,-304.091400,-2.219980000,87.787200,-433.666800,-1.831098000,272.376284
364,365,598,599,0.997102563,True,326.538700,-305.184500,-2.219980000,87.405500,-435.099800,-1.831098000,272.144580
365,366,892,893,0.986323515,True,325.709100,-306.277500,-2.313787000,337.916800,-648.097800,-0.507208000,342.038222
366,367,599,600,0.981824008,True,324.879600,-307.370500,-2.465364000,87.023800,-436.532800,-1.831098000,270.662671
367,368,600,601,0.984686945,True,324.050100,-308.463500,-2.618196000,86.642200,-437.965800,-1.831098000,270.431797
368,369,601,602,0.956993829,True,323.220600,-309.556600,-2.765395000,86.260500,-439.398800,-1.831098000,270.201935
369,370,602,603,0.975657831,True,321.842900,-310.100800,-2.765395000,85.878800,-440.831800,-1.831098000,269.758505
370,371,342,343,0.984729541,True,320.465200,-310.645000,-2.765395000,346.751400,-304.186500,2.263549000,27.067998
371,372,603,604,0.990110728,True,319.087500,-311.189200,-2.765395000,85.497100,-442.264800,-1.831098000,267.853109
372,373,994,995,0.999330359,True,317.709800,-311.733400,-2.765395000,473.430600,-712.204100,-0.025088000,429.680985
373,374,605,606,0.978634191,True,316.332100,-312.277600,-2.765395000,84.733800,-445.130800,-1.831098000,266.997650
374,375,606,607,0.998554151,True,314.954400,-312.821800,-2.765395000,84.352100,-446.563800,-1.831098000,266.578963
375,376,67,68,0.997095679,True,313.576600,-313.366000,-2.765395000,418.848500,-632.061400,2.980449000,335.632136
376,377,998,999,0.988122703,True,312.198900,-313.910200,-2.765395000,478.876600,-712.277100,0.093525000,431.830572
377,378,999,1000,0.973748567,True,310.821200,-314.454400,-2.765395000,480.235400,-712.149700,0.093525000,432.276211
378,379,1001,1002,0.996648821,True,309.443500,-314.998700,-2.765395000,482.953000,-711.894800,0.093525000,433.165166
379,380,413,414,0.997963952,True,308.065800,-315.542900,-2.765395000,259.119600,-315.305200,2.567921000,48.946777
380,381,237,238,0.999231823,True,306.688100,-316.087100,-2.802120000,318.249400,-445.165100,1.484764000,129.594729
381,382,1003,1004,0.999747875,True,305.310400,-316.631300,-2.901422000,485.670600,-711.639900,0.126642000,434.236797
382,383,1004,1005,0.988669076,True,303.932700,-317.175500,-3.001341000,487.029400,-711.512400,0.176763000,434.771195
383,384,561,562,0.996757012,True,302.555000,-317.719700,-3.099910000,102.059700,-382.275400,-1.869313000,210.631915
384,385,565,566,0.997887433,True,301.067900,-317.781700,-3.099910000,100.320100,-387.928700,-1.869313000,212.650607
385,386,1006,1007,0.994653321,True,299.580800,-317.843700,-3.099910000,489.747000,-711.257500,0.276882000,436.964074
386,387,1008,1009,0.997923493,True,298.093800,-317.905800,-3.099910000,492.625400,-710.439500,0.276882000,438.092740
387,388,572,573,0.997036247,True,296.606700,-317.967800,-3.099910000,97.329000,-397.841800,-1.831098000,214.689212
388,389,613,614,0.997495910,True,295.119600,-318.029800,-3.099910000,81.680400,-456.594800,-1.825315000,254.473086
389,390,571,572,0.990187864,True,293.632600,-318.091800,-3.099910000,97.710600,-396.408800,-1.831098000,210.995219
390,391,615,616,0.986047643,True,292.145500,-318.153800,-3.099910000,80.917100,-459.460800,-1.723924000,254.135997
391,392,992,993,0.971383436,True,290.658400,-318.215900,-3.116399000,470.691300,-711.293400,-0.266455000,432.344499
392,393,992,993,0.969068305,True,289.171300,-318.277900,3.120758000,470.691300,-711.293400,-0.266455000,432.909568
393,394,993,994,0.962674114,True,287.684300,-318.339900,3.074667000,472.061000,-711.748700,-0.146243000,434.471232
394,395,226,227,0.999210109,True,286.197200,-318.401900,3.028709000,316.849100,-461.401200,1.484764000,146.247526
395,396,408,409,0.996785046,True,284.734500,-318.236100,3.028709000,265.718900,-316.080400,3.028709000,19.137400
396,397,409,410,0.997233908,True,283.271700,-318.070300,3.028709000,264.256200,-315.914600,3.024555000,19.137301
397,398,1016,1017,0.997366379,True,281.809000,-317.904500,3.028709000,503.817700,-706.931800,0.523167000,447.917518
398,399,703,704,0.982210719,True,280.346300,-317.738600,3.028709000,108.164700,-582.205300,-1.219298000,315.577469
399,400,701,702,0.992512715,True,278.883500,-317.572800,3.028709000,107.312300,-579.382400,-1.277540000,313.019078
400,401,706,707,0.989640616,True,277.420800,-317.407000,3.028709000,109.618800,-586.322100,-1.135524000,316.974514
401,402,708,709,0.988002774,True,275.958100,-317.241200,3.028709000,110.822200,-588.910000,-1.135524000,317.921063
402,403,429,430,0.994088149,True,274.495300,-317.075300,3.028709000,247.297800,-305.193700,-2.980240000,29.679562
403,404,395,396,0.998447772,True,273.032600,-316.909500,3.028709000,284.734500,-318.236100,3.028709000,11.776856
404,405,397,398,0.961919061,True,271.569900,-316.743700,3.028709000,281.809000,-317.904500,3.028709000,10.304689
405,406,1096,1097,0.987961387,True,270.107100,-316.577900,3.028709000,514.253800,-604.889700,2.029888000,377.797969
406,407,399,400,0.990537346,True,268.644400,-316.412100,3.028709000,278.883500,-317.572800,3.028709000,10.304678
407,408,433,434,0.999517615,True,267.181700,-316.246200,3.028709000,243.288600,-305.687400,-2.707585000,26.122184
408,409,159,160,0.980237068,True,265.718900,-316.080400,3.028709000,349.700500,-527.798800,2.796535000,227.766525
409,410,238,239,0.963898846,True,264.256200,-315.914600,3.024555000,318.376700,-443.689000,1.484764000,138.763561
410,411,397,398,0.984970078,True,262.793500,-315.748800,2.999861000,281.809000,-317.904500,3.028709000,19.137301
411,412,398,399,0.984983359,True,261.330700,-315.582900,2.912166000,280.346300,-317.738600,3.028709000,19.137400
412,413,1093,1094,0.989710342,True,259.868000,-315.417100,2.705987000,516.181300,-608.789000,2.029888000,389.568453
413,414,438,439,0.990733496,True,259.119600,-315.305200,2.567921000,238.618900,-308.313700,-2.053357000,21.660096
414,415,400,401,0.997101502,True,258.371300,-315.193200,2.413760000,277.420800,-317.407000,3.028709000,19.177705
415,416,1096,1097,0.986497801,True,257.224800,-314.863700,2.195106000,514.253800,-604.889700,2.029888000,387.529338
416,417,400,401,0.988128314,True,256.345900,-314.363500,2.054505000,277.420800,-317.407000,3.028709000,21.293527
417,418,720,721,0.989425624,True,255.652000,-313.627900,1.973216000,118.327700,-604.304300,-0.918441000,321.482088
418,419,415,416,0.998215600,True,255.060500,-312.591900,1.933439000,257.224800,-314.863700,2.195106000,3.137717
419,420,407,408,0.986972419,True,254.774600,-311.891300,2.016152000,267.181700,-316.246200,3.028709000,13.149193
420,421,408,409,0.972093458,True,254.488700,-311.190700,2.128387000,265.718900,-316.080400,3.028709000,12.248533
421,422,409,410,0.988504995,True,254.070300,-310.051100,2.327298000,264.256200,-315.914600,3.024555000,11.753008
422,423,410,411,0.997928979,True,253.651900,-308.911600,2.525868000,262.793500,-315.748800,2.999861000,11.415610
423,424,211,212,0.999935183,True,253.233500,-307.772000,2.712850000,315.151100,-479.497100,1.391050000,182.546704
424,425,212,213,0.984238482,True,252.137100,-307.264400,2.733382000,315.832400,-478.394000,1.519153000,182.599100
425,426,213,214,0.990033814,True,251.040700,-306.756900,2.791019000,315.909700,-476.899500,1.519256000,182.089240
426,427,767,768,0.990465459,True,249.944300,-306.249300,2.912004000,175.831000,-626.977500,0.146159000,329.179829
427,428,767,768,0.996631283,True,249.205700,-305.922900,3.020110000,175.831000,-626.977500,0.146159000,329.332511
428,429,768,769,0.999114495,True,248.467000,-305.596600,3.136790000,177.194800,-626.818500,0.164527000,329.033791
429,430,329,330,0.992442008,True,247.297800,-305.193700,-2.980240000,357.438900,-319.607800,1.916987000,111.080278
430,431,330,331,0.975385546,True,246.277800,-305.034300,-2.875693000,357.301200,-318.169700,2.094130000,111.797737
431,432,856,857,0.996717991,True,245.248400,-305.112100,-2.818339000,290.554700,-623.895100,-0.391148000,321.986431
432,433,856,857,0.986020300,True,244.050900,-305.420800,-2.793171000,290.554700,-623.895100,-0.391148000,321.851648
433,434,333,334,0.990143544,True,243.288600,-305.687400,-2.707585000,355.270400,-314.450700,2.263549000,112.324169
434,435,848,849,0.980100312,True,242.526400,-305.954100,-2.579073000,279.814100,-619.465700,-0.391148000,315.721231
435,436,182,183,0.989148628,True,241.393100,-306.373100,-2.380974000,321.195800,-512.908400,2.629511000,221.416578
436,437,436,437,0.982727889,True,240.259700,-306.792000,-2.185197000,240.259700,-306.792000,-2.185197000,0.000000
437,438,437,438,0.965860039,True,239.126300,-307.211000,-2.012961000,239.126300,-307.211000,-2.012961000,0.000000
438,439,438,439,0.962825713,True,238.618900,-308.313700,-2.053357000,238.618900,-308.313700,-2.053357000,0.000000
439,440,439,440,0.961307348,True,238.111500,-309.416400,-2.158785000,238.111500,-309.416400,-2.158785000,0.000000
440,441,440,441,0.980187062,True,237.604100,-310.519100,-2.352112000,237.604100,-310.519100,-2.352112000,0.000000
441,442,441,442,0.996167956,True,236.928100,-311.845300,-2.655502000,236.928100,-311.845300,-2.655502000,0.000000
442,443,433,434,0.999851185,True,236.248700,-312.810900,-2.882923000,243.288600,-305.687400,-2.707585000,10.015211
443,444,341,342,0.977012025,True,235.486300,-313.465400,-3.029859000,347.697900,-305.327000,2.263549000,112.506341
444,445,361,362,0.998728599,True,234.561400,-313.857900,-3.115771000,329.027200,-301.905400,-2.219980000,95.218956
445,446,361,362,0.985330781,True,233.394500,-314.037700,3.124508000,329.027200,-301.905400,-2.219980000,96.399201
446,447,361,362,0.991726271,True,231.906100,-314.054300,3.112554000,329.027200,-301.905400,-2.219980000,97.878005
447,448,73,74,0.999910943,True,230.427800,-314.011400,3.112554000,411.111300,-629.185200,2.383463000,363.291964
448,449,842,843,0.993985688,True,228.949500,-313.968400,3.112554000,271.758700,-616.143700,-0.391148000,305.192627
449,450,74,75,0.997054092,True,227.471300,-313.925500,3.112554000,410.079600,-628.208300,2.383463000,363.482420
450,451,219,220,0.992717166,True,225.993000,-313.882500,3.112554000,316.305500,-469.143000,1.507882000,179.616732
451,452,479,480,0.994808093,True,224.514700,-313.839600,3.112554000,183.054500,-313.091300,-3.094429000,41.466952
452,453,480,481,0.989032209,True,223.036400,-313.796700,3.112554000,181.559100,-313.161900,-3.094429000,41.482157
453,454,824,825,0.996183713,True,221.558100,-313.753700,3.112554000,247.543900,-606.109800,-0.393477000,293.508690
454,455,482,483,0.985347314,True,220.079800,-313.710800,3.112554000,178.568400,-313.303100,-3.094429000,41.513402
455,456,483,484,0.993071057,True,218.601600,-313.667800,3.112554000,177.073100,-313.373700,-3.094429000,41.529541
456,457,991,992,0.992757075,True,217.123300,-313.624900,3.112554000,469.321700,-710.838000,-0.320988000,470.512784
457,458,636,637,0.991976873,True,215.645000,-313.582000,3.112554000,84.286500,-486.281000,-1.381090000,216.979262
458,459,842,843,0.994879131,True,214.166700,-313.539000,3.112554000,271.758700,-616.143700,-0.391148000,308.036431
459,460,222,223,0.997660369,True,212.688400,-313.496100,3.112554000,316.491900,-465.849400,1.490031000,184.354806
460,461,876,877,0.999152649,True,211.210100,-313.453100,3.112554000,317.056700,-636.505900,-0.507208000,339.950900
461,462,355,356,0.992361397,True,209.731800,-313.410200,3.112554000,334.189500,-295.720300,-2.294979000,125.708598
462,463,877,878,0.995598494,True,208.253600,-313.367300,3.112554000,318.360500,-637.230400,-0.507208000,342.068468
463,464,836,837,0.966730342,True,206.775300,-313.324300,3.112554000,263.699600,-612.816400,-0.391827000,304.853889
464,465,494,495,0.999413522,True,205.297000,-313.281400,3.112554000,160.624300,-314.150000,-3.094429000,44.681144
465,466,246,247,0.997825961,True,203.818700,-313.238400,3.112554000,319.757500,-431.943600,1.237245000,165.929894
466,467,249,250,0.999176924,True,202.340400,-313.195500,3.112554000,321.226700,-427.703500,1.237245000,165.063728
467,468,222,223,0.995125877,True,200.862100,-313.152600,3.112554000,316.491900,-465.849400,1.490031000,191.537368
468,469,842,843,0.993013252,True,199.383800,-313.109600,3.112554000,271.758700,-616.143700,-0.391148000,311.557044
469,470,703,704,0.986375604,True,197.905600,-313.066700,3.112554000,108.164700,-582.205300,-1.219298000,283.705860
470,471,1062,1063,0.999163019,True,196.427300,-313.023700,3.112554000,530.703400,-651.919200,1.678358000,476.015410
471,472,222,223,0.997732529,True,194.949000,-312.980800,3.112554000,316.491900,-465.849400,1.490031000,195.298452
472,473,488,489,0.994742239,True,193.470700,-312.937900,3.121133000,169.596400,-313.726600,-3.094429000,23.887324
473,474,488,489,0.999759248,True,191.992400,-312.894900,-3.139511000,169.596400,-313.726600,-3.094429000,22.411438
474,475,651,652,0.984985037,True,190.514100,-312.852000,-3.116962000,88.571700,-508.158900,-1.324871000,220.311230
475,476,489,490,0.972913800,True,189.035800,-312.809000,-3.094429000,168.101000,-313.797100,-3.094429000,20.958106
476,477,489,490,0.992751310,True,187.540500,-312.879600,-3.094429000,168.101000,-313.797100,-3.094429000,19.461140
477,478,492,493,0.976726689,True,186.045200,-312.950200,-3.094429000,163.615000,-314.008900,-3.094429000,22.455171
478,479,492,493,0.991838462,True,184.549800,-313.020800,-3.094429000,163.615000,-314.008900,-3.094429000,20.958106
479,480,493,494,0.973771761,True,183.054500,-313.091300,-3.094429000,162.119600,-314.079400,-3.094429000,20.958206
480,481,489,490,0.986531251,True,181.559100,-313.161900,-3.094429000,168.101000,-313.797100,-3.094429000,13.473082
481,482,494,495,0.979552873,True,180.063800,-313.232500,-3.094429000,160.624300,-314.150000,-3.094429000,19.461140
482,483,494,495,0.968422489,True,178.568400,-313.303100,-3.094429000,160.624300,-314.150000,-3.094429000,17.964074
483,484,493,494,0.981053778,True,177.073100,-313.373700,-3.094429000,162.119600,-314.079400,-3.094429000,14.970143
484,485,494,495,0.954309895,True,175.577700,-313.444200,-3.094429000,160.624300,-314.150000,-3.094429000,14.970048
485,486,494,495,0.975072150,True,174.082400,-313.514800,-3.094429000,160.624300,-314.150000,-3.094429000,13.473082
486,487,494,495,0.955923296,True,172.587000,-313.585400,-3.094429000,160.624300,-314.150000,-3.094429000,11.976016
487,488,494,495,0.982347155,True,171.091700,-313.656000,-3.094429000,160.624300,-314.150000,-3.094429000,10.479050
488,489,493,494,0.988159705,True,169.596400,-313.726600,-3.094429000,162.119600,-314.079400,-3.094429000,7.485119
489,490,494,495,0.991948318,True,168.101000,-313.797100,-3.094429000,160.624300,-314.150000,-3.094429000,7.485024
490,491,500,501,0.991080419,True,166.605700,-313.867700,-3.094429000,151.652200,-314.573500,-3.094429000,14.970147
491,492,495,496,0.985023624,True,165.110300,-313.938300,-3.094429000,159.128900,-314.220600,-3.094429000,5.988058
492,493,497,498,0.963806056,True,163.615000,-314.008900,-3.094429000,156.138200,-314.361800,-3.094429000,7.485124
493,494,497,498,0.984732717,True,162.119600,-314.079400,-3.094429000,156.138200,-314.361800,-3.094429000,5.988063
494,495,499,500,0.978688389,True,160.624300,-314.150000,-3.094429000,153.147600,-314.502900,-3.094429000,7.485024
495,496,500,501,0.963913758,True,159.128900,-314.220600,-3.094429000,151.652200,-314.573500,-3.094429000,7.485024
496,497,500,501,0.948132384,True,157.633600,-314.291200,-3.094429000,151.652200,-314.573500,-3.094429000,5.988058
497,498,501,502,0.971615153,True,156.138200,-314.361800,-3.094429000,150.156900,-314.644100,-3.034439000,5.987958
498,499,503,504,0.994338894,True,154.642900,-314.432300,-3.094429000,147.166200,-314.785200,-2.658459000,7.485024
499,500,510,511,0.985272036,True,153.147600,-314.502900,-3.094429000,138.717900,-320.303400,-2.476999000,15.551914
500,501,510,511,0.979219455,True,151.652200,-314.573500,-3.094429000,138.717900,-320.303400,-2.476999000,14.146656
501,502,511,512,0.946914708,True,150.156900,-314.644100,-3.034439000,137.559100,-321.211300,-2.476999000,14.206783
502,503,512,513,0.938797387,True,148.661500,-314.714700,-2.848650000,136.400300,-322.119200,-2.476999000,14.323535
503,504,512,513,0.925635779,True,147.166200,-314.785200,-2.658459000,136.400300,-322.119200,-2.476999000,13.026594
504,505,514,515,0.921362879,True,145.670800,-314.855800,-2.476999000,134.082700,-323.935000,-2.476999000,14.721275
505,506,515,516,0.947134807,True,144.512000,-315.763700,-2.476999000,132.923800,-324.843000,-2.476999000,14.721415
506,507,515,516,0.931606877,True,143.353200,-316.671700,-2.476999000,132.923800,-324.843000,-2.476999000,13.249246
507,508,515,516,0.967743541,True,142.194400,-317.579600,-2.476999000,132.923800,-324.843000,-2.476999000,11.777139
508,509,516,517,0.972312214,True,141.035600,-318.487500,-2.476999000,131.765000,-325.750900,-2.476999000,11.777139
509,510,518,519,0.952909119,True,139.876700,-319.395400,-2.476999000,129.447400,-327.566700,-2.476999000,13.249168
510,511,518,519,0.962634813,True,138.717900,-320.303400,-2.476999000,129.447400,-327.566700,-2.476999000,11.776999
511,512,519,520,0.971328735,True,137.559100,-321.211300,-2.476999000,128.288600,-328.474700,-2.476999000,11.777060
512,513,520,521,0.967988260,True,136.400300,-322.119200,-2.476999000,127.129800,-329.382600,-2.476999000,11.777060
513,514,519,520,0.976412392,True,135.241500,-323.027100,-2.476999000,128.288600,-328.474700,-2.476999000,8.832846
514,515,522,523,0.962629991,True,134.082700,-323.935000,-2.476999000,124.812100,-331.198400,-2.476999000,11.777139
515,516,523,524,0.991962621,True,132.923800,-324.843000,-2.476999000,123.653300,-332.106400,-2.476999000,11.777060
516,517,517,518,0.990146011,True,131.765000,-325.750900,-2.476999000,130.606200,-326.658800,-2.476999000,1.472107
517,518,524,525,0.984760094,True,130.606200,-326.658800,-2.476999000,122.494500,-333.014300,-2.476999000,10.304953
518,519,524,525,0.994154848,True,129.447400,-327.566700,-2.476999000,122.494500,-333.014300,-2.476999000,8.832846
519,520,526,527,0.983209684,True,128.288600,-328.474700,-2.476999000,120.176900,-334.830100,-2.476999000,10.304891
520,521,522,523,0.980283567,True,127.129800,-329.382600,-2.476999000,124.812100,-331.198400,-2.476999000,2.944293
521,522,522,523,0.987680914,True,125.970900,-330.290500,-2.476999000,124.812100,-331.198400,-2.476999000,1.472107
522,523,522,523,0.990751661,True,124.812100,-331.198400,-2.476999000,124.812100,-331.198400,-2.476999000,0.000000
523,524,525,526,0.989779754,True,123.653300,-332.106400,-2.476999000,121.335700,-333.922200,-2.476999000,2.944215
524,525,524,525,0.991959346,True,122.494500,-333.014300,-2.476999000,122.494500,-333.014300,-2.476999000,0.000000
525,526,525,526,0.986096193,True,121.335700,-333.922200,-2.476999000,121.335700,-333.922200,-2.476999000,0.000000
526,527,530,531,0.960583957,True,120.176900,-334.830100,-2.476999000,115.541600,-338.461800,-1.869313000,5.888570
527,528,531,532,0.960306344,True,119.018000,-335.738100,-2.409039000,115.106700,-339.875200,-1.869313000,5.693317
528,529,533,534,0.957328244,True,117.859200,-336.646000,-2.228819000,114.236900,-342.701900,-1.869313000,7.056556
529,530,534,535,0.939426908,True,116.700400,-337.553900,-2.044947000,113.802000,-344.115200,-1.869313000,7.172962
530,531,535,536,0.937934374,True,115.541600,-338.461800,-1.869313000,113.367100,-345.528500,-1.869313000,7.393693
531,532,534,535,0.959608036,True,115.106700,-339.875200,-1.869313000,113.802000,-344.115200,-1.869313000,4.436197
532,533,536,537,0.916140561,True,114.671800,-341.288500,-1.869313000,112.932200,-346.941900,-1.869313000,5.914993
533,534,536,537,0.911643353,True,114.236900,-342.701900,-1.869313000,112.932200,-346.941900,-1.869313000,4.436197
534,535,537,538,0.922944359,True,113.802000,-344.115200,-1.869313000,112.497300,-348.355200,-1.869313000,4.436197
535,536,538,539,0.916095428,True,113.367100,-345.528500,-1.869313000,112.062400,-349.768600,-1.869313000,4.436292
536,537,539,540,0.931860969,True,112.932200,-346.941900,-1.869313000,111.627500,-351.181900,-1.869313000,4.436197
537,538,539,540,0.947907099,True,112.497300,-348.355200,-1.869313000,111.627500,-351.181900,-1.869313000,2.957496
538,539,540,541,0.939583032,True,112.062400,-349.768600,-1.869313000,111.192600,-352.595200,-1.869313000,2.957401
539,540,542,543,0.917797227,True,111.627500,-351.181900,-1.869313000,110.322800,-355.421900,-1.869313000,4.436197
540,541,542,543,0.930579361,True,111.192600,-352.595200,-1.869313000,110.322800,-355.421900,-1.869313000,2.957496
541,542,543,544,0.940475133,True,110.757700,-354.008600,-1.869313000,109.887900,-356.835300,-1.869313000,2.957496
542,543,544,545,0.948822669,True,110.322800,-355.421900,-1.869313000,109.453000,-358.248600,-1.869313000,2.957496
543,544,545,546,0.940394896,True,109.887900,-356.835300,-1.869313000,109.018100,-359.661900,-1.869313000,2.957401
544,545,546,547,0.944105342,True,109.453000,-358.248600,-1.869313000,108.583200,-361.075300,-1.869313000,2.957496
545,546,547,548,0.964535290,True,109.018100,-359.661900,-1.869313000,108.148300,-362.488600,-1.869313000,2.957496
546,547,548,549,0.968244364,True,108.583200,-361.075300,-1.869313000,107.713400,-363.902000,-1.869313000,2.957496
547,548,548,549,0.978798324,True,108.148300,-362.488600,-1.869313000,107.713400,-363.902000,-1.869313000,1.478796
548,549,549,550,0.982573169,True,107.713400,-363.902000,-1.869313000,107.278500,-365.315300,-1.869313000,1.478700
549,550,550,551,0.993071894,True,107.278500,-365.315300,-1.869313000,106.843600,-366.728600,-1.869313000,1.478700
550,551,848,849,0.990316602,True,106.843600,-366.728600,-1.869313000,279.814100,-619.465700,-0.391148000,306.259425
551,552,551,552,0.992330895,True,106.408700,-368.142000,-1.869313000,106.408700,-368.142000,-1.869313000,0.000000
552,553,994,995,0.995576729,True,105.973800,-369.555300,-1.869313000,473.430600,-712.204100,-0.025088000,502.426811
553,554,324,325,0.999190955,True,105.538900,-370.968700,-1.869313000,358.127200,-326.798200,1.666232000,256.421299
554,555,1009,1010,0.990651448,True,105.104000,-372.382000,-1.869313000,494.064600,-710.030500,0.276882000,515.069760
555,556,552,553,0.999992995,True,104.669100,-373.795300,-1.869313000,105.973800,-369.555300,-1.869313000,4.436197
556,557,67,68,0.992864034,True,104.234200,-375.208700,-1.869313000,418.848500,-632.061400,2.980449000,406.147101
557,558,296,297,0.998914714,True,103.799300,-376.622000,-1.869313000,350.459100,-364.822000,1.036594000,246.941890
558,559,489,490,0.996107075,True,103.364400,-378.035400,-1.869313000,168.101000,-313.797100,-3.094429000,91.199707
559,560,558,559,0.967551031,True,102.929500,-379.448700,-1.869313000,103.364400,-378.035400,-1.869313000,1.478700
560,561,559,560,0.975630843,True,102.494600,-380.862000,-1.869313000,102.929500,-379.448700,-1.869313000,1.478700
561,562,559,560,0.987267791,True,102.059700,-382.275400,-1.869313000,102.929500,-379.448700,-1.869313000,2.957496
562,563,1006,1007,0.976263711,True,101.624800,-383.688700,-1.869313000,489.747000,-711.257500,0.276882000,507.878096
563,564,500,501,0.997251491,True,101.189900,-385.102100,-1.869313000,151.652200,-314.573500,-3.094429000,86.722126
564,565,1044,1045,0.998210453,True,100.755000,-386.515400,-1.869313000,528.767100,-677.611300,1.302063000,517.620692
565,566,1008,1009,0.980392387,True,100.320100,-387.928700,-1.869313000,492.625400,-710.439500,0.276882000,507.854964
566,567,1008,1009,0.990072213,True,99.885200,-389.342100,-1.869313000,492.625400,-710.439500,0.276882000,507.295185
567,568,1044,1045,0.983688592,True,99.450300,-390.755400,-1.869313000,528.767100,-677.611300,1.302063000,516.332472
568,569,1044,1045,0.992654188,True,99.015400,-392.168800,-1.865005000,528.767100,-677.611300,1.302063000,515.910791
569,570,543,544,0.998823965,True,98.580500,-393.582100,-1.853702000,109.887900,-356.835300,-1.869313000,38.447166
570,571,708,709,0.990966815,True,98.145600,-394.995400,-1.842399000,110.822200,-588.910000,-1.135524000,194.328506
571,572,708,709,0.977910652,True,97.710600,-396.408800,-1.831098000,110.822200,-588.910000,-1.135524000,192.947211
572,573,596,597,0.999125895,True,97.329000,-397.841800,-1.831098000,88.168800,-432.233800,-1.831098000,35.590995
573,574,315,316,0.999844698,True,96.947300,-399.274800,-1.831098000,359.366100,-339.740800,1.666232000,269.087205
574,575,1050,1051,0.995393300,True,96.565600,-400.707800,-1.831098000,531.022900,-669.419900,1.357850000,510.841794
575,576,1051,1052,0.989978599,True,96.184000,-402.140800,-1.831098000,531.398900,-668.054700,1.464923000,510.021775
576,577,1018,1019,0.991382760,True,95.802300,-403.573800,-1.831098000,506.053100,-705.642500,0.575786000,509.461695
577,578,1008,1009,0.989992009,True,95.420600,-405.006800,-1.831098000,492.625400,-710.439500,0.276882000,501.059664
578,579,494,495,0.999338454,True,95.038900,-406.439800,-1.831098000,160.624300,-314.150000,-3.094429000,113.220369
579,580,489,490,0.992467741,True,94.657300,-407.872800,-1.831098000,168.101000,-313.797100,-3.094429000,119.349128
580,581,239,240,0.994225139,True,94.275600,-409.305800,-1.831098000,318.504000,-442.213000,1.484764000,226.630226
581,582,1057,1058,0.994701522,True,93.893900,-410.738800,-1.831098000,531.507500,-659.366500,1.678358000,503.310437
582,583,493,494,0.997139174,True,93.512300,-412.171800,-1.831098000,162.119600,-314.079400,-3.094429000,119.704138
583,584,330,331,0.992162779,True,93.130600,-413.604800,-1.831098000,357.301200,-318.169700,2.094130000,280.880694
584,585,477,478,0.993360074,True,92.748900,-415.037800,-1.831098000,186.045200,-312.950200,-3.094429000,138.297063
585,586,245,246,0.993666783,True,92.367200,-416.470800,-1.831098000,319.267800,-433.356900,1.237245000,227.528070
586,587,332,333,0.987728252,True,91.985600,-417.903800,-1.831098000,356.217000,-315.591200,2.263549000,283.348021
587,588,305,306,0.998163105,True,91.603900,-419.336800,-1.831098000,357.197300,-353.431600,1.036594000,273.648222
588,589,477,478,0.998894829,True,91.222200,-420.769800,-1.831098000,186.045200,-312.950200,-3.094429000,143.584357
589,590,339,340,0.999741821,True,90.840600,-422.202800,-1.831098000,349.591100,-307.607900,2.263549000,282.990834
590,591,339,340,0.990916132,True,90.458900,-423.635800,-1.831098000,349.591100,-307.607900,2.263549000,283.922473
591,592,340,341,0.985918989,True,90.077200,-425.068800,-1.831098000,348.644500,-306.467400,2.263549000,284.470281
592,593,340,341,0.963403795,True,89.695500,-426.501800,-1.831098000,348.644500,-306.467400,2.263549000,285.416961
593,594,340,341,0.985766538,True,89.313900,-427.934800,-1.831098000,348.644500,-306.467400,2.263549000,286.368101
594,595,510,511,0.982103996,True,88.932200,-429.367800,-1.831098000,138.717900,-320.303400,-2.476999000,119.890197
595,596,512,513,0.967243408,True,88.550500,-430.800800,-1.831098000,136.400300,-322.119200,-2.476999000,118.748868
596,597,512,513,0.983249662,True,88.168800,-432.233800,-1.831098000,136.400300,-322.119200,-2.476999000,120.214403
597,598,513,514,0.970022554,True,87.787200,-433.666800,-1.831098000,135.241500,-323.027100,-2.476999000,120.387100
598,599,514,515,0.988985597,True,87.405500,-435.099800,-1.831098000,134.082700,-323.935000,-2.476999000,120.566885
599,600,512,513,0.998766768,True,87.023800,-436.532800,-1.831098000,136.400300,-322.119200,-2.476999000,124.613445
600,601,516,517,0.998630030,True,86.642200,-437.965800,-1.831098000,131.765000,-325.750900,-2.476999000,120.947306
601,602,1073,1074,0.982060796,True,86.260500,-439.398800,-1.831098000,527.375500,-636.019500,1.953292000,482.951491
602,603,516,517,0.989147193,True,85.878800,-440.831800,-1.831098000,131.765000,-325.750900,-2.476999000,123.891714
603,604,231,232,0.999082065,True,85.497100,-442.264800,-1.831098000,317.485600,-454.021100,1.484764000,232.286191
604,605,211,212,0.990972890,True,85.115500,-443.697800,-1.831098000,315.151100,-479.497100,1.391050000,232.804569
605,606,241,242,0.991778804,True,84.733800,-445.130800,-1.831098000,318.758600,-439.261000,1.484764000,234.098401
606,607,1015,1016,0.979991763,True,84.352100,-446.563800,-1.831098000,502.700000,-707.576500,0.523167000,493.094915
607,608,221,222,0.994449534,True,83.970500,-447.996800,-1.831098000,316.424300,-466.903700,1.494522000,233.221440
608,609,155,156,0.999231364,True,83.588800,-449.429800,-1.831098000,354.375500,-531.284300,2.447274000,282.887957
609,610,1018,1019,0.988110401,True,83.207100,-450.862800,-1.831098000,506.053100,-705.642500,0.575786000,493.671384
610,611,1018,1019,0.994797035,True,82.825400,-452.295800,-1.831098000,506.053100,-705.642500,0.575786000,493.260820
611,612,523,524,0.998444969,True,82.443800,-453.728800,-1.831098000,123.653300,-332.106400,-2.476999000,128.414295
612,613,247,248,0.993024296,True,82.062100,-455.161800,-1.830367000,320.247300,-430.530200,1.237245000,239.455435
613,614,818,819,0.999462177,True,81.680400,-456.594800,-1.825315000,239.466100,-602.756500,-0.393477000,215.080380
614,615,1022,1023,0.989310584,True,81.298800,-458.027800,-1.798331000,510.474500,-702.699100,0.757082000,494.020067
615,616,821,822,0.999774028,True,80.917100,-459.460800,-1.723924000,243.505000,-604.433100,-0.393477000,217.834325
616,617,990,991,0.997014219,True,80.706100,-460.274600,-1.658288000,467.952100,-710.382600,-0.320988000,460.991840
617,618,825,826,0.999001018,True,80.495100,-461.088400,-1.588468000,248.890200,-606.668700,-0.393477000,222.599491
618,619,824,825,0.973900197,True,80.233000,-462.318900,-1.489468000,247.543900,-606.109800,-0.393477000,220.609973
619,620,159,160,0.998764736,True,80.123500,-463.353400,-1.428217000,349.700500,-527.798800,2.796535000,277.173174
620,621,526,527,0.996689770,True,80.159700,-464.393100,-1.396011000,120.176900,-334.830100,-2.476999000,135.602165
621,622,534,535,0.999903401,True,80.334300,-465.639100,-1.383323000,113.802000,-344.115200,-1.869313000,126.048186
622,623,629,630,0.973684733,True,80.487400,-466.465700,-1.382207000,82.323200,-476.056300,-1.381090000,9.764721
623,624,630,631,0.981622668,True,80.640400,-467.292300,-1.381090000,82.603700,-477.517000,-1.381090000,10.411486
624,625,859,860,0.993185310,True,80.920900,-468.753000,-1.381090000,294.582400,-625.556100,-0.391148000,265.025374
625,626,629,630,0.995995929,True,81.201300,-470.213600,-1.381090000,82.323200,-476.056300,-1.381090000,5.949437
626,627,630,631,0.991768198,True,81.481800,-471.674300,-1.381090000,82.603700,-477.517000,-1.381090000,5.949437
627,628,633,634,0.985220871,True,81.762300,-473.135000,-1.381090000,83.445100,-481.899000,-1.381090000,8.924097
628,629,633,634,0.992068210,True,82.042700,-474.595600,-1.381090000,83.445100,-481.899000,-1.381090000,7.436826
629,630,633,634,0.998058485,True,82.323200,-476.056300,-1.381090000,83.445100,-481.899000,-1.381090000,5.949437
630,631,867,868,0.986798400,True,82.603700,-477.517000,-1.381090000,305.322900,-629.985500,-0.507208000,269.908291
631,632,844,845,0.994864662,True,82.884200,-478.977700,-1.381090000,274.443800,-617.251000,-0.391148000,236.251108
632,633,873,874,0.996870034,True,83.164600,-480.438300,-1.381090000,313.145400,-634.332400,-0.507208000,276.721091
633,634,872,873,0.999468733,True,83.445100,-481.899000,-1.381090000,311.841700,-633.607900,-0.507208000,274.190804
634,635,873,874,0.992138032,True,83.725600,-483.359700,-1.381090000,313.145400,-634.332400,-0.507208000,274.638309
635,636,874,875,0.988189843,True,84.006000,-484.820300,-1.381090000,314.449200,-635.056900,-0.507208000,275.091084
636,637,874,875,0.989837019,True,84.286500,-486.281000,-1.381090000,314.449200,-635.056900,-0.507208000,274.060462
637,638,639,640,0.991197316,True,84.567000,-487.741700,-1.381090000,85.127900,-490.663000,-1.381090000,2.974660
638,639,640,641,0.997713612,True,84.847400,-489.202300,-1.381090000,85.408400,-492.123700,-1.381090000,2.974777
639,640,852,853,0.998641002,True,85.127900,-490.663000,-1.381090000,285.184400,-621.680400,-0.391148000,239.140466
640,641,549,550,0.995519108,True,85.408400,-492.123700,-1.381090000,107.278500,-365.315300,-1.869313000,128.680502
641,642,854,855,0.993010032,True,85.688900,-493.584300,-1.381090000,287.869500,-622.787700,-0.391148000,239.938562
642,643,854,855,0.993756720,True,85.969300,-495.045000,-1.381090000,287.869500,-622.787700,-0.391148000,238.918162
643,644,362,363,0.999726723,True,86.249800,-496.505700,-1.381090000,328.197700,-302.998400,-2.219980000,309.812623
644,645,856,857,0.997243015,True,86.530300,-497.966300,-1.381090000,290.554700,-623.895100,-0.391148000,239.758250
645,646,885,886,0.993373393,True,86.810700,-499.427000,-1.381090000,328.790500,-643.026400,-0.507208000,281.380545
646,647,648,649,0.977988000,True,87.091200,-500.887700,-1.381090000,87.652100,-503.809000,-1.358319000,2.974660
647,648,356,357,0.995501583,True,87.371700,-502.348300,-1.375044000,333.247700,-296.500600,-2.238895000,320.668494
648,649,650,651,0.994341287,True,87.652100,-503.809000,-1.358319000,88.213100,-506.730300,-1.324871000,2.974679
649,650,486,487,0.997261120,True,87.932600,-505.269700,-1.341592000,172.587000,-313.585400,-3.094429000,209.545313
650,651,486,487,0.996008834,True,88.213100,-506.730300,-1.324871000,172.587000,-313.585400,-3.094429000,210.769797
651,652,360,361,0.985329058,True,88.571700,-508.158900,-1.324871000,329.856700,-300.812400,-2.219980000,318.136798
652,653,486,487,0.993750552,True,88.930300,-509.587500,-1.324871000,172.587000,-313.585400,-3.094429000,213.108580
653,654,490,491,0.988903760,True,89.288800,-511.016100,-1.324871000,166.605700,-313.867700,-3.094429000,211.767313
654,655,490,491,0.965932126,True,89.647400,-512.444700,-1.324871000,166.605700,-313.867700,-3.094429000,212.968084
655,656,782,783,0.998145927,True,90.006000,-513.873300,-1.324871000,196.821500,-622.940500,0.429472000,152.660424
656,657,652,653,0.998962795,True,90.364600,-515.301900,-1.324871000,88.930300,-509.587500,-1.324871000,5.891654
657,658,659,660,0.977106010,True,90.723200,-516.730500,-1.324871000,91.440400,-519.587700,-1.324871000,2.945839
658,659,660,661,0.967096102,True,91.081800,-518.159100,-1.324871000,91.798900,-521.016200,-1.324871000,2.945718
659,660,661,662,0.977517733,True,91.440400,-519.587700,-1.324871000,92.157500,-522.444800,-1.324871000,2.945718
660,661,662,663,0.949309394,True,91.798900,-521.016200,-1.324871000,92.516100,-523.873400,-1.324871000,2.945839
661,662,662,663,0.943532071,True,92.157500,-522.444800,-1.324871000,92.516100,-523.873400,-1.324871000,1.472920
662,663,663,664,0.919584576,True,92.516100,-523.873400,-1.324871000,92.874700,-525.302000,-1.324871000,1.472920
663,664,663,664,0.950951509,True,92.874700,-525.302000,-1.324871000,92.874700,-525.302000,-1.324871000,0.000000
664,665,665,666,0.927969967,True,93.233300,-526.730600,-1.324871000,93.591900,-528.159200,-1.324871000,1.472920
665,666,665,666,0.944740837,True,93.591900,-528.159200,-1.324871000,93.591900,-528.159200,-1.324871000,0.000000
666,667,666,667,0.967194641,True,93.950500,-529.587800,-1.324871000,93.950500,-529.587800,-1.324871000,0.000000
667,668,667,668,0.933603457,True,94.309000,-531.016400,-1.324871000,94.309000,-531.016400,-1.324871000,0.000000
668,669,669,670,0.915529388,True,94.667600,-532.445000,-1.324871000,95.026200,-533.873600,-1.324871000,1.472920
669,670,669,670,0.934930407,True,95.026200,-533.873600,-1.324871000,95.026200,-533.873600,-1.324871000,0.000000
670,671,671,672,0.931210794,True,95.384800,-535.302200,-1.324871000,95.743400,-536.730700,-1.324871000,1.472823
671,672,672,673,0.938211556,True,95.743400,-536.730700,-1.324871000,96.102000,-538.159300,-1.324871000,1.472920
672,673,672,673,0.967510524,True,96.102000,-538.159300,-1.324871000,96.102000,-538.159300,-1.324871000,0.000000
673,674,674,675,0.937803873,True,96.460600,-539.587900,-1.324871000,96.819100,-541.016500,-1.324871000,1.472895
674,675,674,675,0.942655135,True,96.819100,-541.016500,-1.324871000,96.819100,-541.016500,-1.324871000,0.000000
675,676,676,677,0.942987859,True,97.177700,-542.445100,-1.324871000,97.536300,-543.873700,-1.324871000,1.472920
676,677,676,677,0.944886775,True,97.536300,-543.873700,-1.324871000,97.536300,-543.873700,-1.324871000,0.000000
677,678,678,679,0.969922672,True,97.894900,-545.302300,-1.324871000,98.253500,-546.730900,-1.324871000,1.472920
678,679,678,679,0.971973231,True,98.253500,-546.730900,-1.324871000,98.253500,-546.730900,-1.324871000,0.000000
679,680,680,681,0.952697832,True,98.612100,-548.159500,-1.324871000,98.970700,-549.588100,-1.324871000,1.472920
680,681,681,682,0.945272231,True,98.970700,-549.588100,-1.324871000,99.329200,-551.016600,-1.324871000,1.472798
681,682,681,682,0.960766902,True,99.329200,-551.016600,-1.324871000,99.329200,-551.016600,-1.324871000,0.000000
682,683,683,684,0.933379184,True,99.687800,-552.445200,-1.324871000,100.046400,-553.873800,-1.324871000,1.472920
683,684,683,684,0.935976303,True,100.046400,-553.873800,-1.324871000,100.046400,-553.873800,-1.324871000,0.000000
684,685,684,685,0.934239609,True,100.405000,-555.302400,-1.324871000,100.405000,-555.302400,-1.324871000,0.000000
685,686,685,686,0.947323164,True,100.763600,-556.731000,-1.324871000,100.763600,-556.731000,-1.324871000,0.000000
686,687,686,687,0.980987117,True,101.122200,-558.159600,-1.319370000,101.122200,-558.159600,-1.319370000,0.000000
687,688,692,693,0.981189761,True,101.480700,-559.588200,-1.305426000,103.476500,-566.679600,-1.277540000,7.366897
688,689,688,689,0.987794449,True,101.839300,-561.016800,-1.291481000,101.839300,-561.016800,-1.291481000,0.000000
689,690,690,691,0.978971516,True,102.197900,-562.445400,-1.277540000,102.624100,-563.856800,-1.277540000,1.474346
690,691,691,692,0.962048409,True,102.624100,-563.856800,-1.277540000,103.050300,-565.268200,-1.277540000,1.474346
691,692,692,693,0.963931819,True,103.050300,-565.268200,-1.277540000,103.476500,-566.679600,-1.277540000,1.474346
692,693,692,693,0.993050997,True,103.476500,-566.679600,-1.277540000,103.476500,-566.679600,-1.277540000,0.000000
693,694,693,694,0.980255647,True,103.902700,-568.091100,-1.277540000,103.902700,-568.091100,-1.277540000,0.000000
694,695,695,696,0.997601113,True,104.328900,-569.502500,-1.277540000,104.755100,-570.913900,-1.277540000,1.474346
695,696,1002,1003,0.987103315,True,104.755100,-570.913900,-1.277540000,484.311800,-711.767300,0.093525000,404.849316
696,697,699,700,0.999526289,True,105.181300,-572.325300,-1.277540000,106.459900,-576.559600,-1.277540000,4.423134
697,698,818,819,0.996579654,True,105.607500,-573.736800,-1.277540000,239.466100,-602.756500,-0.393477000,136.968127
698,699,89,90,0.986972759,True,106.033700,-575.148200,-1.277540000,403.416500,-609.082400,1.610332000,299.312645
699,700,325,326,0.998058806,True,106.459900,-576.559600,-1.277540000,357.989500,-325.360100,1.666232000,355.483232
700,701,702,703,0.989977687,True,106.886100,-577.971000,-1.277540000,107.738500,-580.793900,-1.261192000,2.948788
701,702,703,704,0.989312338,True,107.312300,-579.382400,-1.277540000,108.164700,-582.205300,-1.219298000,2.948788
702,703,328,329,0.998838376,True,107.738500,-580.793900,-1.261192000,357.576500,-321.045900,1.742773000,360.399847
703,704,330,331,0.994231765,True,108.164700,-582.205300,-1.219298000,357.301200,-318.169700,2.094130000,363.020376
704,705,330,331,0.988284258,True,108.590900,-583.616700,-1.177360000,357.301200,-318.169700,2.094130000,363.756681
705,706,330,331,0.980976906,True,109.017100,-585.028100,-1.135524000,357.301200,-318.169700,2.094130000,364.497462
706,707,330,331,0.970007587,True,109.618800,-586.322100,-1.135524000,357.301200,-318.169700,2.094130000,365.037369
707,708,331,332,0.955523996,True,110.220500,-587.616100,-1.135524000,357.163600,-316.731700,2.263549000,366.550478
708,709,332,333,0.990741214,True,110.822200,-588.910000,-1.135524000,356.217000,-315.591200,2.263549000,367.316994
709,710,337,338,0.955162119,True,111.423900,-590.204000,-1.135524000,351.484200,-309.888800,2.263549000,369.060373
710,711,338,339,0.962086750,True,112.025700,-591.498000,-1.135524000,350.537600,-308.748400,2.263549000,369.912507
711,712,338,339,0.962931409,True,112.627400,-592.791900,-1.135524000,350.537600,-308.748400,2.263549000,370.515820
712,713,339,340,0.962082815,True,113.229100,-594.085900,-1.135524000,349.591100,-307.607900,2.263549000,371.398222
713,714,340,341,0.975652654,True,113.830800,-595.379900,-1.135524000,348.644500,-306.467400,2.263549000,372.300828
714,715,341,342,0.957280229,True,114.432500,-596.673800,-1.135524000,347.697900,-305.327000,2.263549000,373.223398
715,716,992,993,0.979119878,True,115.034200,-597.967800,-1.135524000,470.691300,-711.293400,-0.266455000,373.275588
716,717,993,994,0.997727250,True,115.636000,-599.261700,-1.104461000,472.061000,-711.748700,-0.146243000,373.754071
717,718,343,344,0.999168356,True,116.237700,-600.555700,-1.042414000,345.804800,-303.046000,2.263549000,375.783282
718,719,344,345,0.977495421,True,116.839400,-601.849700,-0.980248000,344.858300,-301.905600,2.263549000,376.774577
719,720,345,346,0.991310800,True,117.441100,-603.143600,-0.918441000,343.911700,-300.765100,2.271182000,377.785243
720,721,704,705,0.993348793,True,118.327700,-604.304300,-0.918441000,108.590900,-583.616700,-1.177360000,22.864428
721,722,703,704,0.992451535,True,119.214400,-605.464900,-0.918441000,108.164700,-582.205300,-1.219298000,25.750823
722,723,703,704,0.987192382,True,120.101000,-606.625500,-0.918441000,108.164700,-582.205300,-1.219298000,27.181270
723,724,1028,1029,0.998012743,True,120.987600,-607.786100,-0.918441000,516.884100,-696.642600,0.879230000,405.745630
724,725,349,350,0.980247611,True,121.874300,-608.946800,-0.918441000,340.125500,-296.351200,2.873196000,381.247420
725,726,348,349,0.998619101,True,122.760900,-610.107400,-0.918441000,341.072000,-297.343700,2.613796000,381.419544
726,727,978,979,0.997946312,True,123.647500,-611.268000,-0.918441000,451.516800,-704.918100,-0.320988000,340.981846
727,728,836,837,0.997156370,True,124.534200,-612.428600,-0.918441000,263.699600,-612.816400,-0.391827000,139.165940
728,729,767,768,0.994908872,True,125.420800,-613.589200,-0.918441000,175.831000,-626.977500,0.146159000,52.157788
729,730,353,354,0.964862349,True,126.307400,-614.749900,-0.885875000,336.152500,-294.917900,-2.522212000,382.527743
730,731,1077,1078,0.980583696,True,127.194100,-615.910500,-0.808232000,525.173500,-630.546000,1.953292000,398.248416
731,732,1078,1079,0.974879938,True,128.080700,-617.071100,-0.730318000,524.623000,-629.177600,1.953292000,396.727064
732,733,740,741,0.985541984,True,128.967300,-618.231700,-0.653071000,137.803200,-624.991800,-0.250355000,11.125290
733,734,740,741,0.995024744,True,130.071800,-619.076700,-0.653071000,137.803200,-624.991800,-0.250355000,9.734627
734,735,725,726,0.997144849,True,131.176300,-619.921700,-0.653071000,122.760900,-610.107400,-0.918441000,12.928242
735,736,744,745,0.996074433,True,132.280800,-620.766700,-0.653071000,143.561900,-626.464400,-0.227471000,12.638315
736,737,743,744,0.959529771,True,133.385300,-621.611700,-0.653071000,142.122200,-626.096200,-0.250355000,9.820599
737,738,743,744,0.953707746,True,134.489800,-622.456800,-0.587390000,142.122200,-626.096200,-0.250355000,8.455694
738,739,743,744,0.987743334,True,135.594300,-623.301800,-0.474678000,142.122200,-626.096200,-0.250355000,7.100856
739,740,744,745,0.963291897,True,136.698700,-624.146800,-0.361382000,143.561900,-626.464400,-0.227471000,7.243948
740,741,736,737,0.995245003,True,137.803200,-624.991800,-0.250355000,133.385300,-621.611700,-0.653071000,5.562636
741,742,746,747,0.999975963,True,139.242900,-625.359900,-0.250355000,146.441200,-627.200700,-0.101083000,7.429944
742,743,749,750,0.996592853,True,140.682600,-625.728100,-0.250355000,150.725000,-627.677400,-0.038152000,10.229837
743,744,749,750,0.968953325,True,142.122200,-626.096200,-0.250355000,150.725000,-627.677400,-0.038152000,8.746906
744,745,752,753,0.985074355,True,143.561900,-626.464400,-0.227471000,154.991200,-627.840200,-0.003910000,11.511808
745,746,724,725,0.986393463,True,145.001600,-626.832500,-0.164357000,121.874300,-608.946800,-0.918441000,29.236454
746,747,742,743,0.995002206,True,146.441200,-627.200700,-0.101083000,140.682600,-625.728100,-0.250355000,5.943907
747,748,742,743,0.998853595,True,147.880900,-627.568800,-0.038152000,140.682600,-625.728100,-0.250355000,7.429919
748,749,744,745,0.993640482,True,149.302900,-627.623100,-0.038152000,143.561900,-626.464400,-0.227471000,5.856762
749,750,749,750,0.973948661,True,150.725000,-627.677400,-0.038152000,150.725000,-627.677400,-0.038152000,0.000000
750,751,750,751,0.996108768,True,152.147000,-627.731700,-0.031159000,152.147000,-627.731700,-0.031159000,0.000000
751,752,752,753,0.925022260,True,153.569100,-627.785900,-0.017535000,154.991200,-627.840200,-0.003910000,1.423136
752,753,752,753,0.922080037,True,154.991200,-627.840200,-0.003910000,154.991200,-627.840200,-0.003910000,0.000000
753,754,753,754,0.909186267,True,156.413200,-627.894500,0.009711000,156.413200,-627.894500,0.009711000,0.000000
754,755,754,755,0.933562311,True,157.813100,-627.880900,0.009711000,157.813100,-627.880900,0.009711000,0.000000
755,756,756,757,0.891963525,True,159.213000,-627.867300,0.009711000,160.612800,-627.853700,0.009711000,1.399866
756,757,757,758,0.885017189,True,160.612800,-627.853700,0.009711000,162.012700,-627.840100,0.009711000,1.399966
757,758,757,758,0.889831099,True,162.012700,-627.840100,0.009711000,162.012700,-627.840100,0.009711000,0.000000
758,759,758,759,0.894446066,True,163.412600,-627.826500,0.009711000,163.412600,-627.826500,0.009711000,0.000000
759,760,759,760,0.896458752,True,164.812500,-627.812900,0.026705000,164.812500,-627.812900,0.026705000,0.000000
760,761,761,762,0.873801977,True,166.212300,-627.799300,0.056482000,167.612200,-627.785700,0.086270000,1.399966
761,762,761,762,0.858151704,True,167.612200,-627.785700,0.086270000,167.612200,-627.785700,0.086270000,0.000000
762,763,762,763,0.842135930,True,169.012100,-627.772100,0.116017000,169.012100,-627.772100,0.116017000,0.000000
763,764,764,765,0.802823743,True,170.375900,-627.613200,0.116017000,171.739700,-627.454300,0.116017000,1.373026
764,765,764,765,0.798997199,True,171.739700,-627.454300,0.116017000,171.739700,-627.454300,0.116017000,0.000000
765,766,766,767,0.778896489,True,173.103500,-627.295300,0.116017000,174.467300,-627.136400,0.127794000,1.373026
766,767,766,767,0.804535021,True,174.467300,-627.136400,0.127794000,174.467300,-627.136400,0.127794000,0.000000
767,768,767,768,0.805445020,True,175.831000,-626.977500,0.146159000,175.831000,-626.977500,0.146159000,0.000000
768,769,768,769,0.812648545,True,177.194800,-626.818500,0.164527000,177.194800,-626.818500,0.164527000,0.000000
769,770,770,771,0.788663651,True,178.558600,-626.659600,0.182885000,179.976400,-626.397400,0.182885000,1.441841
770,771,771,772,0.807965405,True,179.976400,-626.397400,0.182885000,181.394100,-626.135200,0.182885000,1.441743
771,772,771,772,0.829262714,True,181.394100,-626.135200,0.182885000,181.394100,-626.135200,0.182885000,0.000000
772,773,773,774,0.842526910,True,182.811800,-625.873000,0.182885000,184.229600,-625.610700,0.182885000,1.441859
773,774,773,774,0.857789616,True,184.229600,-625.610700,0.182885000,184.229600,-625.610700,0.182885000,0.000000
774,775,774,775,0.861050352,True,185.647300,-625.348500,0.182885000,185.647300,-625.348500,0.182885000,0.000000
775,776,776,777,0.872655028,True,187.065000,-625.086300,0.182885000,188.482700,-624.824100,0.182885000,1.441743
776,777,776,777,0.880604977,True,188.482700,-624.824100,0.182885000,188.482700,-624.824100,0.182885000,0.000000
777,778,777,778,0.898890856,True,189.900500,-624.561900,0.182885000,189.900500,-624.561900,0.182885000,0.000000
778,779,779,780,0.914072044,True,191.318200,-624.299700,0.215945000,192.735900,-624.037500,0.287168000,1.441743
779,780,779,780,0.920364918,True,192.735900,-624.037500,0.287168000,192.735900,-624.037500,0.287168000,0.000000
780,781,780,781,0.916206561,True,194.153700,-623.775300,0.358585000,194.153700,-623.775300,0.358585000,0.000000
781,782,781,782,0.940128001,True,195.571400,-623.513100,0.429472000,195.571400,-623.513100,0.429472000,0.000000
782,783,782,783,0.955498473,True,196.821500,-622.940500,0.429472000,196.821500,-622.940500,0.429472000,0.000000
783,784,783,784,0.960713641,True,198.071600,-622.368000,0.429472000,198.071600,-622.368000,0.429472000,0.000000
784,785,785,786,0.953000831,True,199.321700,-621.795500,0.429472000,200.571800,-621.223000,0.429472000,1.374957
785,786,786,787,0.939919780,True,200.571800,-621.223000,0.429472000,201.821900,-620.650400,0.429472000,1.374998
786,787,786,787,0.952695536,True,201.821900,-620.650400,0.429472000,201.821900,-620.650400,0.429472000,0.000000
787,788,787,788,0.936849917,True,203.072000,-620.077900,0.429472000,203.072000,-620.077900,0.429472000,0.000000
788,789,788,789,0.949099632,True,204.322100,-619.505400,0.429472000,204.322100,-619.505400,0.429472000,0.000000
789,790,789,790,0.962715059,True,205.572200,-618.932900,0.461880000,205.572200,-618.932900,0.461880000,0.000000
790,791,790,791,0.968988074,True,206.822300,-618.360300,0.513033000,206.822300,-618.360300,0.513033000,0.000000
791,792,791,792,0.966949727,True,208.072400,-617.787800,0.564235000,208.072400,-617.787800,0.564235000,0.000000
792,793,792,793,0.948632214,True,209.322500,-617.215300,0.615218000,209.322500,-617.215300,0.615218000,0.000000
793,794,793,794,0.981645118,True,210.486500,-616.392700,0.615218000,210.486500,-616.392700,0.615218000,0.000000
794,795,794,795,0.954415252,True,211.650500,-615.570100,0.615218000,211.650500,-615.570100,0.615218000,0.000000
795,796,796,797,0.923866965,True,212.814400,-614.747500,0.615218000,213.978400,-613.924900,0.615218000,1.425330
796,797,796,797,0.939061239,True,213.978400,-613.924900,0.615218000,213.978400,-613.924900,0.615218000,0.000000
797,798,797,798,0.929527848,True,215.142400,-613.102300,0.615218000,215.142400,-613.102300,0.615218000,0.000000
798,799,798,799,0.944665970,True,216.306300,-612.279700,0.615218000,216.306300,-612.279700,0.615218000,0.000000
799,800,799,800,0.948686978,True,217.470300,-611.457100,0.615218000,217.470300,-611.457100,0.615218000,0.000000
800,801,800,801,0.964163877,True,218.634300,-610.634600,0.615218000,218.634300,-610.634600,0.615218000,0.000000
801,802,801,802,0.959078087,True,219.798200,-609.812000,0.634304000,219.798200,-609.812000,0.634304000,0.000000
802,803,802,803,0.969401787,True,220.962200,-608.989400,0.671960000,220.962200,-608.989400,0.671960000,0.000000
803,804,804,805,0.971742188,True,222.126200,-608.166800,0.709642000,223.290200,-607.344200,0.747244000,1.425330
804,805,804,805,0.991835692,True,223.290200,-607.344200,0.747244000,223.290200,-607.344200,0.747244000,0.000000
805,806,805,806,0.977438046,True,224.385500,-606.329400,0.747244000,224.385500,-606.329400,0.747244000,0.000000
806,807,806,807,0.985765221,True,225.480800,-605.314600,0.743281000,225.480800,-605.314600,0.743281000,0.000000
807,808,807,808,0.989864102,True,226.576100,-604.299900,0.717865000,226.576100,-604.299900,0.717865000,0.000000
808,809,808,809,0.996153079,True,227.671400,-603.285100,0.626114000,227.671400,-603.285100,0.626114000,0.000000
809,810,809,810,0.976278379,True,228.766800,-602.270300,0.409468000,228.766800,-602.270300,0.409468000,0.000000
810,811,814,815,0.980177118,True,229.904800,-601.293800,0.110979000,234.021200,-600.558000,-0.382062000,4.181644
811,812,815,816,0.970501479,True,230.902100,-600.651600,-0.112582000,235.427100,-601.079800,-0.393477000,4.545215
812,813,816,817,0.995745755,True,231.855900,-600.326500,-0.256714000,236.773400,-601.638700,-0.393477000,5.089565
813,814,212,213,0.988520486,True,232.863200,-600.301100,-0.340563000,315.832400,-478.394000,1.519153000,147.462637
814,815,213,214,0.994394295,True,234.021200,-600.558000,-0.382062000,315.909700,-476.899500,1.519256000,148.314366
815,816,203,204,0.993863839,True,235.427100,-601.079800,-0.393477000,310.980000,-488.897600,1.309543000,135.251938
816,817,215,216,0.993032276,True,236.773400,-601.638700,-0.393477000,316.064200,-473.910500,1.520218000,150.338033
817,818,222,223,0.988849759,True,238.119800,-602.197600,-0.393477000,316.491900,-465.849400,1.490031000,157.267345
818,819,821,822,0.988888029,True,239.466100,-602.756500,-0.393477000,243.505000,-604.433100,-0.393477000,4.373065
819,820,822,823,0.979557382,True,240.812400,-603.315400,-0.393477000,244.851300,-604.992000,-0.393477000,4.373065
820,821,823,824,0.967316106,True,242.158700,-603.874200,-0.393477000,246.197600,-605.550900,-0.393477000,4.373104
821,822,824,825,0.971255591,True,243.505000,-604.433100,-0.393477000,247.543900,-606.109800,-0.393477000,4.373104
822,823,824,825,0.992513120,True,244.851300,-604.992000,-0.393477000,247.543900,-606.109800,-0.393477000,2.915402
823,824,224,225,0.995000483,True,246.197600,-605.550900,-0.393477000,316.694300,-463.227100,1.485282000,158.826474
824,825,224,225,0.971242558,True,247.543900,-606.109800,-0.393477000,316.694300,-463.227100,1.485282000,158.736397
825,826,224,225,0.967751148,True,248.890200,-606.668700,-0.393477000,316.694300,-463.227100,1.485282000,158.659663
826,827,227,228,0.994300216,True,250.236500,-607.227600,-0.393477000,316.976400,-459.925200,1.484764000,161.716453
827,828,829,830,0.979699184,True,251.582800,-607.786400,-0.393477000,254.275400,-608.904200,-0.393477000,2.915402
828,829,828,829,0.968326225,True,252.929100,-608.345300,-0.393477000,252.929100,-608.345300,-0.393477000,0.000000
829,830,830,831,0.947086583,True,254.275400,-608.904200,-0.393477000,255.621700,-609.463100,-0.393477000,1.457701
830,831,831,832,0.931602663,True,255.621700,-609.463100,-0.393477000,256.968000,-610.022000,-0.393477000,1.457701
831,832,832,833,0.953817064,True,256.968000,-610.022000,-0.393477000,258.314300,-610.580900,-0.393477000,1.457701
832,833,832,833,0.933628995,True,258.314300,-610.580900,-0.393477000,258.314300,-610.580900,-0.393477000,0.000000
833,834,833,834,0.944658094,True,259.660600,-611.139800,-0.393477000,259.660600,-611.139800,-0.393477000,0.000000
834,835,834,835,0.963840727,True,261.007000,-611.698600,-0.393185000,261.007000,-611.698600,-0.393185000,0.000000
835,836,836,837,0.988021423,True,262.353300,-612.257500,-0.392506000,263.699600,-612.816400,-0.391827000,1.457701
836,837,836,837,0.995021374,True,263.699600,-612.816400,-0.391827000,263.699600,-612.816400,-0.391827000,0.000000
837,838,488,489,0.998417682,True,265.045900,-613.375300,-0.391148000,169.596400,-313.726600,-3.094429000,314.483625
838,839,488,489,0.997380773,True,266.388400,-613.929000,-0.391148000,169.596400,-313.726600,-3.094429000,315.420627
839,840,490,491,0.972447572,True,267.731000,-614.482600,-0.391148000,166.605700,-313.867700,-3.094429000,317.168164
840,841,490,491,0.986975302,True,269.073600,-615.036300,-0.391148000,166.605700,-313.867700,-3.094429000,318.122926
841,842,491,492,0.999345273,True,270.416100,-615.590000,-0.391148000,165.110300,-313.938300,-3.094429000,319.504397
842,843,852,853,0.978292467,True,271.758700,-616.143700,-0.391148000,285.184400,-621.680400,-0.391148000,14.522550
843,844,852,853,0.999939152,True,273.101300,-616.697300,-0.391148000,285.184400,-621.680400,-0.391148000,13.070294
844,845,844,845,0.993248763,True,274.443800,-617.251000,-0.391148000,274.443800,-617.251000,-0.391148000,0.000000
845,846,854,855,0.984860321,True,275.786400,-617.804700,-0.391148000,287.869500,-622.787700,-0.391148000,13.070256
846,847,856,857,0.995239956,True,277.129000,-618.358400,-0.391148000,290.554700,-623.895100,-0.391148000,14.522550
847,848,856,857,0.974135441,True,278.471500,-618.912000,-0.391148000,290.554700,-623.895100,-0.391148000,13.070387
848,849,856,857,0.995025567,True,279.814100,-619.465700,-0.391148000,290.554700,-623.895100,-0.391148000,11.618092
849,850,848,849,0.990114854,True,281.156700,-620.019400,-0.391148000,279.814100,-619.465700,-0.391148000,1.452294
850,851,849,850,0.989487035,True,282.499300,-620.573000,-0.391148000,281.156700,-620.019400,-0.391148000,1.452256
851,852,859,860,0.999743561,True,283.841800,-621.126700,-0.391148000,294.582400,-625.556100,-0.391148000,11.618092
852,853,860,861,0.961504653,True,285.184400,-621.680400,-0.391148000,295.924900,-626.109800,-0.391148000,11.618000
853,854,861,862,0.976585057,True,286.527000,-622.234100,-0.391148000,297.267500,-626.663400,-0.391148000,11.617962
854,855,861,862,0.985222335,True,287.869500,-622.787700,-0.391148000,297.267500,-626.663400,-0.391148000,10.165798
855,856,860,861,0.998549402,True,289.212100,-623.341400,-0.391148000,295.924900,-626.109800,-0.391148000,7.261248
856,857,863,864,0.978631171,True,290.554700,-623.895100,-0.391148000,299.952600,-627.770800,-0.391148000,10.165706
857,858,864,865,0.970880992,True,291.897200,-624.448700,-0.391148000,301.295200,-628.324400,-0.406057000,10.165798
858,859,860,861,0.993203458,True,293.239800,-625.002400,-0.391148000,295.924900,-626.109800,-0.391148000,2.904496
859,860,864,865,0.982579843,True,294.582400,-625.556100,-0.391148000,301.295200,-628.324400,-0.406057000,7.261210
860,861,863,864,0.972377564,True,295.924900,-626.109800,-0.391148000,299.952600,-627.770800,-0.391148000,4.356752
861,862,864,865,0.959972763,True,297.267500,-626.663400,-0.391148000,301.295200,-628.324400,-0.406057000,4.356752
862,863,865,866,0.943828868,True,298.610100,-627.217100,-0.391148000,302.637800,-628.878100,-0.439778000,4.356752
863,864,866,867,0.947006896,True,299.952600,-627.770800,-0.391148000,303.980300,-629.431800,-0.473521000,4.356752
864,865,866,867,0.961348175,True,301.295200,-628.324400,-0.406057000,303.980300,-629.431800,-0.473521000,2.904496
865,866,866,867,0.973093643,True,302.637800,-628.878100,-0.439778000,303.980300,-629.431800,-0.473521000,1.452202
866,867,868,869,0.966948964,True,303.980300,-629.431800,-0.473521000,306.626700,-630.710000,-0.507208000,2.938916
867,868,869,870,0.973707855,True,305.322900,-629.985500,-0.507208000,307.930400,-631.434500,-0.507208000,2.983062
868,869,868,869,0.976215878,True,306.626700,-630.710000,-0.507208000,306.626700,-630.710000,-0.507208000,0.000000
869,870,869,870,0.970777818,True,307.930400,-631.434500,-0.507208000,307.930400,-631.434500,-0.507208000,0.000000
870,871,870,871,0.962624480,True,309.234200,-632.158900,-0.507208000,309.234200,-632.158900,-0.507208000,0.000000
871,872,873,874,0.947236572,True,310.537900,-632.883400,-0.507208000,313.145400,-634.332400,-0.507208000,2.983062
872,873,874,875,0.930198177,True,311.841700,-633.607900,-0.507208000,314.449200,-635.056900,-0.507208000,2.983062
873,874,874,875,0.956856140,True,313.145400,-634.332400,-0.507208000,314.449200,-635.056900,-0.507208000,1.491575
874,875,874,875,0.946945605,True,314.449200,-635.056900,-0.507208000,314.449200,-635.056900,-0.507208000,0.000000
875,876,875,876,0.960549568,True,315.753000,-635.781400,-0.507208000,315.753000,-635.781400,-0.507208000,0.000000
876,877,877,878,0.958641547,True,317.056700,-636.505900,-0.507208000,318.360500,-637.230400,-0.507208000,1.491575
877,878,878,879,0.958579275,True,318.360500,-637.230400,-0.507208000,319.664200,-637.954900,-0.507208000,1.491487
878,879,878,879,0.965909472,True,319.664200,-637.954900,-0.507208000,319.664200,-637.954900,-0.507208000,0.000000
879,880,879,880,0.974897912,True,320.968000,-638.679400,-0.507208000,320.968000,-638.679400,-0.507208000,0.000000
880,881,880,881,0.974869470,True,322.271700,-639.403900,-0.507208000,322.271700,-639.403900,-0.507208000,0.000000
881,882,882,883,0.970631372,True,323.575500,-640.128400,-0.507208000,324.879300,-640.852900,-0.507208000,1.491575
882,883,883,884,0.962420194,True,324.879300,-640.852900,-0.507208000,326.183000,-641.577400,-0.507208000,1.491487
883,884,883,884,0.980998473,True,326.183000,-641.577400,-0.507208000,326.183000,-641.577400,-0.507208000,0.000000
884,885,884,885,0.996095520,True,327.486800,-642.301900,-0.507208000,327.486800,-642.301900,-0.507208000,0.000000
885,886,886,887,0.990777515,True,328.790500,-643.026400,-0.507208000,330.094300,-643.750900,-0.507208000,1.491575
886,887,886,887,0.996670121,True,330.094300,-643.750900,-0.507208000,330.094300,-643.750900,-0.507208000,0.000000
887,888,888,889,0.994429254,True,331.398000,-644.475400,-0.507208000,332.701800,-645.199900,-0.507208000,1.491575
888,889,888,889,0.996198753,True,332.701800,-645.199900,-0.507208000,332.701800,-645.199900,-0.507208000,0.000000
889,890,889,890,0.998233459,True,334.005500,-645.924400,-0.507208000,334.005500,-645.924400,-0.507208000,0.000000
890,891,890,891,0.987486880,True,335.309300,-646.648800,-0.507208000,335.309300,-646.648800,-0.507208000,0.000000
891,892,892,893,0.993206296,True,336.613100,-647.373300,-0.507208000,337.916800,-648.097800,-0.507208000,1.491487
892,893,893,894,0.998970685,True,337.916800,-648.097800,-0.507208000,339.220600,-648.822300,-0.507208000,1.491575
893,894,891,892,0.985529067,True,339.220600,-648.822300,-0.507208000,336.613100,-647.373300,-0.507208000,2.983062
894,895,924,925,0.994664389,True,340.524300,-649.546800,-0.507208000,379.932000,-670.225800,-0.467132000,44.503796
895,896,925,926,0.977648846,True,341.828100,-650.271300,-0.507208000,381.252200,-670.891600,-0.467132000,44.491083
896,897,926,927,0.988789358,True,343.131800,-650.995800,-0.507208000,382.572300,-671.557400,-0.467132000,44.478449
897,898,943,944,0.994447854,True,344.435600,-651.720300,-0.507208000,405.014800,-682.876600,-0.467132000,68.121616
898,899,944,945,0.995302910,True,345.739400,-652.444800,-0.507208000,406.335000,-683.542400,-0.467132000,68.109379
899,900,849,850,0.985459504,True,347.043100,-653.169300,-0.507208000,281.156700,-620.019400,-0.391148000,73.755905
900,901,808,809,0.988195370,True,348.346900,-653.893800,-0.507208000,227.671400,-603.285100,0.626114000,130.858002
901,902,811,812,0.999319663,True,349.650600,-654.618300,-0.507208000,230.902100,-600.651600,-0.112582000,130.436233
902,903,937,938,0.998138489,True,350.954400,-655.342800,-0.507208000,397.093900,-678.881600,-0.467132000,51.796994
903,904,811,812,0.991801730,True,352.258100,-656.067300,-0.502997000,230.902100,-600.651600,-0.112582000,133.409814
904,905,938,939,0.983036788,True,353.561900,-656.791800,-0.491042000,398.414100,-679.547400,-0.467132000,50.294504
905,906,939,940,0.990716173,True,354.865600,-657.516300,-0.479086000,399.734200,-680.213300,-0.467132000,50.282652
906,907,907,908,0.982423165,True,356.169400,-658.240800,-0.467132000,357.489500,-658.906600,-0.467132000,1.478497
907,908,942,943,0.999872326,True,357.489500,-658.906600,-0.467132000,403.694700,-682.210800,-0.467132000,51.749456
908,909,941,942,0.977288212,True,358.809700,-659.572400,-0.467132000,402.374500,-681.544900,-0.467132000,48.792239
909,910,944,945,0.987489572,True,360.129800,-660.238300,-0.467132000,406.335000,-683.542400,-0.467132000,51.749411
910,911,945,946,0.986183877,True,361.450000,-660.904100,-0.467132000,407.655100,-684.208300,-0.467132000,51.749367
911,912,946,947,0.993540767,True,362.770100,-661.569900,-0.467132000,408.975300,-684.874100,-0.467132000,51.749456
912,913,947,948,0.969893877,True,364.090300,-662.235800,-0.467132000,410.295400,-685.539900,-0.467132000,51.749322
913,914,948,949,0.995962733,True,365.410400,-662.901600,-0.467132000,411.615600,-686.205800,-0.467132000,51.749456
914,915,915,916,0.987850819,True,366.730600,-663.567400,-0.467132000,368.050700,-664.233300,-0.467132000,1.478542
915,916,915,916,0.973476063,True,368.050700,-664.233300,-0.467132000,368.050700,-664.233300,-0.467132000,0.000000
916,917,916,917,0.976481083,True,369.370900,-664.899100,-0.467132000,369.370900,-664.899100,-0.467132000,0.000000
917,918,918,919,0.956640211,True,370.691000,-665.564900,-0.467132000,372.011200,-666.230800,-0.467132000,1.478631
918,919,919,920,0.971482580,True,372.011200,-666.230800,-0.467132000,373.331300,-666.896600,-0.467132000,1.478497
919,920,919,920,0.959546008,True,373.331300,-666.896600,-0.467132000,373.331300,-666.896600,-0.467132000,0.000000
920,921,920,921,0.970076758,True,374.651500,-667.562400,-0.467132000,374.651500,-667.562400,-0.467132000,0.000000
921,922,924,925,0.983850872,True,375.971600,-668.228300,-0.467132000,379.932000,-670.225800,-0.467132000,4.435626
922,923,922,923,0.954366495,True,377.291700,-668.894100,-0.467132000,377.291700,-668.894100,-0.467132000,0.000000
923,924,924,925,0.938066027,True,378.611900,-669.559900,-0.467132000,379.932000,-670.225800,-0.467132000,1.478542
924,925,925,926,0.906051163,True,379.932000,-670.225800,-0.467132000,381.252200,-670.891600,-0.467132000,1.478586
925,926,925,926,0.911245181,True,381.252200,-670.891600,-0.467132000,381.252200,-670.891600,-0.467132000,0.000000
926,927,927,928,0.909553859,True,382.572300,-671.557400,-0.467132000,383.892500,-672.223300,-0.467132000,1.478631
927,928,927,928,0.930188167,True,383.892500,-672.223300,-0.467132000,383.892500,-672.223300,-0.467132000,0.000000
928,929,929,930,0.900595770,True,385.212600,-672.889100,-0.467132000,386.532800,-673.554900,-0.467132000,1.478586
929,930,930,931,0.911096455,True,386.532800,-673.554900,-0.467132000,387.852900,-674.220800,-0.467132000,1.478542
930,931,930,931,0.924631378,True,387.852900,-674.220800,-0.467132000,387.852900,-674.220800,-0.467132000,0.000000
931,932,931,932,0.929881380,True,389.173100,-674.886600,-0.467132000,389.173100,-674.886600,-0.467132000,0.000000
932,933,932,933,0.927083141,True,390.493200,-675.552400,-0.467132000,390.493200,-675.552400,-0.467132000,0.000000
933,934,933,934,0.921856345,True,391.813400,-676.218300,-0.467132000,391.813400,-676.218300,-0.467132000,0.000000
934,935,934,935,0.911942320,True,393.133500,-676.884100,-0.467132000,393.133500,-676.884100,-0.467132000,0.000000
935,936,935,936,0.904032259,True,394.453700,-677.549900,-0.467132000,394.453700,-677.549900,-0.467132000,0.000000
936,937,937,938,0.871558312,True,395.773800,-678.215800,-0.467132000,397.093900,-678.881600,-0.467132000,1.478497
937,938,937,938,0.895494912,True,397.093900,-678.881600,-0.467132000,397.093900,-678.881600,-0.467132000,0.000000
938,939,938,939,0.892030339,True,398.414100,-679.547400,-0.467132000,398.414100,-679.547400,-0.467132000,0.000000
939,940,939,940,0.905312360,True,399.734200,-680.213300,-0.467132000,399.734200,-680.213300,-0.467132000,0.000000
940,941,941,942,0.917316844,True,401.054400,-680.879100,-0.467132000,402.374500,-681.544900,-0.467132000,1.478497
941,942,941,942,0.892393345,True,402.374500,-681.544900,-0.467132000,402.374500,-681.544900,-0.467132000,0.000000
942,943,942,943,0.887377042,True,403.694700,-682.210800,-0.467132000,403.694700,-682.210800,-0.467132000,0.000000
943,944,944,945,0.859165120,True,405.014800,-682.876600,-0.467132000,406.335000,-683.542400,-0.467132000,1.478586
944,945,944,945,0.886861143,True,406.335000,-683.542400,-0.467132000,406.335000,-683.542400,-0.467132000,0.000000
945,946,946,947,0.867470768,True,407.655100,-684.208300,-0.467132000,408.975300,-684.874100,-0.467132000,1.478586
946,947,946,947,0.875794164,True,408.975300,-684.874100,-0.467132000,408.975300,-684.874100,-0.467132000,0.000000
947,948,947,948,0.903701664,True,410.295400,-685.539900,-0.467132000,410.295400,-685.539900,-0.467132000,0.000000
948,949,948,949,0.899511665,True,411.615600,-686.205800,-0.467132000,411.615600,-686.205800,-0.467132000,0.000000
949,950,949,950,0.888642794,True,412.935700,-686.871600,-0.467132000,412.935700,-686.871600,-0.467132000,0.000000
950,951,951,952,0.894844713,True,414.255900,-687.537400,-0.467132000,415.576000,-688.203300,-0.467132000,1.478542
951,952,951,952,0.872167426,True,415.576000,-688.203300,-0.467132000,415.576000,-688.203300,-0.467132000,0.000000
952,953,953,954,0.876219247,True,416.896100,-688.869100,-0.467132000,418.216300,-689.534900,-0.467132000,1.478586
953,954,953,954,0.885833650,True,418.216300,-689.534900,-0.467132000,418.216300,-689.534900,-0.467132000,0.000000
954,955,954,955,0.890415435,True,419.536400,-690.200800,-0.467132000,419.536400,-690.200800,-0.467132000,0.000000
955,956,955,956,0.912341040,True,420.856600,-690.866600,-0.467132000,420.856600,-690.866600,-0.467132000,0.000000
956,957,956,957,0.900633344,True,422.176700,-691.532500,-0.467132000,422.176700,-691.532500,-0.467132000,0.000000
957,958,957,958,0.908662030,True,423.496900,-692.198300,-0.467132000,423.496900,-692.198300,-0.467132000,0.000000
958,959,959,960,0.895449114,True,424.817000,-692.864100,-0.467132000,426.137200,-693.530000,-0.467132000,1.478631
959,960,959,960,0.904933586,True,426.137200,-693.530000,-0.467132000,426.137200,-693.530000,-0.467132000,0.000000
960,961,960,961,0.907050817,True,427.457300,-694.195800,-0.467132000,427.457300,-694.195800,-0.467132000,0.000000
961,962,962,963,0.915721872,True,428.777500,-694.861600,-0.467132000,430.097600,-695.527500,-0.467132000,1.478542
962,963,962,963,0.927581234,True,430.097600,-695.527500,-0.467132000,430.097600,-695.527500,-0.467132000,0.000000
963,964,963,964,0.927636204,True,431.417800,-696.193300,-0.467132000,431.417800,-696.193300,-0.467132000,0.000000
964,965,964,965,0.938457180,True,432.737900,-696.859100,-0.467132000,432.737900,-696.859100,-0.467132000,0.000000
965,966,965,966,0.933008489,True,434.058100,-697.525000,-0.467132000,434.058100,-697.525000,-0.467132000,0.000000
966,967,966,967,0.940072739,True,435.378200,-698.190800,-0.467132000,435.378200,-698.190800,-0.467132000,0.000000
967,968,967,968,0.952491609,True,436.698300,-698.856600,-0.467132000,436.698300,-698.856600,-0.467132000,0.000000
968,969,968,969,0.970867996,True,438.018500,-699.522500,-0.467132000,438.018500,-699.522500,-0.467132000,0.000000
969,970,969,970,0.974430592,True,439.338600,-700.188300,-0.450678000,439.338600,-700.188300,-0.450678000,0.000000
970,971,970,971,0.996275121,True,440.658800,-700.854100,-0.407444000,440.658800,-700.854100,-0.407444000,0.000000
971,972,971,972,0.990884491,True,441.978900,-701.520000,-0.364160000,441.978900,-701.520000,-0.364160000,0.000000
972,973,972,973,0.985201121,True,443.299100,-702.185800,-0.320988000,443.299100,-702.185800,-0.320988000,0.000000
973,974,973,974,0.997535838,True,444.668700,-702.641200,-0.320988000,444.668700,-702.641200,-0.320988000,0.000000
974,975,974,975,0.997555095,True,446.038300,-703.096500,-0.320988000,446.038300,-703.096500,-0.320988000,0.000000
975,976,976,977,0.960398787,True,447.407900,-703.551900,-0.320988000,448.777500,-704.007300,-0.320988000,1.443327
976,977,976,977,0.979786509,True,448.777500,-704.007300,-0.320988000,448.777500,-704.007300,-0.320988000,0.000000
977,978,514,515,0.991847799,True,450.147100,-704.462700,-0.320988000,134.082700,-323.935000,-2.476999000,494.669622
978,979,514,515,0.991895782,True,451.516800,-704.918100,-0.320988000,134.082700,-323.935000,-2.476999000,495.895685
979,980,515,516,0.993735113,True,452.886400,-705.373400,-0.320988000,132.923800,-324.843000,-2.476999000,497.171450
980,981,296,297,0.994926521,True,454.256000,-705.828800,-0.320988000,350.459100,-364.822000,1.036594000,356.453972
981,982,1011,1012,0.985695544,True,455.625600,-706.284200,-0.320988000,496.943100,-709.212500,0.276882000,41.421139
982,983,1059,1060,0.998729447,True,456.995200,-706.739600,-0.320988000,531.185900,-656.387600,1.678358000,89.663727
983,984,493,494,0.988314059,True,458.364800,-707.194900,-0.320988000,162.119600,-314.079400,-3.094429000,492.240810
984,985,500,501,0.982844593,True,459.734400,-707.650300,-0.320988000,151.652200,-314.573500,-3.094429000,499.423681
985,986,500,501,0.988992360,True,461.104100,-708.105700,-0.320988000,151.652200,-314.573500,-3.094429000,500.627677
986,987,563,564,0.989599742,True,462.473700,-708.561100,-0.320988000,101.189900,-385.102100,-1.869313000,484.924436
987,988,566,567,0.994771998,True,463.843300,-709.016500,-0.320988000,99.885200,-389.342100,-1.869313000,484.414307
988,989,500,501,0.997899231,True,465.212900,-709.471800,-0.320988000,151.652200,-314.573500,-3.094429000,504.246943
989,990,526,527,0.994180753,True,466.582500,-709.927200,-0.320988000,120.176900,-334.830100,-2.476999000,510.582681
990,991,1066,1067,0.987738152,True,467.952100,-710.382600,-0.320988000,530.060100,-645.961400,1.705912000,89.484606
991,992,502,503,0.999879623,True,469.321700,-710.838000,-0.320988000,148.661500,-314.714700,-2.848650000,509.643633
992,993,278,279,0.985773171,True,470.691300,-711.293400,-0.266455000,336.982600,-387.602600,1.036594000,350.219575
993,994,990,991,0.998955151,True,472.061000,-711.748700,-0.146243000,467.952100,-710.382600,-0.320988000,4.330045
994,995,61,62,0.999335425,True,473.430600,-712.204100,-0.025088000,427.359000,-633.444800,2.980449000,91.244834
995,996,992,993,0.981688899,True,474.800200,-712.659500,0.093525000,470.691300,-711.293400,-0.266455000,4.330045
996,997,992,993,0.989841462,True,476.159000,-712.532000,0.093525000,470.691300,-711.293400,-0.266455000,5.606235
997,998,67,68,0.994599227,True,477.517800,-712.404600,0.093525000,418.848500,-632.061400,2.980449000,99.484253
998,999,511,512,0.979340956,True,478.876600,-712.277100,0.093525000,137.559100,-321.211300,-2.476999000,519.066562
999,1000,511,512,0.979369504,True,480.235400,-712.149700,0.093525000,137.559100,-321.211300,-2.476999000,519.865251
1000,1001,512,513,0.991470599,True,481.594200,-712.022200,0.093525000,136.400300,-322.119200,-2.476999000,520.752511
1001,1002,514,515,0.999639222,True,482.953000,-711.894800,0.093525000,134.082700,-323.935000,-2.476999000,521.750221
1002,1003,67,68,0.991739981,True,484.311800,-711.767300,0.093525000,418.848500,-632.061400,2.980449000,103.142979
1003,1004,305,306,0.999025509,True,485.670600,-711.639900,0.126642000,357.197300,-353.431600,1.036594000,380.550358
1004,1005,518,519,0.997947225,True,487.029400,-711.512400,0.176763000,129.447400,-327.566700,-2.476999000,524.670551
1005,1006,745,746,0.999649494,True,488.388200,-711.385000,0.226927000,145.001600,-626.832500,-0.164357000,353.643157
1006,1007,1028,1029,0.996908448,True,489.747000,-711.257500,0.276882000,516.884100,-696.642600,0.879230000,30.822354
1007,1008,749,750,0.984972309,True,491.186200,-710.848500,0.276882000,150.725000,-627.677400,-0.038152000,350.472910
1008,1009,522,523,0.993539074,True,492.625400,-710.439500,0.276882000,124.812100,-331.198400,-2.476999000,528.309034
1009,1010,523,524,0.986443747,True,494.064600,-710.030500,0.276882000,123.653300,-332.106400,-2.476999000,529.179702
1010,1011,525,526,0.989742285,True,495.503900,-709.621500,0.276882000,121.335700,-333.922200,-2.476999000,530.237500
1011,1012,525,526,0.976578994,True,496.943100,-709.212500,0.276882000,121.335700,-333.922200,-2.476999000,530.964903
1012,1013,526,527,0.972074826,True,498.382300,-708.803500,0.301888000,120.176900,-334.830100,-2.476999000,531.879148
1013,1014,527,528,0.999877265,True,499.821600,-708.394500,0.375650000,119.018000,-335.738100,-2.409039000,532.807821
1014,1015,755,756,0.998872167,True,501.260800,-707.985500,0.449679000,159.213000,-627.867300,0.009711000,351.305598
1015,1016,217,218,0.997936752,True,502.700000,-707.576500,0.523167000,316.187800,-471.500900,1.518393000,300.862908
1016,1017,531,532,0.996994334,True,503.817700,-706.931800,0.523167000,115.106700,-339.875200,-1.869313000,534.627711
1017,1018,1011,1012,0.996396556,True,504.935400,-706.287100,0.523167000,496.943100,-709.212500,0.276882000,8.510865
1018,1019,757,758,0.999506228,True,506.053100,-705.642500,0.575786000,162.012700,-627.840100,0.009711000,352.727955
1019,1020,1038,1039,0.996855191,True,507.170800,-704.997800,0.636338000,525.249600,-685.322700,1.028372000,26.719891
1020,1021,545,546,0.990512511,True,508.288500,-704.353200,0.696917000,109.018100,-359.661900,-1.869313000,527.474117
1021,1022,759,760,0.999994755,True,509.406200,-703.708500,0.757082000,164.812500,-627.812900,0.026705000,352.852604
1022,1023,1015,1016,0.988209999,True,510.474500,-702.699100,0.757082000,502.700000,-707.576500,0.523167000,9.177793
1023,1024,761,762,0.997123597,True,511.542800,-701.689700,0.757082000,167.612200,-627.785700,0.086270000,351.781266
1024,1025,468,469,0.997481869,True,512.611000,-700.680300,0.757082000,199.383800,-313.109600,3.112554000,498.319502
1025,1026,133,134,0.999060899,True,513.679300,-699.670800,0.771491000,373.722300,-556.933700,2.223190000,199.904581
1026,1027,1044,1045,0.995960396,True,514.747500,-698.661400,0.807407000,528.767100,-677.611300,1.302063000,25.291419
1027,1028,1019,1020,0.977951263,True,515.815800,-697.652000,0.843351000,507.170800,-704.997800,0.636338000,11.344461
1028,1029,767,768,0.995190805,True,516.884100,-696.642600,0.879230000,175.831000,-626.977500,0.146159000,348.095451
1029,1030,1020,1021,0.982992000,True,517.760700,-695.583900,0.879230000,508.288500,-704.353200,0.696917000,12.908261
1030,1031,1021,1022,0.984579030,True,518.637300,-694.525100,0.898068000,509.406200,-703.708500,0.757082000,13.021062
1031,1032,1023,1024,0.999455647,True,519.513900,-693.466400,0.927660000,511.542800,-701.689700,0.757082000,11.452559
1032,1033,1023,1024,0.947510575,True,520.390500,-692.407600,0.957262000,511.542800,-701.689700,0.757082000,12.823384
1033,1034,1023,1024,0.989643614,True,521.267100,-691.348900,0.986822000,511.542800,-701.689700,0.757082000,14.194864
1034,1035,480,481,0.996384799,True,522.063600,-690.143600,0.986822000,181.559100,-313.161900,-3.094429000,507.994603
1035,1036,1025,1026,0.990442313,True,522.860100,-688.938400,0.986822000,513.679300,-699.670800,0.771491000,14.123438
1036,1037,1026,1027,0.977922231,True,523.656600,-687.733200,0.986822000,514.747500,-698.661400,0.807407000,14.099561
1037,1038,1027,1028,0.959472000,True,524.453100,-686.527900,0.986822000,515.815800,-697.652000,0.843351000,14.083627
1038,1039,1028,1029,0.981195475,True,525.249600,-685.322700,1.028372000,516.884100,-696.642600,0.879230000,14.075572
1039,1040,1052,1053,0.992632640,True,526.046100,-684.117400,1.119697000,531.774900,-666.689500,1.572577000,18.345322
1040,1041,1029,1030,0.990652126,True,526.842600,-682.912200,1.211436000,517.760700,-695.583900,0.879230000,15.590154
1041,1042,1030,1031,0.965358566,True,527.639100,-681.707000,1.302063000,518.637300,-694.525100,0.898068000,15.663208
1042,1043,1031,1032,0.959610841,True,528.015100,-680.341700,1.302063000,519.513900,-693.466400,0.927660000,15.637396
1043,1044,1031,1032,0.991570735,True,528.391100,-678.976500,1.302063000,519.513900,-693.466400,0.927660000,16.992995
1044,1045,624,625,0.993763370,True,528.767100,-677.611300,1.302063000,80.920900,-468.753000,-1.381090000,494.153831
1045,1046,1059,1060,0.997137360,True,529.143000,-676.246100,1.302063000,531.185900,-656.387600,1.678358000,19.963303
1046,1047,269,270,0.982225112,True,529.519000,-674.880800,1.302063000,331.021200,-399.436300,1.216773000,339.515904
1047,1048,1035,1036,0.984987017,True,529.895000,-673.515600,1.302063000,522.860100,-688.938400,0.986822000,16.951477
1048,1049,1035,1036,0.980546367,True,530.271000,-672.150400,1.302063000,522.860100,-688.938400,0.986822000,18.350978
1049,1050,988,989,0.992299669,True,530.646900,-670.785200,1.302063000,465.212900,-709.471800,-0.320988000,76.014876
1050,1051,989,990,0.988170034,True,531.022900,-669.419900,1.357850000,466.582500,-709.927200,-0.320988000,76.114430
1051,1052,990,991,0.965519017,True,531.398900,-668.054700,1.464923000,467.952100,-710.382600,-0.320988000,76.270227
1052,1053,991,992,0.995348766,True,531.774900,-666.689500,1.572577000,469.321700,-710.838000,-0.320988000,76.481973
1053,1054,1039,1040,0.981362726,True,532.150800,-665.324300,1.678358000,526.046100,-684.117400,1.119697000,19.759756
1054,1055,992,993,0.987651772,True,531.990000,-663.834800,1.678358000,470.691300,-711.293400,-0.266455000,77.523218
1055,1056,525,526,0.997489321,True,531.829200,-662.345400,1.678358000,121.335700,-333.922200,-2.476999000,525.705918
1056,1057,1041,1042,0.995349733,True,531.668400,-660.855900,1.678358000,527.639100,-681.707000,1.302063000,21.236846
1057,1058,1043,1044,0.985205988,True,531.507500,-659.366500,1.678358000,528.391100,-678.976500,1.302063000,19.856083
1058,1059,1043,1044,0.982027628,True,531.346700,-657.877000,1.678358000,528.391100,-678.976500,1.302063000,21.305503
1059,1060,795,796,0.998643525,True,531.185900,-656.387600,1.678358000,212.814400,-614.747500,0.615218000,321.083027
1060,1061,1045,1046,0.999268463,True,531.025100,-654.898100,1.678358000,529.143000,-676.246100,1.302063000,21.430805
1061,1062,104,105,0.997384289,True,530.864200,-653.408700,1.678358000,400.170700,-587.703400,2.046645000,146.280475
1062,1063,46,47,0.999776365,True,530.703400,-651.919200,1.678358000,444.803200,-622.068500,-2.236720000,90.939038
1063,1064,1046,1047,0.995143471,True,530.542600,-650.429800,1.678358000,529.519000,-674.880800,1.302063000,24.472416
1064,1065,1021,1022,0.997504350,True,530.381700,-648.940300,1.678358000,509.406200,-703.708500,0.757082000,58.647484
1065,1066,480,481,0.982346911,True,530.220900,-647.450900,1.678358000,181.559100,-313.161900,-3.094429000,483.026072
1066,1067,1002,1003,0.998254374,True,530.060100,-645.961400,1.705912000,484.311800,-711.767300,0.093525000,80.145639
1067,1068,841,842,0.998908770,True,529.899300,-644.472000,1.788373000,270.416100,-615.590000,-0.391148000,261.085620
1068,1069,709,710,0.992968849,True,529.738400,-642.982500,1.871209000,111.423900,-590.204000,-1.135524000,421.630871
1069,1070,483,484,0.992436373,True,529.577600,-641.493100,1.953292000,177.073100,-313.373700,-3.094429000,481.582561
1070,1071,844,845,0.993379326,True,529.027100,-640.124700,1.953292000,274.443800,-617.251000,-0.391148000,255.608808
1071,1072,1004,1005,0.987073956,True,528.476600,-638.756300,1.953292000,487.029400,-711.512400,0.176763000,83.733628
1072,1073,1004,1005,0.985692732,True,527.926100,-637.387900,1.953292000,487.029400,-711.512400,0.176763000,84.658027
1073,1074,486,487,0.999514099,True,527.375500,-636.019500,1.953292000,172.587000,-313.585400,-3.094429000,479.414881
1074,1075,1005,1006,0.983973208,True,526.825000,-634.651100,1.953292000,488.388200,-711.385000,0.226927000,85.822369
1075,1076,1008,1009,0.988357785,True,526.274500,-633.282800,1.953292000,492.625400,-710.439500,0.276882000,84.174927
1076,1077,1008,1009,0.983188041,True,525.724000,-631.914400,1.953292000,492.625400,-710.439500,0.276882000,85.215660
1077,1078,1009,1010,0.989914243,True,525.173500,-630.546000,1.953292000,494.064600,-710.030500,0.276882000,85.355430
1078,1079,1088,1089,0.995530447,True,524.623000,-629.177600,1.953292000,519.117800,-615.493800,1.962096000,14.749699
1079,1080,1011,1012,0.994528730,True,524.072500,-627.809200,1.953292000,496.943100,-709.212500,0.276882000,85.805021
1080,1081,1011,1012,0.984225935,True,523.521900,-626.440800,1.953292000,496.943100,-709.212500,0.276882000,86.934383
1081,1082,1012,1013,0.993849044,True,522.971400,-625.072500,1.953292000,498.382300,-708.803500,0.301888000,87.266856
1082,1083,151,152,0.989306215,True,522.420900,-623.704100,1.953292000,358.794500,-535.279500,2.406516000,185.990614
1083,1084,1014,1015,0.978360950,True,521.870400,-622.335700,1.953292000,501.260800,-707.985500,0.449679000,88.094517
1084,1085,1015,1016,0.993082103,True,521.319900,-620.967300,1.953292000,502.700000,-707.576500,0.523167000,88.588115
1085,1086,153,154,0.963161988,True,520.769400,-619.598900,1.953292000,356.585000,-533.281900,2.406516000,185.491622
1086,1087,1096,1097,0.972601643,True,520.218900,-618.230500,1.953292000,514.253800,-604.889700,2.029888000,14.613670
1087,1088,1096,1097,0.980515929,True,519.668400,-616.862100,1.953292000,514.253800,-604.889700,2.029888000,13.139873
1088,1089,1097,1098,0.962144289,True,519.117800,-615.493800,1.962096000,513.611300,-603.589900,2.029888000,13.115806
1089,1090,1097,1098,0.978201795,True,518.567300,-614.125400,1.984694000,513.611300,-603.589900,2.029888000,11.642968
1090,1091,1096,1097,0.988384712,True,518.016800,-612.757000,2.007299000,514.253800,-604.889700,2.029888000,8.720928
1091,1092,-1,-1,nan,False,517.466300,-611.388600,2.029888000,,,,
1092,1093,-1,-1,nan,False,516.823800,-610.088800,2.029888000,,,,
1093,1094,-1,-1,nan,False,516.181300,-608.789000,2.029888000,,,,
1094,1095,-1,-1,nan,False,515.538800,-607.489300,2.029888000,,,,
1095,1096,-1,-1,nan,False,514.896300,-606.189500,2.029888000,,,,
1096,1097,-1,-1,nan,False,514.253800,-604.889700,2.029888000,,,,
1097,1098,-1,-1,nan,False,513.611300,-603.589900,2.029888000,,,,
1098,1099,-1,-1,nan,False,512.968800,-602.290100,2.029888000,,,,
1099,1100,-1,-1,nan,False,512.326300,-600.990400,2.029888000,,,,
1100,1101,-1,-1,nan,False,511.683800,-599.690600,2.029888000,,,,
1101,1102,-1,-1,nan,False,511.041300,-598.390800,2.029888000,,,,
1102,1103,-1,-1,nan,False,510.398700,-597.091000,2.029888000,,,,
1103,1104,-1,-1,nan,False,509.756200,-595.791300,2.029888000,,,,
1104,1105,-1,-1,nan,False,509.113700,-594.491500,2.029888000,,,,
1105,1106,-1,-1,nan,False,508.471200,-593.191700,2.042942000,,,,
1106,1107,-1,-1,nan,False,507.828700,-591.891900,2.106551000,,,,
1107,1108,-1,-1,nan,False,507.186200,-590.592100,2.253244000,,,,
1108,1109,-1,-1,nan,False,506.543700,-589.292400,2.518664000,,,,
1109,1110,-1,-1,nan,False,505.838700,-588.166800,2.833372000,,,,
1110,1111,-1,-1,nan,False,504.999200,-587.326600,3.134448000,,,,
1111,1112,-1,-1,nan,False,504.059200,-586.775300,-2.878761000,,,,
1112,1113,-1,-1,nan,False,503.053000,-586.516700,-2.653393000,,,,
1113,1114,-1,-1,nan,False,502.014700,-586.554500,-2.474969000,,,,
1114,1115,-1,-1,nan,False,500.978700,-586.892300,-2.348879000,,,,
1115,1116,-1,-1,nan,False,499.979000,-587.533800,-2.271778000,,,,
