query_array_index,query_frame_id,matched_ref_index,matched_ref_frame_id,quality,valid,gt_x,gt_y,gt_yaw_rad,est_x,est_y,est_yaw_rad,xy_error
0,1,-1,-1,nan,False,499.050000,-588.482800,-2.245104000,,,,
1,2,-1,-1,nan,False,498.143000,-589.617400,-2.245104000,,,,
2,3,-1,-1,nan,False,497.236100,-590.752100,-2.245104000,,,,
3,4,-1,-1,nan,False,496.329200,-591.886700,-2.245104000,,,,
4,5,-1,-1,nan,False,495.422300,-593.021400,-2.245104000,,,,
5,6,5,6,0.334843004,True,494.515400,-594.156000,-2.245104000,494.515400,-594.156000,-2.245104000,0.000000
6,7,6,7,0.294897218,True,493.608500,-595.290700,-2.312361000,493.608500,-595.290700,-2.312361000,0.000000
7,8,7,8,0.271962793,True,492.701600,-596.425300,-2.470564000,492.701600,-596.425300,-2.470564000,0.000000
8,9,8,9,0.233917227,True,491.794700,-597.560000,-2.631028000,491.794700,-597.560000,-2.631028000,0.000000
9,10,9,10,0.188969309,True,490.887800,-598.694600,-2.785773000,490.887800,-598.694600,-2.785773000,0.000000
10,11,10,11,0.156697399,True,489.539800,-599.195600,-2.785773000,489.539800,-599.195600,-2.785773000,0.000000
11,12,11,12,0.135233916,True,488.191800,-599.696500,-2.785773000,488.191800,-599.696500,-2.785773000,0.000000
12,13,12,13,0.131845031,True,486.843800,-600.197500,-2.785773000,486.843800,-600.197500,-2.785773000,0.000000
13,14,13,14,0.120530965,True,485.495800,-600.698400,-2.785773000,485.495800,-600.698400,-2.785773000,0.000000
14,15,14,15,0.123902384,True,484.147800,-601.199400,-2.785773000,484.147800,-601.199400,-2.785773000,0.000000
15,16,15,16,0.123538122,True,482.799900,-601.700400,-2.785773000,482.799900,-601.700400,-2.785773000,0.000000
16,17,16,17,0.115774965,True,481.451900,-602.201300,-2.785773000,481.451900,-602.201300,-2.785773000,0.000000
17,18,17,18,0.104599216,True,480.103900,-602.702300,-2.785773000,480.103900,-602.702300,-2.785773000,0.000000
18,19,18,19,0.100106717,True,478.755900,-603.203300,-2.785773000,478.755900,-603.203300,-2.785773000,0.000000
19,20,19,20,0.083897772,True,477.407900,-603.704200,-2.770426000,477.407900,-603.704200,-2.770426000,0.000000
20,21,20,21,0.073127153,True,476.059900,-604.205200,-2.738189000,476.059900,-604.205200,-2.738189000,0.000000
21,22,21,22,0.068762453,True,474.711900,-604.706100,-2.705935000,474.711900,-604.706100,-2.705935000,0.000000
22,23,22,23,0.059820901,True,473.363900,-605.207100,-2.673730000,473.363900,-605.207100,-2.673730000,0.000000
23,24,23,24,0.053604203,True,472.107200,-605.842100,-2.673730000,472.107200,-605.842100,-2.673730000,0.000000
24,25,24,25,0.052660075,True,470.850400,-606.477200,-2.673730000,470.850400,-606.477200,-2.673730000,0.000000
25,26,25,26,0.052087041,True,469.593600,-607.112200,-2.673730000,469.593600,-607.112200,-2.673730000,0.000000
26,27,26,27,0.054206148,True,468.336800,-607.747200,-2.673730000,468.336800,-607.747200,-2.673730000,0.000000
27,28,27,28,0.054683254,True,467.080000,-608.382200,-2.675408000,467.080000,-608.382200,-2.675408000,0.000000
28,29,28,29,0.055738569,True,465.823300,-609.017300,-2.678456000,465.823300,-609.017300,-2.678456000,0.000000
29,30,29,30,0.060795937,True,464.566500,-609.652300,-2.681503000,464.566500,-609.652300,-2.681503000,0.000000
30,31,30,31,0.052998667,True,463.309700,-610.287300,-2.684551000,463.309700,-610.287300,-2.684551000,0.000000
31,32,31,32,0.056165677,True,462.053400,-610.905100,-2.684551000,462.053400,-610.905100,-2.684551000,0.000000
32,33,32,33,0.051167310,True,460.797200,-611.522900,-2.684551000,460.797200,-611.522900,-2.684551000,0.000000
33,34,33,34,0.053473656,True,459.540900,-612.140700,-2.684551000,459.540900,-612.140700,-2.684551000,0.000000
34,35,34,35,0.054411218,True,458.284700,-612.758500,-2.684551000,458.284700,-612.758500,-2.684551000,0.000000
35,36,35,36,0.054769925,True,457.028400,-613.376300,-2.684551000,457.028400,-613.376300,-2.684551000,0.000000
36,37,36,37,0.061153993,True,455.772100,-613.994100,-2.684551000,455.772100,-613.994100,-2.684551000,0.000000
37,38,37,38,0.066128940,True,454.515900,-614.611900,-2.684551000,454.515900,-614.611900,-2.684551000,0.000000
38,39,38,39,0.077740032,True,453.259600,-615.229600,-2.684551000,453.259600,-615.229600,-2.684551000,0.000000
39,40,39,40,0.084724308,True,452.003400,-615.847400,-2.614261000,452.003400,-615.847400,-2.614261000,0.000000
40,41,40,41,0.089417744,True,450.747100,-616.465200,-2.487948000,450.747100,-616.465200,-2.487948000,0.000000
41,42,41,42,0.108297837,True,449.490800,-617.083000,-2.360761000,449.490800,-617.083000,-2.360761000,0.000000
42,43,42,43,0.118243176,True,448.234600,-617.700800,-2.236720000,448.234600,-617.700800,-2.236720000,0.000000
43,44,43,44,0.132155279,True,447.376700,-618.792700,-2.236720000,447.376700,-618.792700,-2.236720000,0.000000
44,45,44,45,0.139804959,True,446.518900,-619.884600,-2.236720000,446.518900,-619.884600,-2.236720000,0.000000
45,46,45,46,0.140215899,True,445.661000,-620.976500,-2.236720000,445.661000,-620.976500,-2.236720000,0.000000
46,47,46,47,0.142336096,True,444.803200,-622.068500,-2.236720000,444.803200,-622.068500,-2.236720000,0.000000
47,48,47,48,0.134109896,True,443.945300,-623.160400,-2.236720000,443.945300,-623.160400,-2.236720000,0.000000
48,49,48,49,0.127058118,True,443.087500,-624.252300,-2.236720000,443.087500,-624.252300,-2.236720000,0.000000
49,50,49,50,0.123269242,True,442.229600,-625.344200,-2.313501000,442.229600,-625.344200,-2.313501000,0.000000
50,51,50,51,0.116452735,True,441.371800,-626.436100,-2.445115000,441.371800,-626.436100,-2.445115000,0.000000
51,52,51,52,0.099019151,True,440.513900,-627.528000,-2.577650000,440.513900,-627.528000,-2.577650000,0.000000
52,53,52,53,0.080437794,True,439.656100,-628.619900,-2.706569000,439.656100,-628.619900,-2.706569000,0.000000
53,54,53,54,0.073583362,True,438.296300,-629.251800,-2.706569000,438.296300,-629.251800,-2.706569000,0.000000
54,55,54,55,0.067655898,True,436.936400,-629.883800,-2.706569000,436.936400,-629.883800,-2.706569000,0.000000
55,56,55,56,0.074322130,True,435.576600,-630.515700,-2.706569000,435.576600,-630.515700,-2.706569000,0.000000
56,57,56,57,0.088969868,True,434.216800,-631.147600,-2.706569000,434.216800,-631.147600,-2.706569000,0.000000
57,58,57,58,0.098941061,True,432.856900,-631.779600,-2.763816000,432.856900,-631.779600,-2.763816000,0.000000
58,59,58,59,0.114827873,True,431.497100,-632.411500,-2.943406000,431.497100,-632.411500,-2.943406000,0.000000
59,60,59,60,0.132569822,True,430.137300,-633.043400,-3.126996000,430.137300,-633.043400,-3.126996000,0.000000
60,61,60,61,0.138623997,True,428.777400,-633.675400,2.980449000,428.777400,-633.675400,2.980449000,0.000000
61,62,61,62,0.154184563,True,427.359000,-633.444800,2.980449000,427.359000,-633.444800,2.980449000,0.000000
62,63,62,63,0.172604097,True,425.940600,-633.214200,2.980449000,425.940600,-633.214200,2.980449000,0.000000
63,64,63,64,0.172719129,True,424.522200,-632.983700,2.980449000,424.522200,-632.983700,2.980449000,0.000000
64,65,64,65,0.170256265,True,423.103700,-632.753100,2.980449000,423.103700,-632.753100,2.980449000,0.000000
65,66,65,66,0.168275482,True,421.685300,-632.522500,2.980449000,421.685300,-632.522500,2.980449000,0.000000
66,67,66,67,0.177709994,True,420.266900,-632.292000,2.980449000,420.266900,-632.292000,2.980449000,0.000000
67,68,67,68,0.173905736,True,418.848500,-632.061400,2.980449000,418.848500,-632.061400,2.980449000,0.000000
68,69,68,69,0.181393886,True,417.430100,-631.830800,2.901273000,417.430100,-631.830800,2.901273000,0.000000
69,70,69,70,0.189634764,True,416.011600,-631.600300,2.727963000,416.011600,-631.600300,2.727963000,0.000000
70,71,70,71,0.190984289,True,414.593200,-631.369700,2.551872000,414.593200,-631.369700,2.551872000,0.000000
71,72,71,72,0.170229533,True,413.174800,-631.139100,2.383463000,413.174800,-631.139100,2.383463000,0.000000
72,73,72,73,0.131963606,True,412.143100,-630.162200,2.383463000,412.143100,-630.162200,2.383463000,0.000000
73,74,73,74,0.137404855,True,411.111300,-629.185200,2.383463000,411.111300,-629.185200,2.383463000,0.000000
74,75,74,75,0.193508195,True,410.079600,-628.208300,2.383463000,410.079600,-628.208300,2.383463000,0.000000
75,76,75,76,0.217944891,True,409.047900,-627.231300,2.293741000,409.047900,-627.231300,2.293741000,0.000000
76,77,76,77,0.236002038,True,408.016100,-626.254400,2.111198000,408.016100,-626.254400,2.111198000,0.000000
77,78,77,78,0.258804560,True,406.984400,-625.277500,1.925649000,406.984400,-625.277500,1.925649000,0.000000
78,79,78,79,0.295035903,True,405.952700,-624.300500,1.749272000,405.952700,-624.300500,1.749272000,0.000000
79,80,79,80,0.297529360,True,405.704900,-622.927200,1.749272000,405.704900,-622.927200,1.749272000,0.000000
80,81,80,81,0.292136333,True,405.457200,-621.553900,1.749272000,405.457200,-621.553900,1.749272000,0.000000
81,82,81,82,0.303960560,True,405.209500,-620.180600,1.749272000,405.209500,-620.180600,1.749272000,0.000000
82,83,82,83,0.345835828,True,404.961700,-618.807300,1.749272000,404.961700,-618.807300,1.749272000,0.000000
83,84,83,84,0.374452384,True,404.714000,-617.433900,1.749272000,404.714000,-617.433900,1.749272000,0.000000
84,85,84,85,0.351273906,True,404.466200,-616.060600,1.749272000,404.466200,-616.060600,1.749272000,0.000000
85,86,85,86,0.320315667,True,404.218500,-614.687300,1.726706000,404.218500,-614.687300,1.726706000,0.000000
86,87,86,87,0.282718881,True,403.970800,-613.314000,1.687900000,403.970800,-613.314000,1.687900000,0.000000
87,88,87,88,0.253838361,True,403.723000,-611.940700,1.649070000,403.723000,-611.940700,1.649070000,0.000000
88,89,88,89,0.225928854,True,403.475300,-610.567400,1.610332000,403.475300,-610.567400,1.610332000,0.000000
89,90,89,90,0.201849121,True,403.416500,-609.082400,1.610332000,403.416500,-609.082400,1.610332000,0.000000
90,91,90,91,0.189463905,True,403.357800,-607.597500,1.610332000,403.357800,-607.597500,1.610332000,0.000000
91,92,91,92,0.211869845,True,403.299100,-606.112500,1.610332000,403.299100,-606.112500,1.610332000,0.000000
92,93,92,93,0.232643231,True,403.240300,-604.627600,1.610332000,403.240300,-604.627600,1.610332000,0.000000
93,94,93,94,0.241648033,True,403.181600,-603.142700,1.610332000,403.181600,-603.142700,1.610332000,0.000000
94,95,94,95,0.253120647,True,403.122900,-601.657700,1.610332000,403.122900,-601.657700,1.610332000,0.000000
95,96,95,96,0.255065564,True,403.064100,-600.172800,1.610332000,403.064100,-600.172800,1.610332000,0.000000
96,97,96,97,0.260797112,True,403.005400,-598.687900,1.610332000,403.005400,-598.687900,1.610332000,0.000000
97,98,97,98,0.269508268,True,402.946600,-597.202900,1.656553000,402.946600,-597.202900,1.656553000,0.000000
98,99,98,99,0.264923344,True,402.887900,-595.718000,1.786641000,402.887900,-595.718000,1.786641000,0.000000
99,100,99,100,0.300573701,True,402.829200,-594.233000,1.918154000,402.829200,-594.233000,1.918154000,0.000000
100,101,100,101,0.320036161,True,402.770400,-592.748100,2.046645000,402.770400,-592.748100,2.046645000,0.000000
101,102,101,102,0.302698689,True,402.120500,-591.486900,2.046645000,402.120500,-591.486900,2.046645000,0.000000
102,103,102,103,0.274807849,True,401.470600,-590.225800,2.046645000,401.470600,-590.225800,2.046645000,0.000000
103,104,103,104,0.270532688,True,400.820600,-588.964600,2.046645000,400.820600,-588.964600,2.046645000,0.000000
104,105,104,105,0.293919048,True,400.170700,-587.703400,2.046645000,400.170700,-587.703400,2.046645000,0.000000
105,106,105,106,0.311321026,True,399.520700,-586.442300,2.046645000,399.520700,-586.442300,2.046645000,0.000000
106,107,106,107,0.309488843,True,398.870800,-585.181100,2.082659000,398.870800,-585.181100,2.082659000,0.000000
107,108,107,108,0.329011235,True,398.220900,-583.919900,2.151916000,398.220900,-583.919900,2.151916000,0.000000
108,109,108,109,0.318947900,True,397.570900,-582.658800,2.221330000,397.570900,-582.658800,2.221330000,0.000000
109,110,109,110,0.327499511,True,396.921000,-581.397600,2.290240000,396.921000,-581.397600,2.290240000,0.000000
110,111,110,111,0.331386259,True,395.990100,-580.335000,2.290240000,395.990100,-580.335000,2.290240000,0.000000
111,112,111,112,0.343374626,True,395.059100,-579.272400,2.290240000,395.059100,-579.272400,2.290240000,0.000000
112,113,112,113,0.340365355,True,394.128200,-578.209800,2.290240000,394.128200,-578.209800,2.290240000,0.000000
113,114,113,114,0.363103551,True,393.197200,-577.147200,2.290240000,393.197200,-577.147200,2.290240000,0.000000
114,115,114,115,0.369213072,True,392.266300,-576.084500,2.290240000,392.266300,-576.084500,2.290240000,0.000000
115,116,115,116,0.381785269,True,391.335400,-575.021900,2.290240000,391.335400,-575.021900,2.290240000,0.000000
116,117,116,117,0.373162630,True,390.404400,-573.959300,2.290240000,390.404400,-573.959300,2.290240000,0.000000
117,118,117,118,0.397178282,True,389.473500,-572.896700,2.290240000,389.473500,-572.896700,2.290240000,0.000000
118,119,118,119,0.419207095,True,388.542600,-571.834100,2.302303000,388.542600,-571.834100,2.302303000,0.000000
119,120,119,120,0.415648522,True,387.611600,-570.771500,2.324690000,387.611600,-570.771500,2.324690000,0.000000
120,121,120,121,0.443433982,True,386.680700,-569.708900,2.347083000,386.680700,-569.708900,2.347083000,0.000000
121,122,121,122,0.464969723,True,385.749800,-568.646300,2.369459000,385.749800,-568.646300,2.369459000,0.000000
122,123,122,123,0.460176933,True,384.747500,-567.670200,2.369459000,384.747500,-567.670200,2.369459000,0.000000
123,124,123,124,0.480419765,True,383.745200,-566.694200,2.369459000,383.745200,-566.694200,2.369459000,0.000000
124,125,124,125,0.491275761,True,382.742900,-565.718100,2.369459000,382.742900,-565.718100,2.369459000,0.000000
125,126,125,126,0.522694312,True,381.740600,-564.742100,2.369459000,381.740600,-564.742100,2.369459000,0.000000
126,127,126,127,0.538555180,True,380.738300,-563.766000,2.369459000,380.738300,-563.766000,2.369459000,0.000000
127,128,127,128,0.506679218,True,379.736000,-562.790000,2.369459000,379.736000,-562.790000,2.369459000,0.000000
128,129,128,129,0.450424078,True,378.733700,-561.813900,2.369459000,378.733700,-561.813900,2.369459000,0.000000
129,130,129,130,0.433399748,True,377.731400,-560.837900,2.369459000,377.731400,-560.837900,2.369459000,0.000000
130,131,130,131,0.393548889,True,376.729100,-559.861800,2.369459000,376.729100,-559.861800,2.369459000,0.000000
131,132,131,132,0.403948214,True,375.726900,-558.885800,2.369459000,375.726900,-558.885800,2.369459000,0.000000
132,133,132,133,0.397606302,True,374.724600,-557.909800,2.316618000,374.724600,-557.909800,2.316618000,0.000000
133,134,133,134,0.358359207,True,373.722300,-556.933700,2.223190000,373.722300,-556.933700,2.223190000,0.000000
134,135,134,135,0.318189568,True,372.720000,-555.957700,2.129412000,372.720000,-555.957700,2.129412000,0.000000
135,136,135,136,0.280334186,True,371.717700,-554.981600,2.036912000,371.717700,-554.981600,2.036912000,0.000000
136,137,136,137,0.241021034,True,371.045000,-553.644500,2.036912000,371.045000,-553.644500,2.036912000,0.000000
137,138,137,138,0.211648962,True,370.372300,-552.307400,2.036912000,370.372300,-552.307400,2.036912000,0.000000
138,139,138,139,0.205684147,True,369.699700,-550.970300,2.036912000,369.699700,-550.970300,2.036912000,0.000000
139,140,139,140,0.186656692,True,369.027000,-549.633200,2.036912000,369.027000,-549.633200,2.036912000,0.000000
140,141,140,141,0.182862605,True,368.354300,-548.296200,2.036912000,368.354300,-548.296200,2.036912000,0.000000
141,142,141,142,0.170584872,True,367.681600,-546.959100,2.036912000,367.681600,-546.959100,2.036912000,0.000000
142,143,142,143,0.171058353,True,367.009000,-545.622000,2.036912000,367.009000,-545.622000,2.036912000,0.000000
143,144,143,144,0.156785930,True,366.336300,-544.284900,2.073976000,366.336300,-544.284900,2.073976000,0.000000
144,145,144,145,0.135294192,True,365.663600,-542.947800,2.184828000,365.663600,-542.947800,2.184828000,0.000000
145,146,145,146,0.146056508,True,364.990900,-541.610700,2.296590000,364.990900,-541.610700,2.296590000,0.000000
146,147,146,147,0.142896330,True,364.318300,-540.273600,2.406516000,364.318300,-540.273600,2.406516000,0.000000
147,148,147,148,0.136414349,True,363.213500,-539.274800,2.406516000,363.213500,-539.274800,2.406516000,0.000000
148,149,148,149,0.139560801,True,362.108700,-538.276000,2.406516000,362.108700,-538.276000,2.406516000,0.000000
149,150,149,150,0.150219448,True,361.004000,-537.277200,2.406516000,361.004000,-537.277200,2.406516000,0.000000
150,151,150,151,0.171220951,True,359.899200,-536.278400,2.406516000,359.899200,-536.278400,2.406516000,0.000000
151,152,151,152,0.152189505,True,358.794500,-535.279500,2.406516000,358.794500,-535.279500,2.406516000,0.000000
152,153,152,153,0.134355263,True,357.689700,-534.280700,2.406516000,357.689700,-534.280700,2.406516000,0.000000
153,154,153,154,0.145582019,True,356.585000,-533.281900,2.406516000,356.585000,-533.281900,2.406516000,0.000000
154,155,154,155,0.120566893,True,355.480200,-532.283100,2.406516000,355.480200,-532.283100,2.406516000,0.000000
155,156,155,156,0.112694139,True,354.375500,-531.284300,2.447274000,354.375500,-531.284300,2.447274000,0.000000
156,157,156,157,0.111856538,True,353.270700,-530.285500,2.563726000,353.270700,-530.285500,2.563726000,0.000000
157,158,157,158,0.103091050,True,352.165900,-529.286700,2.681207000,352.165900,-529.286700,2.681207000,0.000000
158,159,158,159,0.104501795,True,351.061200,-528.287900,2.796535000,351.061200,-528.287900,2.796535000,0.000000
159,160,159,160,0.097236246,True,349.700500,-527.798800,2.796535000,349.700500,-527.798800,2.796535000,0.000000
160,161,160,161,0.092575766,True,348.339800,-527.309700,2.796535000,348.339800,-527.309700,2.796535000,0.000000
161,162,161,162,0.091678375,True,346.979200,-526.820600,2.796535000,346.979200,-526.820600,2.796535000,0.000000
162,163,162,163,0.087431749,True,345.618500,-526.331600,2.796535000,345.618500,-526.331600,2.796535000,0.000000
163,164,163,164,0.074736185,True,344.257800,-525.842500,2.796535000,344.257800,-525.842500,2.796535000,0.000000
164,165,164,165,0.055839939,True,342.897200,-525.353400,2.796535000,342.897200,-525.353400,2.796535000,0.000000
165,166,165,166,0.046905728,True,341.536500,-524.864300,2.796535000,341.536500,-524.864300,2.796535000,0.000000
166,167,166,167,0.044386646,True,340.175800,-524.375300,2.796535000,340.175800,-524.375300,2.796535000,0.000000
167,168,167,168,0.048381477,True,338.815200,-523.886200,2.755232000,338.815200,-523.886200,2.755232000,0.000000
168,169,168,169,0.060293673,True,337.454500,-523.397100,2.663859000,337.454500,-523.397100,2.663859000,0.000000
169,170,169,170,0.069840762,True,336.093800,-522.908000,2.572069000,336.093800,-522.908000,2.572069000,0.000000
170,171,170,171,0.090960345,True,334.733200,-522.419000,2.481392000,334.733200,-522.419000,2.481392000,0.000000
171,172,171,172,0.110630706,True,333.624300,-521.558000,2.481392000,333.624300,-521.558000,2.481392000,0.000000
172,173,172,173,0.109256924,True,332.515400,-520.697000,2.481392000,332.515400,-520.697000,2.481392000,0.000000
173,174,173,174,0.123184440,True,331.406500,-519.836100,2.481392000,331.406500,-519.836100,2.481392000,0.000000
174,175,174,175,0.127138576,True,330.297700,-518.975100,2.481392000,330.297700,-518.975100,2.481392000,0.000000
175,176,175,176,0.124685895,True,329.188800,-518.114200,2.504698000,329.188800,-518.114200,2.504698000,0.000000
176,177,176,177,0.127442937,True,328.079900,-517.253200,2.546319000,328.079900,-517.253200,2.546319000,0.000000
177,178,177,178,0.128385615,True,326.971000,-516.392200,2.587971000,326.971000,-516.392200,2.587971000,0.000000
178,179,178,179,0.132800849,True,325.862200,-515.531300,2.629511000,325.862200,-515.531300,2.629511000,0.000000
179,180,179,180,0.123167402,True,324.695600,-514.875600,2.629511000,324.695600,-514.875600,2.629511000,0.000000
180,181,180,181,0.122366364,True,323.529000,-514.219800,2.629511000,323.529000,-514.219800,2.629511000,0.000000
181,182,181,182,0.097271865,True,322.362400,-513.564100,2.629511000,322.362400,-513.564100,2.629511000,0.000000
182,183,182,183,0.085712194,True,321.195800,-512.908400,2.629511000,321.195800,-512.908400,2.629511000,0.000000
183,184,183,184,0.082175824,True,320.029300,-512.252600,2.538597000,320.029300,-512.252600,2.538597000,0.000000
184,185,184,185,0.084693423,True,318.862700,-511.596900,2.411477000,318.862700,-511.596900,2.411477000,0.000000
185,186,185,186,0.080385193,True,317.696100,-510.941200,2.283812000,317.696100,-510.941200,2.283812000,0.000000
186,187,186,187,0.084726533,True,316.529500,-510.285500,2.159654000,316.529500,-510.285500,2.159654000,0.000000
187,188,187,188,0.080252317,True,315.789100,-509.176800,2.159654000,315.789100,-509.176800,2.159654000,0.000000
188,189,188,189,0.074539375,True,315.048600,-508.068200,2.159654000,315.048600,-508.068200,2.159654000,0.000000
189,190,189,190,0.103776934,True,314.308100,-506.959600,2.159654000,314.308100,-506.959600,2.159654000,0.000000
190,191,190,191,0.122207143,True,313.567700,-505.850900,2.159654000,313.567700,-505.850900,2.159654000,0.000000
191,192,191,192,0.140577581,True,312.827200,-504.742300,2.039703000,312.827200,-504.742300,2.039703000,0.000000
192,193,192,193,0.162075220,True,312.086800,-503.633700,1.871549000,312.086800,-503.633700,1.871549000,0.000000
193,194,193,194,0.183234895,True,311.346300,-502.525000,1.702195000,311.346300,-502.525000,1.702195000,0.000000
194,195,194,195,0.219352931,True,310.605900,-501.416400,1.540916000,310.605900,-501.416400,1.540916000,0.000000
195,196,195,196,0.219214025,True,310.647400,-500.025400,1.540916000,310.647400,-500.025400,1.540916000,0.000000
196,197,196,197,0.211196251,True,310.689000,-498.634400,1.540916000,310.689000,-498.634400,1.540916000,0.000000
197,198,197,198,0.225853931,True,310.730600,-497.243500,1.540916000,310.730600,-497.243500,1.540916000,0.000000
198,199,198,199,0.216675508,True,310.772200,-495.852500,1.540916000,310.772200,-495.852500,1.540916000,0.000000
199,200,199,200,0.210415828,True,310.813700,-494.461500,1.540916000,310.813700,-494.461500,1.540916000,0.000000
200,201,200,201,0.220062940,True,310.855300,-493.070500,1.540916000,310.855300,-493.070500,1.540916000,0.000000
201,202,201,202,0.219968178,True,310.896900,-491.679500,1.540916000,310.896900,-491.679500,1.540916000,0.000000
202,203,202,203,0.225772277,True,310.938500,-490.288600,1.456758000,310.938500,-490.288600,1.456758000,0.000000
203,204,203,204,0.211095077,True,310.980000,-488.897600,1.309543000,310.980000,-488.897600,1.309543000,0.000000
204,205,204,205,0.199550376,True,311.021600,-487.506600,1.161010000,311.021600,-487.506600,1.161010000,0.000000
205,206,205,206,0.187868450,True,311.063200,-486.115600,1.017504000,311.063200,-486.115600,1.017504000,0.000000
206,207,206,207,0.166478705,True,311.744500,-485.012500,1.017504000,311.744500,-485.012500,1.017504000,0.000000
207,208,207,208,0.164788696,True,312.425800,-483.909400,1.017504000,312.425800,-483.909400,1.017504000,0.000000
208,209,208,209,0.167208746,True,313.107100,-482.806300,1.017504000,313.107100,-482.806300,1.017504000,0.000000
209,210,209,210,0.196064560,True,313.788500,-481.703300,1.126862000,313.788500,-481.703300,1.126862000,0.000000
210,211,210,211,0.207355958,True,314.469800,-480.600200,1.258790000,314.469800,-480.600200,1.258790000,0.000000
211,212,211,212,0.183035786,True,315.151100,-479.497100,1.391050000,315.151100,-479.497100,1.391050000,0.000000
212,213,212,213,0.178192145,True,315.832400,-478.394000,1.519153000,315.832400,-478.394000,1.519153000,0.000000
213,214,213,214,0.169641785,True,315.909700,-476.899500,1.519256000,315.909700,-476.899500,1.519256000,0.000000
214,215,214,215,0.152460838,True,315.986900,-475.405000,1.519600000,315.986900,-475.405000,1.519600000,0.000000
215,216,215,216,0.146482919,True,316.064200,-473.910500,1.520218000,316.064200,-473.910500,1.520218000,0.000000
216,217,216,217,0.151038808,True,316.141400,-472.415900,1.519983000,316.141400,-472.415900,1.519983000,0.000000
217,218,217,218,0.157385771,True,316.187800,-471.500900,1.518393000,316.187800,-471.500900,1.518393000,0.000000
218,219,218,219,0.139411944,True,316.234200,-470.585800,1.515466000,316.234200,-470.585800,1.515466000,0.000000
219,220,219,220,0.136071719,True,316.305500,-469.143000,1.507882000,316.305500,-469.143000,1.507882000,0.000000
220,221,220,221,0.133223927,True,316.365500,-467.958600,1.500641000,316.365500,-467.958600,1.500641000,0.000000
221,222,221,222,0.133997243,True,316.424300,-466.903700,1.494522000,316.424300,-466.903700,1.494522000,0.000000
222,223,222,223,0.131931060,True,316.491900,-465.849400,1.490031000,316.491900,-465.849400,1.490031000,0.000000
223,224,223,224,0.131766361,True,316.578600,-464.666800,1.486970000,316.578600,-464.666800,1.486970000,0.000000
224,225,224,225,0.137183738,True,316.694300,-463.227100,1.485282000,316.694300,-463.227100,1.485282000,0.000000
225,226,225,226,0.155292649,True,316.771700,-462.314100,1.485023000,316.771700,-462.314100,1.485023000,0.000000
226,227,226,227,0.165139678,True,316.849100,-461.401200,1.484764000,316.849100,-461.401200,1.484764000,0.000000
227,228,227,228,0.167131915,True,316.976400,-459.925200,1.484764000,316.976400,-459.925200,1.484764000,0.000000
228,229,228,229,0.179184287,True,317.103700,-458.449200,1.484764000,317.103700,-458.449200,1.484764000,0.000000
229,230,229,230,0.178962002,True,317.231000,-456.973200,1.484764000,317.231000,-456.973200,1.484764000,0.000000
230,231,230,231,0.189615734,True,317.358300,-455.497100,1.484764000,317.358300,-455.497100,1.484764000,0.000000
231,232,231,232,0.189711322,True,317.485600,-454.021100,1.484764000,317.485600,-454.021100,1.484764000,0.000000
232,233,232,233,0.210318729,True,317.612900,-452.545100,1.484764000,317.612900,-452.545100,1.484764000,0.000000
233,234,233,234,0.258610993,True,317.740200,-451.069100,1.484764000,317.740200,-451.069100,1.484764000,0.000000
234,235,234,235,0.263177849,True,317.867500,-449.593100,1.484764000,317.867500,-449.593100,1.484764000,0.000000
235,236,235,236,0.243092541,True,317.994800,-448.117100,1.484764000,317.994800,-448.117100,1.484764000,0.000000
236,237,236,237,0.243110746,True,318.122100,-446.641100,1.484764000,318.122100,-446.641100,1.484764000,0.000000
237,238,237,238,0.234168336,True,318.249400,-445.165100,1.484764000,318.249400,-445.165100,1.484764000,0.000000
238,239,238,239,0.237459509,True,318.376700,-443.689000,1.484764000,318.376700,-443.689000,1.484764000,0.000000
239,240,239,240,0.230640961,True,318.504000,-442.213000,1.484764000,318.504000,-442.213000,1.484764000,0.000000
240,241,240,241,0.209058873,True,318.631300,-440.737000,1.484764000,318.631300,-440.737000,1.484764000,0.000000
241,242,241,242,0.225019399,True,318.758600,-439.261000,1.484764000,318.758600,-439.261000,1.484764000,0.000000
242,243,242,243,0.231910950,True,318.885900,-437.785000,1.457458000,318.885900,-437.785000,1.457458000,0.000000
243,244,243,244,0.236721914,True,319.013200,-436.309000,1.384038000,319.013200,-436.309000,1.384038000,0.000000
244,245,244,245,0.242506557,True,319.140500,-434.833000,1.310369000,319.140500,-434.833000,1.310369000,0.000000
245,246,245,246,0.238700792,True,319.267800,-433.356900,1.237245000,319.267800,-433.356900,1.237245000,0.000000
246,247,246,247,0.226009066,True,319.757500,-431.943600,1.237245000,319.757500,-431.943600,1.237245000,0.000000
247,248,247,248,0.219301470,True,320.247300,-430.530200,1.237245000,320.247300,-430.530200,1.237245000,0.000000
248,249,248,249,0.218530463,True,320.737000,-429.116900,1.237245000,320.737000,-429.116900,1.237245000,0.000000
249,250,249,250,0.224966849,True,321.226700,-427.703500,1.237245000,321.226700,-427.703500,1.237245000,0.000000
250,251,250,251,0.238244122,True,321.716400,-426.290100,1.237245000,321.716400,-426.290100,1.237245000,0.000000
251,252,251,252,0.249014361,True,322.206200,-424.876800,1.237245000,322.206200,-424.876800,1.237245000,0.000000
252,253,252,253,0.238302749,True,322.695900,-423.463400,1.237245000,322.695900,-423.463400,1.237245000,0.000000
253,254,253,254,0.233638704,True,323.185600,-422.050000,1.237245000,323.185600,-422.050000,1.237245000,0.000000
254,255,254,255,0.217167949,True,323.675300,-420.636700,1.237245000,323.675300,-420.636700,1.237245000,0.000000
255,256,255,256,0.208866262,True,324.165100,-419.223300,1.237245000,324.165100,-419.223300,1.237245000,0.000000
256,257,256,257,0.181789469,True,324.654800,-417.810000,1.237245000,324.654800,-417.810000,1.237245000,0.000000
257,258,257,258,0.155922050,True,325.144500,-416.396600,1.237245000,325.144500,-416.396600,1.237245000,0.000000
258,259,258,259,0.149012223,True,325.634200,-414.983200,1.237245000,325.634200,-414.983200,1.237245000,0.000000
259,260,259,260,0.149815571,True,326.124000,-413.569900,1.237245000,326.124000,-413.569900,1.237245000,0.000000
260,261,260,261,0.145681698,True,326.613700,-412.156500,1.237245000,326.613700,-412.156500,1.237245000,0.000000
261,262,261,262,0.156395127,True,327.103400,-410.743200,1.237245000,327.103400,-410.743200,1.237245000,0.000000
262,263,262,263,0.132818361,True,327.593200,-409.329800,1.237245000,327.593200,-409.329800,1.237245000,0.000000
263,264,263,264,0.128824329,True,328.082900,-407.916400,1.237245000,328.082900,-407.916400,1.237245000,0.000000
264,265,264,265,0.118769186,True,328.572600,-406.503100,1.237245000,328.572600,-406.503100,1.237245000,0.000000
265,266,265,266,0.093299976,True,329.062300,-405.089700,1.237245000,329.062300,-405.089700,1.237245000,0.000000
266,267,266,267,0.076381382,True,329.552100,-403.676300,1.237245000,329.552100,-403.676300,1.237245000,0.000000
267,268,267,268,0.068292328,True,330.041800,-402.263000,1.237245000,330.041800,-402.263000,1.237245000,0.000000
268,269,268,269,0.063098316,True,330.531500,-400.849600,1.237245000,330.531500,-400.849600,1.237245000,0.000000
269,270,269,270,0.065564879,True,331.021200,-399.436300,1.216773000,331.021200,-399.436300,1.216773000,0.000000
270,271,270,271,0.057832128,True,331.511000,-398.022900,1.156712000,331.511000,-398.022900,1.156712000,0.000000
271,272,271,272,0.058825846,True,332.000700,-396.609500,1.096507000,332.000700,-396.609500,1.096507000,0.000000
272,273,272,273,0.059738606,True,332.490400,-395.196200,1.036594000,332.490400,-395.196200,1.036594000,0.000000
273,274,273,274,0.057672718,True,333.239100,-393.930600,1.036594000,333.239100,-393.930600,1.036594000,0.000000
274,275,274,275,0.063346355,True,333.987800,-392.665000,1.036594000,333.987800,-392.665000,1.036594000,0.000000
275,276,275,276,0.075031132,True,334.736500,-391.399400,1.036594000,334.736500,-391.399400,1.036594000,0.000000
276,277,276,277,0.083789577,True,335.485200,-390.133800,1.036594000,335.485200,-390.133800,1.036594000,0.000000
277,278,277,278,0.094358153,True,336.233900,-388.868200,1.036594000,336.233900,-388.868200,1.036594000,0.000000
278,279,278,279,0.102817125,True,336.982600,-387.602600,1.036594000,336.982600,-387.602600,1.036594000,0.000000
279,280,279,280,0.112167069,True,337.731300,-386.337000,1.036594000,337.731300,-386.337000,1.036594000,0.000000
280,281,280,281,0.116488119,True,338.480000,-385.071400,1.036594000,338.480000,-385.071400,1.036594000,0.000000
281,282,281,282,0.127383529,True,339.228700,-383.805800,1.036594000,339.228700,-383.805800,1.036594000,0.000000
282,283,282,283,0.144638801,True,339.977400,-382.540200,1.036594000,339.977400,-382.540200,1.036594000,0.000000
283,284,283,284,0.171315996,True,340.726000,-381.274700,1.036594000,340.726000,-381.274700,1.036594000,0.000000
284,285,284,285,0.182980850,True,341.474700,-380.009100,1.036594000,341.474700,-380.009100,1.036594000,0.000000
285,286,285,286,0.198923052,True,342.223400,-378.743500,1.036594000,342.223400,-378.743500,1.036594000,0.000000
286,287,286,287,0.214274992,True,342.972100,-377.477900,1.036594000,342.972100,-377.477900,1.036594000,0.000000
287,288,287,288,0.238030979,True,343.720800,-376.212300,1.036594000,343.720800,-376.212300,1.036594000,0.000000
288,289,288,289,0.251381900,True,344.469500,-374.946700,1.036594000,344.469500,-374.946700,1.036594000,0.000000
289,290,289,290,0.269327270,True,345.218200,-373.681100,1.036594000,345.218200,-373.681100,1.036594000,0.000000
290,291,290,291,0.284083071,True,345.966900,-372.415500,1.036594000,345.966900,-372.415500,1.036594000,0.000000
291,292,291,292,0.307218675,True,346.715600,-371.149900,1.036594000,346.715600,-371.149900,1.036594000,0.000000
292,293,292,293,0.308071155,True,347.464300,-369.884300,1.036594000,347.464300,-369.884300,1.036594000,0.000000
293,294,293,294,0.318534812,True,348.213000,-368.618700,1.036594000,348.213000,-368.618700,1.036594000,0.000000
294,295,294,295,0.364028999,True,348.961700,-367.353100,1.036594000,348.961700,-367.353100,1.036594000,0.000000
295,296,295,296,0.382853326,True,349.710400,-366.087600,1.036594000,349.710400,-366.087600,1.036594000,0.000000
296,297,296,297,0.370515732,True,350.459100,-364.822000,1.036594000,350.459100,-364.822000,1.036594000,0.000000
297,298,297,298,0.374217602,True,351.207800,-363.556400,1.036594000,351.207800,-363.556400,1.036594000,0.000000
298,299,298,299,0.395081906,True,351.956500,-362.290800,1.036594000,351.956500,-362.290800,1.036594000,0.000000
299,300,299,300,0.411179822,True,352.705200,-361.025200,1.036594000,352.705200,-361.025200,1.036594000,0.000000
300,301,300,301,0.382790018,True,353.453900,-359.759600,1.036594000,353.453900,-359.759600,1.036594000,0.000000
301,302,301,302,0.388592451,True,354.202500,-358.494000,1.036594000,354.202500,-358.494000,1.036594000,0.000000
302,303,302,303,0.357475856,True,354.951200,-357.228400,1.036594000,354.951200,-357.228400,1.036594000,0.000000
303,304,303,304,0.347382679,True,355.699900,-355.962800,1.036594000,355.699900,-355.962800,1.036594000,0.000000
304,305,304,305,0.365958775,True,356.448600,-354.697200,1.036594000,356.448600,-354.697200,1.036594000,0.000000
305,306,305,306,0.386714385,True,357.197300,-353.431600,1.036594000,357.197300,-353.431600,1.036594000,0.000000
306,307,306,307,0.403229830,True,357.946000,-352.166000,1.107397000,357.946000,-352.166000,1.107397000,0.000000
307,308,307,308,0.406375821,True,358.694700,-350.900500,1.294040000,358.694700,-350.900500,1.294040000,0.000000
308,309,308,309,0.401388277,True,359.443400,-349.634900,1.484724000,359.443400,-349.634900,1.484724000,0.000000
309,310,309,310,0.395626044,True,360.192100,-348.369300,1.666232000,360.192100,-348.369300,1.666232000,0.000000
310,311,310,311,0.373318688,True,360.054400,-346.931200,1.666232000,360.054400,-346.931200,1.666232000,0.000000
311,312,311,312,0.336969671,True,359.916800,-345.493100,1.666232000,359.916800,-345.493100,1.666232000,0.000000
312,313,312,313,0.325447580,True,359.779100,-344.055100,1.666232000,359.779100,-344.055100,1.666232000,0.000000
313,314,313,314,0.331264374,True,359.641500,-342.617000,1.666232000,359.641500,-342.617000,1.666232000,0.000000
314,315,314,315,0.336920300,True,359.503800,-341.178900,1.666232000,359.503800,-341.178900,1.666232000,0.000000
315,316,315,316,0.317940676,True,359.366100,-339.740800,1.666232000,359.366100,-339.740800,1.666232000,0.000000
316,317,316,317,0.313123983,True,359.228500,-338.302800,1.666232000,359.228500,-338.302800,1.666232000,0.000000
317,318,317,318,0.306055864,True,359.090800,-336.864700,1.666232000,359.090800,-336.864700,1.666232000,0.000000
318,319,318,319,0.313529548,True,358.953100,-335.426600,1.666232000,358.953100,-335.426600,1.666232000,0.000000
319,320,319,320,0.309104681,True,358.815500,-333.988500,1.666232000,358.815500,-333.988500,1.666232000,0.000000
320,321,320,321,0.302584234,True,358.677800,-332.550500,1.666232000,358.677800,-332.550500,1.666232000,0.000000
321,322,321,322,0.331918935,True,358.540200,-331.112400,1.666232000,358.540200,-331.112400,1.666232000,0.000000
322,323,322,323,0.359422881,True,358.402500,-329.674300,1.666232000,358.402500,-329.674300,1.666232000,0.000000
323,324,323,324,0.388620149,True,358.264800,-328.236200,1.666232000,358.264800,-328.236200,1.666232000,0.000000
324,325,324,325,0.336343248,True,358.127200,-326.798200,1.666232000,358.127200,-326.798200,1.666232000,0.000000
325,326,325,326,0.300549798,True,357.989500,-325.360100,1.666232000,357.989500,-325.360100,1.666232000,0.000000
326,327,326,327,0.285217743,True,357.851900,-323.922000,1.666232000,357.851900,-323.922000,1.666232000,0.000000
327,328,327,328,0.297732353,True,357.714200,-322.484000,1.666232000,357.714200,-322.484000,1.666232000,0.000000
328,329,328,329,0.305944711,True,357.576500,-321.045900,1.742773000,357.576500,-321.045900,1.742773000,0.000000
329,330,329,330,0.297881113,True,357.438900,-319.607800,1.916987000,357.438900,-319.607800,1.916987000,0.000000
330,331,330,331,0.289567591,True,357.301200,-318.169700,2.094130000,357.301200,-318.169700,2.094130000,0.000000
331,332,331,332,0.267581402,True,357.163600,-316.731700,2.263549000,357.163600,-316.731700,2.263549000,0.000000
332,333,332,333,0.229506552,True,356.217000,-315.591200,2.263549000,356.217000,-315.591200,2.263549000,0.000000
333,334,333,334,0.194715940,True,355.270400,-314.450700,2.263549000,355.270400,-314.450700,2.263549000,0.000000
334,335,334,335,0.182558924,True,354.323900,-313.310300,2.263549000,354.323900,-313.310300,2.263549000,0.000000
335,336,335,336,0.210079565,True,353.377300,-312.169800,2.263549000,353.377300,-312.169800,2.263549000,0.000000
336,337,336,337,0.219905448,True,352.430700,-311.029300,2.263549000,352.430700,-311.029300,2.263549000,0.000000
337,338,337,338,0.245859020,True,351.484200,-309.888800,2.263549000,351.484200,-309.888800,2.263549000,0.000000
338,339,338,339,0.260486146,True,350.537600,-308.748400,2.263549000,350.537600,-308.748400,2.263549000,0.000000
339,340,339,340,0.256912875,True,349.591100,-307.607900,2.263549000,349.591100,-307.607900,2.263549000,0.000000
340,341,340,341,0.267074153,True,348.644500,-306.467400,2.263549000,348.644500,-306.467400,2.263549000,0.000000
341,342,341,342,0.302713470,True,347.697900,-305.327000,2.263549000,347.697900,-305.327000,2.263549000,0.000000
342,343,342,343,0.301134509,True,346.751400,-304.186500,2.263549000,346.751400,-304.186500,2.263549000,0.000000
343,344,343,344,0.289328991,True,345.804800,-303.046000,2.263549000,345.804800,-303.046000,2.263549000,0.000000
344,345,344,345,0.300783411,True,344.858300,-301.905600,2.263549000,344.858300,-301.905600,2.263549000,0.000000
345,346,345,346,0.289375483,True,343.911700,-300.765100,2.271182000,343.911700,-300.765100,2.271182000,0.000000
346,347,346,347,0.266732566,True,342.965100,-299.624600,2.312862000,342.965100,-299.624600,2.312862000,0.000000
347,348,347,348,0.214473902,True,342.018600,-298.484200,2.416515000,342.018600,-298.484200,2.416515000,0.000000
348,349,348,349,0.194065686,True,341.072000,-297.343700,2.613796000,341.072000,-297.343700,2.613796000,0.000000
349,350,349,350,0.171220054,True,340.125500,-296.351200,2.873196000,340.125500,-296.351200,2.873196000,0.000000
350,351,350,351,0.168619410,True,339.150600,-295.612600,3.136989000,339.150600,-295.612600,3.136989000,0.000000
351,352,351,352,0.163738450,True,338.157000,-295.127700,-2.902244000,338.157000,-295.127700,-2.902244000,0.000000
352,353,352,353,0.121259107,True,337.154400,-294.896200,-2.692361000,337.154400,-294.896200,-2.692361000,0.000000
353,354,353,354,0.118198771,True,336.152500,-294.917900,-2.522212000,336.152500,-294.917900,-2.522212000,0.000000
354,355,354,355,0.133768678,True,335.161000,-295.192700,-2.388495000,335.161000,-295.192700,-2.388495000,0.000000
355,356,355,356,0.143301638,True,334.189500,-295.720300,-2.294979000,334.189500,-295.720300,-2.294979000,0.000000
356,357,356,357,0.156767136,True,333.247700,-296.500600,-2.238895000,333.247700,-296.500600,-2.238895000,0.000000
357,358,357,358,0.175223724,True,332.345300,-297.533300,-2.219980000,332.345300,-297.533300,-2.219980000,0.000000
358,359,358,359,0.210350184,True,331.515800,-298.626300,-2.219980000,331.515800,-298.626300,-2.219980000,0.000000
359,360,359,360,0.237005865,True,330.686200,-299.719300,-2.219980000,330.686200,-299.719300,-2.219980000,0.000000
360,361,360,361,0.205977314,True,329.856700,-300.812400,-2.219980000,329.856700,-300.812400,-2.219980000,0.000000
361,362,361,362,0.192998299,True,329.027200,-301.905400,-2.219980000,329.027200,-301.905400,-2.219980000,0.000000
362,363,362,363,0.178253726,True,328.197700,-302.998400,-2.219980000,328.197700,-302.998400,-2.219980000,0.000000
363,364,363,364,0.184443602,True,327.368200,-304.091400,-2.219980000,327.368200,-304.091400,-2.219980000,0.000000
364,365,364,365,0.216581963,True,326.538700,-305.184500,-2.219980000,326.538700,-305.184500,-2.219980000,0.000000
365,366,365,366,0.224540456,True,325.709100,-306.277500,-2.313787000,325.709100,-306.277500,-2.313787000,0.000000
366,367,366,367,0.254585126,True,324.879600,-307.370500,-2.465364000,324.879600,-307.370500,-2.465364000,0.000000
367,368,367,368,0.251629827,True,324.050100,-308.463500,-2.618196000,324.050100,-308.463500,-2.618196000,0.000000
368,369,368,369,0.219225901,True,323.220600,-309.556600,-2.765395000,323.220600,-309.556600,-2.765395000,0.000000
369,370,369,370,0.236996189,True,321.842900,-310.100800,-2.765395000,321.842900,-310.100800,-2.765395000,0.000000
370,371,370,371,0.231958992,True,320.465200,-310.645000,-2.765395000,320.465200,-310.645000,-2.765395000,0.000000
371,372,371,372,0.242833432,True,319.087500,-311.189200,-2.765395000,319.087500,-311.189200,-2.765395000,0.000000
372,373,372,373,0.208917002,True,317.709800,-311.733400,-2.765395000,317.709800,-311.733400,-2.765395000,0.000000
373,374,373,374,0.257438933,True,316.332100,-312.277600,-2.765395000,316.332100,-312.277600,-2.765395000,0.000000
374,375,374,375,0.239756068,True,314.954400,-312.821800,-2.765395000,314.954400,-312.821800,-2.765395000,0.000000
375,376,375,376,0.216773590,True,313.576600,-313.366000,-2.765395000,313.576600,-313.366000,-2.765395000,0.000000
376,377,376,377,0.180545249,True,312.198900,-313.910200,-2.765395000,312.198900,-313.910200,-2.765395000,0.000000
377,378,377,378,0.168937763,True,310.821200,-314.454400,-2.765395000,310.821200,-314.454400,-2.765395000,0.000000
378,379,378,379,0.193195650,True,309.443500,-314.998700,-2.765395000,309.443500,-314.998700,-2.765395000,0.000000
379,380,379,380,0.238868013,True,308.065800,-315.542900,-2.765395000,308.065800,-315.542900,-2.765395000,0.000000
380,381,380,381,0.276258342,True,306.688100,-316.087100,-2.802120000,306.688100,-316.087100,-2.802120000,0.000000
381,382,381,382,0.289463124,True,305.310400,-316.631300,-2.901422000,305.310400,-316.631300,-2.901422000,0.000000
382,383,382,383,0.293811746,True,303.932700,-317.175500,-3.001341000,303.932700,-317.175500,-3.001341000,0.000000
383,384,383,384,0.300795809,True,302.555000,-317.719700,-3.099910000,302.555000,-317.719700,-3.099910000,0.000000
384,385,384,385,0.318203526,True,301.067900,-317.781700,-3.099910000,301.067900,-317.781700,-3.099910000,0.000000
385,386,385,386,0.356211612,True,299.580800,-317.843700,-3.099910000,299.580800,-317.843700,-3.099910000,0.000000
386,387,386,387,0.352548840,True,298.093800,-317.905800,-3.099910000,298.093800,-317.905800,-3.099910000,0.000000
387,388,387,388,0.343992009,True,296.606700,-317.967800,-3.099910000,296.606700,-317.967800,-3.099910000,0.000000
388,389,388,389,0.321465860,True,295.119600,-318.029800,-3.099910000,295.119600,-318.029800,-3.099910000,0.000000
389,390,389,390,0.296800614,True,293.632600,-318.091800,-3.099910000,293.632600,-318.091800,-3.099910000,0.000000
390,391,390,391,0.272414528,True,292.145500,-318.153800,-3.099910000,292.145500,-318.153800,-3.099910000,0.000000
391,392,391,392,0.229269765,True,290.658400,-318.215900,-3.116399000,290.658400,-318.215900,-3.116399000,0.000000
392,393,392,393,0.205070801,True,289.171300,-318.277900,3.120758000,289.171300,-318.277900,3.120758000,0.000000
393,394,393,394,0.184910472,True,287.684300,-318.339900,3.074667000,287.684300,-318.339900,3.074667000,0.000000
394,395,394,395,0.166282533,True,286.197200,-318.401900,3.028709000,286.197200,-318.401900,3.028709000,0.000000
395,396,395,396,0.150958463,True,284.734500,-318.236100,3.028709000,284.734500,-318.236100,3.028709000,0.000000
396,397,396,397,0.138181037,True,283.271700,-318.070300,3.028709000,283.271700,-318.070300,3.028709000,0.000000
397,398,397,398,0.153324160,True,281.809000,-317.904500,3.028709000,281.809000,-317.904500,3.028709000,0.000000
398,399,398,399,0.167717678,True,280.346300,-317.738600,3.028709000,280.346300,-317.738600,3.028709000,0.000000
399,400,399,400,0.193071327,True,278.883500,-317.572800,3.028709000,278.883500,-317.572800,3.028709000,0.000000
400,401,400,401,0.198104853,True,277.420800,-317.407000,3.028709000,277.420800,-317.407000,3.028709000,0.000000
401,402,401,402,0.204911934,True,275.958100,-317.241200,3.028709000,275.958100,-317.241200,3.028709000,0.000000
402,403,402,403,0.222233909,True,274.495300,-317.075300,3.028709000,274.495300,-317.075300,3.028709000,0.000000
403,404,403,404,0.218949564,True,273.032600,-316.909500,3.028709000,273.032600,-316.909500,3.028709000,0.000000
404,405,404,405,0.236773815,True,271.569900,-316.743700,3.028709000,271.569900,-316.743700,3.028709000,0.000000
405,406,405,406,0.213851201,True,270.107100,-316.577900,3.028709000,270.107100,-316.577900,3.028709000,0.000000
406,407,406,407,0.194892484,True,268.644400,-316.412100,3.028709000,268.644400,-316.412100,3.028709000,0.000000
407,408,407,408,0.168504128,True,267.181700,-316.246200,3.028709000,267.181700,-316.246200,3.028709000,0.000000
408,409,408,409,0.155137270,True,265.718900,-316.080400,3.028709000,265.718900,-316.080400,3.028709000,0.000000
409,410,409,410,0.144728194,True,264.256200,-315.914600,3.024555000,264.256200,-315.914600,3.024555000,0.000000
410,411,410,411,0.138638722,True,262.793500,-315.748800,2.999861000,262.793500,-315.748800,2.999861000,0.000000
411,412,411,412,0.147361443,True,261.330700,-315.582900,2.912166000,261.330700,-315.582900,2.912166000,0.000000
412,413,412,413,0.160475885,True,259.868000,-315.417100,2.705987000,259.868000,-315.417100,2.705987000,0.000000
413,414,413,414,0.171230759,True,259.119600,-315.305200,2.567921000,259.119600,-315.305200,2.567921000,0.000000
414,415,414,415,0.170827445,True,258.371300,-315.193200,2.413760000,258.371300,-315.193200,2.413760000,0.000000
415,416,415,416,0.155848677,True,257.224800,-314.863700,2.195106000,257.224800,-314.863700,2.195106000,0.000000
416,417,416,417,0.142680713,True,256.345900,-314.363500,2.054505000,256.345900,-314.363500,2.054505000,0.000000
417,418,417,418,0.151891330,True,255.652000,-313.627900,1.973216000,255.652000,-313.627900,1.973216000,0.000000
418,419,418,419,0.161668256,True,255.060500,-312.591900,1.933439000,255.060500,-312.591900,1.933439000,0.000000
419,420,419,420,0.170480248,True,254.774600,-311.891300,2.016152000,254.774600,-311.891300,2.016152000,0.000000
420,421,420,421,0.175169359,True,254.488700,-311.190700,2.128387000,254.488700,-311.190700,2.128387000,0.000000
421,422,421,422,0.173505237,True,254.070300,-310.051100,2.327298000,254.070300,-310.051100,2.327298000,0.000000
422,423,422,423,0.161928915,True,253.651900,-308.911600,2.525868000,253.651900,-308.911600,2.525868000,0.000000
423,424,423,424,0.112751400,True,253.233500,-307.772000,2.712850000,253.233500,-307.772000,2.712850000,0.000000
424,425,424,425,0.100436590,True,252.137100,-307.264400,2.733382000,252.137100,-307.264400,2.733382000,0.000000
425,426,425,426,0.085213215,True,251.040700,-306.756900,2.791019000,251.040700,-306.756900,2.791019000,0.000000
426,427,426,427,0.089525938,True,249.944300,-306.249300,2.912004000,249.944300,-306.249300,2.912004000,0.000000
427,428,427,428,0.104462109,True,249.205700,-305.922900,3.020110000,249.205700,-305.922900,3.020110000,0.000000
428,429,428,429,0.120538410,True,248.467000,-305.596600,3.136790000,248.467000,-305.596600,3.136790000,0.000000
429,430,429,430,0.106060376,True,247.297800,-305.193700,-2.980240000,247.297800,-305.193700,-2.980240000,0.000000
430,431,430,431,0.092267972,True,246.277800,-305.034300,-2.875693000,246.277800,-305.034300,-2.875693000,0.000000
431,432,431,432,0.107340768,True,245.248400,-305.112100,-2.818339000,245.248400,-305.112100,-2.818339000,0.000000
432,433,432,433,0.123237643,True,244.050900,-305.420800,-2.793171000,244.050900,-305.420800,-2.793171000,0.000000
433,434,433,434,0.138327924,True,243.288600,-305.687400,-2.707585000,243.288600,-305.687400,-2.707585000,0.000000
434,435,434,435,0.172003123,True,242.526400,-305.954100,-2.579073000,242.526400,-305.954100,-2.579073000,0.000000
435,436,435,436,0.166049002,True,241.393100,-306.373100,-2.380974000,241.393100,-306.373100,-2.380974000,0.000000
436,437,436,437,0.149070679,True,240.259700,-306.792000,-2.185197000,240.259700,-306.792000,-2.185197000,0.000000
437,438,437,438,0.118294661,True,239.126300,-307.211000,-2.012961000,239.126300,-307.211000,-2.012961000,0.000000
438,439,438,439,0.103901092,True,238.618900,-308.313700,-2.053357000,238.618900,-308.313700,-2.053357000,0.000000
439,440,439,440,0.098582295,True,238.111500,-309.416400,-2.158785000,238.111500,-309.416400,-2.158785000,0.000000
440,441,440,441,0.125773987,True,237.604100,-310.519100,-2.352112000,237.604100,-310.519100,-2.352112000,0.000000
441,442,441,442,0.173640687,True,236.928100,-311.845300,-2.655502000,236.928100,-311.845300,-2.655502000,0.000000
442,443,442,443,0.193858879,True,236.248700,-312.810900,-2.882923000,236.248700,-312.810900,-2.882923000,0.000000
443,444,443,444,0.219460555,True,235.486300,-313.465400,-3.029859000,235.486300,-313.465400,-3.029859000,0.000000
444,445,444,445,0.244887047,True,234.561400,-313.857900,-3.115771000,234.561400,-313.857900,-3.115771000,0.000000
445,446,445,446,0.273435670,True,233.394500,-314.037700,3.124508000,233.394500,-314.037700,3.124508000,0.000000
446,447,446,447,0.298036844,True,231.906100,-314.054300,3.112554000,231.906100,-314.054300,3.112554000,0.000000
447,448,447,448,0.323108118,True,230.427800,-314.011400,3.112554000,230.427800,-314.011400,3.112554000,0.000000
448,449,448,449,0.345685230,True,228.949500,-313.968400,3.112554000,228.949500,-313.968400,3.112554000,0.000000
449,450,449,450,0.384465989,True,227.471300,-313.925500,3.112554000,227.471300,-313.925500,3.112554000,0.000000
450,451,450,451,0.428866230,True,225.993000,-313.882500,3.112554000,225.993000,-313.882500,3.112554000,0.000000
451,452,451,452,0.435981849,True,224.514700,-313.839600,3.112554000,224.514700,-313.839600,3.112554000,0.000000
452,453,452,453,0.450292778,True,223.036400,-313.796700,3.112554000,223.036400,-313.796700,3.112554000,0.000000
453,454,453,454,0.399399948,True,221.558100,-313.753700,3.112554000,221.558100,-313.753700,3.112554000,0.000000
454,455,454,455,0.378085508,True,220.079800,-313.710800,3.112554000,220.079800,-313.710800,3.112554000,0.000000
455,456,455,456,0.373659560,True,218.601600,-313.667800,3.112554000,218.601600,-313.667800,3.112554000,0.000000
456,457,456,457,0.406410358,True,217.123300,-313.624900,3.112554000,217.123300,-313.624900,3.112554000,0.000000
457,458,457,458,0.406061252,True,215.645000,-313.582000,3.112554000,215.645000,-313.582000,3.112554000,0.000000
458,459,458,459,0.384645982,True,214.166700,-313.539000,3.112554000,214.166700,-313.539000,3.112554000,0.000000
459,460,459,460,0.410264223,True,212.688400,-313.496100,3.112554000,212.688400,-313.496100,3.112554000,0.000000
460,461,460,461,0.408958131,True,211.210100,-313.453100,3.112554000,211.210100,-313.453100,3.112554000,0.000000
461,462,461,462,0.420226335,True,209.731800,-313.410200,3.112554000,209.731800,-313.410200,3.112554000,0.000000
462,463,462,463,0.412547828,True,208.253600,-313.367300,3.112554000,208.253600,-313.367300,3.112554000,0.000000
463,464,463,464,0.392149222,True,206.775300,-313.324300,3.112554000,206.775300,-313.324300,3.112554000,0.000000
464,465,464,465,0.391970828,True,205.297000,-313.281400,3.112554000,205.297000,-313.281400,3.112554000,0.000000
465,466,465,466,0.384891471,True,203.818700,-313.238400,3.112554000,203.818700,-313.238400,3.112554000,0.000000
466,467,466,467,0.360387362,True,202.340400,-313.195500,3.112554000,202.340400,-313.195500,3.112554000,0.000000
467,468,467,468,0.342040230,True,200.862100,-313.152600,3.112554000,200.862100,-313.152600,3.112554000,0.000000
468,469,468,469,0.326957019,True,199.383800,-313.109600,3.112554000,199.383800,-313.109600,3.112554000,0.000000
469,470,469,470,0.289436462,True,197.905600,-313.066700,3.112554000,197.905600,-313.066700,3.112554000,0.000000
470,471,470,471,0.260380532,True,196.427300,-313.023700,3.112554000,196.427300,-313.023700,3.112554000,0.000000
471,472,471,472,0.244147151,True,194.949000,-312.980800,3.112554000,194.949000,-312.980800,3.112554000,0.000000
472,473,472,473,0.235551355,True,193.470700,-312.937900,3.121133000,193.470700,-312.937900,3.121133000,0.000000
473,474,473,474,0.245301647,True,191.992400,-312.894900,-3.139511000,191.992400,-312.894900,-3.139511000,0.000000
474,475,474,475,0.236631082,True,190.514100,-312.852000,-3.116962000,190.514100,-312.852000,-3.116962000,0.000000
475,476,475,476,0.216371002,True,189.035800,-312.809000,-3.094429000,189.035800,-312.809000,-3.094429000,0.000000
476,477,476,477,0.198055021,True,187.540500,-312.879600,-3.094429000,187.540500,-312.879600,-3.094429000,0.000000
477,478,477,478,0.202452244,True,186.045200,-312.950200,-3.094429000,186.045200,-312.950200,-3.094429000,0.000000
478,479,478,479,0.192641324,True,184.549800,-313.020800,-3.094429000,184.549800,-313.020800,-3.094429000,0.000000
479,480,479,480,0.213235601,True,183.054500,-313.091300,-3.094429000,183.054500,-313.091300,-3.094429000,0.000000
480,481,480,481,0.226932513,True,181.559100,-313.161900,-3.094429000,181.559100,-313.161900,-3.094429000,0.000000
481,482,481,482,0.229627086,True,180.063800,-313.232500,-3.094429000,180.063800,-313.232500,-3.094429000,0.000000
482,483,482,483,0.221433443,True,178.568400,-313.303100,-3.094429000,178.568400,-313.303100,-3.094429000,0.000000
483,484,483,484,0.239567586,True,177.073100,-313.373700,-3.094429000,177.073100,-313.373700,-3.094429000,0.000000
484,485,484,485,0.234400811,True,175.577700,-313.444200,-3.094429000,175.577700,-313.444200,-3.094429000,0.000000
485,486,485,486,0.224385656,True,174.082400,-313.514800,-3.094429000,174.082400,-313.514800,-3.094429000,0.000000
486,487,486,487,0.222261211,True,172.587000,-313.585400,-3.094429000,172.587000,-313.585400,-3.094429000,0.000000
487,488,487,488,0.234361702,True,171.091700,-313.656000,-3.094429000,171.091700,-313.656000,-3.094429000,0.000000
488,489,488,489,0.240244856,True,169.596400,-313.726600,-3.094429000,169.596400,-313.726600,-3.094429000,0.000000
489,490,489,490,0.247530911,True,168.101000,-313.797100,-3.094429000,168.101000,-313.797100,-3.094429000,0.000000
490,491,490,491,0.262164660,True,166.605700,-313.867700,-3.094429000,166.605700,-313.867700,-3.094429000,0.000000
491,492,491,492,0.268426749,True,165.110300,-313.938300,-3.094429000,165.110300,-313.938300,-3.094429000,0.000000
492,493,492,493,0.328296560,True,163.615000,-314.008900,-3.094429000,163.615000,-314.008900,-3.094429000,0.000000
493,494,493,494,0.345173993,True,162.119600,-314.079400,-3.094429000,162.119600,-314.079400,-3.094429000,0.000000
494,495,494,495,0.375599127,True,160.624300,-314.150000,-3.094429000,160.624300,-314.150000,-3.094429000,0.000000
495,496,495,496,0.401237714,True,159.128900,-314.220600,-3.094429000,159.128900,-314.220600,-3.094429000,0.000000
496,497,496,497,0.438785221,True,157.633600,-314.291200,-3.094429000,157.633600,-314.291200,-3.094429000,0.000000
497,498,497,498,0.431349678,True,156.138200,-314.361800,-3.094429000,156.138200,-314.361800,-3.094429000,0.000000
498,499,498,499,0.407502448,True,154.642900,-314.432300,-3.094429000,154.642900,-314.432300,-3.094429000,0.000000
499,500,499,500,0.426285247,True,153.147600,-314.502900,-3.094429000,153.147600,-314.502900,-3.094429000,0.000000
500,501,500,501,0.406741558,True,151.652200,-314.573500,-3.094429000,151.652200,-314.573500,-3.094429000,0.000000
501,502,501,502,0.412658905,True,150.156900,-314.644100,-3.034439000,150.156900,-314.644100,-3.034439000,0.000000
502,503,502,503,0.412622060,True,148.661500,-314.714700,-2.848650000,148.661500,-314.714700,-2.848650000,0.000000
503,504,503,504,0.374025964,True,147.166200,-314.785200,-2.658459000,147.166200,-314.785200,-2.658459000,0.000000
504,505,504,505,0.330473211,True,145.670800,-314.855800,-2.476999000,145.670800,-314.855800,-2.476999000,0.000000
505,506,505,506,0.289935610,True,144.512000,-315.763700,-2.476999000,144.512000,-315.763700,-2.476999000,0.000000
506,507,506,507,0.258494397,True,143.353200,-316.671700,-2.476999000,143.353200,-316.671700,-2.476999000,0.000000
507,508,507,508,0.281332478,True,142.194400,-317.579600,-2.476999000,142.194400,-317.579600,-2.476999000,0.000000
508,509,508,509,0.319798918,True,141.035600,-318.487500,-2.476999000,141.035600,-318.487500,-2.476999000,0.000000
509,510,509,510,0.355669123,True,139.876700,-319.395400,-2.476999000,139.876700,-319.395400,-2.476999000,0.000000
510,511,510,511,0.332718791,True,138.717900,-320.303400,-2.476999000,138.717900,-320.303400,-2.476999000,0.000000
511,512,511,512,0.304271434,True,137.559100,-321.211300,-2.476999000,137.559100,-321.211300,-2.476999000,0.000000
512,513,512,513,0.271419937,True,136.400300,-322.119200,-2.476999000,136.400300,-322.119200,-2.476999000,0.000000
513,514,513,514,0.247908899,True,135.241500,-323.027100,-2.476999000,135.241500,-323.027100,-2.476999000,0.000000
514,515,514,515,0.233756462,True,134.082700,-323.935000,-2.476999000,134.082700,-323.935000,-2.476999000,0.000000
515,516,515,516,0.243347275,True,132.923800,-324.843000,-2.476999000,132.923800,-324.843000,-2.476999000,0.000000
516,517,516,517,0.247837463,True,131.765000,-325.750900,-2.476999000,131.765000,-325.750900,-2.476999000,0.000000
517,518,517,518,0.238647049,True,130.606200,-326.658800,-2.476999000,130.606200,-326.658800,-2.476999000,0.000000
518,519,518,519,0.243989661,True,129.447400,-327.566700,-2.476999000,129.447400,-327.566700,-2.476999000,0.000000
519,520,519,520,0.262285010,True,128.288600,-328.474700,-2.476999000,128.288600,-328.474700,-2.476999000,0.000000
520,521,520,521,0.295580384,True,127.129800,-329.382600,-2.476999000,127.129800,-329.382600,-2.476999000,0.000000
521,522,521,522,0.312820223,True,125.970900,-330.290500,-2.476999000,125.970900,-330.290500,-2.476999000,0.000000
522,523,522,523,0.315777368,True,124.812100,-331.198400,-2.476999000,124.812100,-331.198400,-2.476999000,0.000000
523,524,523,524,0.300678419,True,123.653300,-332.106400,-2.476999000,123.653300,-332.106400,-2.476999000,0.000000
524,525,524,525,0.310989409,True,122.494500,-333.014300,-2.476999000,122.494500,-333.014300,-2.476999000,0.000000
525,526,525,526,0.324905361,True,121.335700,-333.922200,-2.476999000,121.335700,-333.922200,-2.476999000,0.000000
526,527,526,527,0.302340327,True,120.176900,-334.830100,-2.476999000,120.176900,-334.830100,-2.476999000,0.000000
527,528,527,528,0.290899541,True,119.018000,-335.738100,-2.409039000,119.018000,-335.738100,-2.409039000,0.000000
528,529,528,529,0.291724513,True,117.859200,-336.646000,-2.228819000,117.859200,-336.646000,-2.228819000,0.000000
529,530,529,530,0.330556654,True,116.700400,-337.553900,-2.044947000,116.700400,-337.553900,-2.044947000,0.000000
530,531,530,531,0.330467262,True,115.541600,-338.461800,-1.869313000,115.541600,-338.461800,-1.869313000,0.000000
531,532,531,532,0.323893779,True,115.106700,-339.875200,-1.869313000,115.106700,-339.875200,-1.869313000,0.000000
532,533,532,533,0.305464010,True,114.671800,-341.288500,-1.869313000,114.671800,-341.288500,-1.869313000,0.000000
533,534,533,534,0.308757436,True,114.236900,-342.701900,-1.869313000,114.236900,-342.701900,-1.869313000,0.000000
534,535,534,535,0.335954134,True,113.802000,-344.115200,-1.869313000,113.802000,-344.115200,-1.869313000,0.000000
535,536,535,536,0.447151359,True,113.367100,-345.528500,-1.869313000,113.367100,-345.528500,-1.869313000,0.000000
536,537,536,537,0.497153204,True,112.932200,-346.941900,-1.869313000,112.932200,-346.941900,-1.869313000,0.000000
537,538,537,538,0.516165537,True,112.497300,-348.355200,-1.869313000,112.497300,-348.355200,-1.869313000,0.000000
538,539,538,539,0.544777088,True,112.062400,-349.768600,-1.869313000,112.062400,-349.768600,-1.869313000,0.000000
539,540,539,540,0.611952666,True,111.627500,-351.181900,-1.869313000,111.627500,-351.181900,-1.869313000,0.000000
540,541,540,541,0.676218642,True,111.192600,-352.595200,-1.869313000,111.192600,-352.595200,-1.869313000,0.000000
541,542,541,542,0.492008466,True,110.757700,-354.008600,-1.869313000,110.757700,-354.008600,-1.869313000,0.000000
542,543,542,543,0.349927643,True,110.322800,-355.421900,-1.869313000,110.322800,-355.421900,-1.869313000,0.000000
543,544,543,544,0.225886442,True,109.887900,-356.835300,-1.869313000,109.887900,-356.835300,-1.869313000,0.000000
544,545,544,545,0.192550305,True,109.453000,-358.248600,-1.869313000,109.453000,-358.248600,-1.869313000,0.000000
545,546,545,546,0.163019891,True,109.018100,-359.661900,-1.869313000,109.018100,-359.661900,-1.869313000,0.000000
546,547,546,547,0.131841859,True,108.583200,-361.075300,-1.869313000,108.583200,-361.075300,-1.869313000,0.000000
547,548,547,548,0.099281799,True,108.148300,-362.488600,-1.869313000,108.148300,-362.488600,-1.869313000,0.000000
548,549,548,549,0.096666274,True,107.713400,-363.902000,-1.869313000,107.713400,-363.902000,-1.869313000,0.000000
549,550,549,550,0.099005878,True,107.278500,-365.315300,-1.869313000,107.278500,-365.315300,-1.869313000,0.000000
550,551,550,551,0.098692796,True,106.843600,-366.728600,-1.869313000,106.843600,-366.728600,-1.869313000,0.000000
551,552,551,552,0.100147979,True,106.408700,-368.142000,-1.869313000,106.408700,-368.142000,-1.869313000,0.000000
552,553,552,553,0.099633125,True,105.973800,-369.555300,-1.869313000,105.973800,-369.555300,-1.869313000,0.000000
553,554,553,554,0.098264099,True,105.538900,-370.968700,-1.869313000,105.538900,-370.968700,-1.869313000,0.000000
554,555,554,555,0.092929223,True,105.104000,-372.382000,-1.869313000,105.104000,-372.382000,-1.869313000,0.000000
555,556,555,556,0.094903689,True,104.669100,-373.795300,-1.869313000,104.669100,-373.795300,-1.869313000,0.000000
556,557,556,557,0.098498990,True,104.234200,-375.208700,-1.869313000,104.234200,-375.208700,-1.869313000,0.000000
557,558,557,558,0.099334627,True,103.799300,-376.622000,-1.869313000,103.799300,-376.622000,-1.869313000,0.000000
558,559,558,559,0.106302282,True,103.364400,-378.035400,-1.869313000,103.364400,-378.035400,-1.869313000,0.000000
559,560,559,560,0.103968557,True,102.929500,-379.448700,-1.869313000,102.929500,-379.448700,-1.869313000,0.000000
560,561,560,561,0.110802277,True,102.494600,-380.862000,-1.869313000,102.494600,-380.862000,-1.869313000,0.000000
561,562,561,562,0.116853633,True,102.059700,-382.275400,-1.869313000,102.059700,-382.275400,-1.869313000,0.000000
562,563,562,563,0.120995479,True,101.624800,-383.688700,-1.869313000,101.624800,-383.688700,-1.869313000,0.000000
563,564,563,564,0.129113290,True,101.189900,-385.102100,-1.869313000,101.189900,-385.102100,-1.869313000,0.000000
564,565,564,565,0.168181013,True,100.755000,-386.515400,-1.869313000,100.755000,-386.515400,-1.869313000,0.000000
565,566,565,566,0.131989956,True,100.320100,-387.928700,-1.869313000,100.320100,-387.928700,-1.869313000,0.000000
566,567,566,567,0.118857543,True,99.885200,-389.342100,-1.869313000,99.885200,-389.342100,-1.869313000,0.000000
567,568,567,568,0.113278568,True,99.450300,-390.755400,-1.869313000,99.450300,-390.755400,-1.869313000,0.000000
568,569,568,569,0.106296708,True,99.015400,-392.168800,-1.865005000,99.015400,-392.168800,-1.865005000,0.000000
569,570,569,570,0.100140885,True,98.580500,-393.582100,-1.853702000,98.580500,-393.582100,-1.853702000,0.000000
570,571,570,571,0.119683109,True,98.145600,-394.995400,-1.842399000,98.145600,-394.995400,-1.842399000,0.000000
571,572,571,572,0.122951836,True,97.710600,-396.408800,-1.831098000,97.710600,-396.408800,-1.831098000,0.000000
572,573,572,573,0.137188983,True,97.329000,-397.841800,-1.831098000,97.329000,-397.841800,-1.831098000,0.000000
573,574,573,574,0.153389424,True,96.947300,-399.274800,-1.831098000,96.947300,-399.274800,-1.831098000,0.000000
574,575,574,575,0.180379025,True,96.565600,-400.707800,-1.831098000,96.565600,-400.707800,-1.831098000,0.000000
575,576,575,576,0.225169520,True,96.184000,-402.140800,-1.831098000,96.184000,-402.140800,-1.831098000,0.000000
576,577,576,577,0.281930692,True,95.802300,-403.573800,-1.831098000,95.802300,-403.573800,-1.831098000,0.000000
577,578,577,578,0.283203686,True,95.420600,-405.006800,-1.831098000,95.420600,-405.006800,-1.831098000,0.000000
578,579,578,579,0.241904782,True,95.038900,-406.439800,-1.831098000,95.038900,-406.439800,-1.831098000,0.000000
579,580,579,580,0.199297499,True,94.657300,-407.872800,-1.831098000,94.657300,-407.872800,-1.831098000,0.000000
580,581,580,581,0.158911766,True,94.275600,-409.305800,-1.831098000,94.275600,-409.305800,-1.831098000,0.000000
581,582,581,582,0.151399942,True,93.893900,-410.738800,-1.831098000,93.893900,-410.738800,-1.831098000,0.000000
582,583,582,583,0.154058433,True,93.512300,-412.171800,-1.831098000,93.512300,-412.171800,-1.831098000,0.000000
583,584,583,584,0.195677805,True,93.130600,-413.604800,-1.831098000,93.130600,-413.604800,-1.831098000,0.000000
584,585,584,585,0.208208273,True,92.748900,-415.037800,-1.831098000,92.748900,-415.037800,-1.831098000,0.000000
585,586,585,586,0.193850249,True,92.367200,-416.470800,-1.831098000,92.367200,-416.470800,-1.831098000,0.000000
586,587,586,587,0.185949226,True,91.985600,-417.903800,-1.831098000,91.985600,-417.903800,-1.831098000,0.000000
587,588,587,588,0.193634798,True,91.603900,-419.336800,-1.831098000,91.603900,-419.336800,-1.831098000,0.000000
588,589,588,589,0.174642879,True,91.222200,-420.769800,-1.831098000,91.222200,-420.769800,-1.831098000,0.000000
589,590,589,590,0.172298784,True,90.840600,-422.202800,-1.831098000,90.840600,-422.202800,-1.831098000,0.000000
590,591,590,591,0.153191384,True,90.458900,-423.635800,-1.831098000,90.458900,-423.635800,-1.831098000,0.000000
591,592,591,592,0.138877818,True,90.077200,-425.068800,-1.831098000,90.077200,-425.068800,-1.831098000,0.000000
592,593,592,593,0.128718952,True,89.695500,-426.501800,-1.831098000,89.695500,-426.501800,-1.831098000,0.000000
593,594,593,594,0.117092640,True,89.313900,-427.934800,-1.831098000,89.313900,-427.934800,-1.831098000,0.000000
594,595,594,595,0.108465981,True,88.932200,-429.367800,-1.831098000,88.932200,-429.367800,-1.831098000,0.000000
595,596,595,596,0.104685295,True,88.550500,-430.800800,-1.831098000,88.550500,-430.800800,-1.831098000,0.000000
596,597,596,597,0.102597529,True,88.168800,-432.233800,-1.831098000,88.168800,-432.233800,-1.831098000,0.000000
597,598,597,598,0.096971485,True,87.787200,-433.666800,-1.831098000,87.787200,-433.666800,-1.831098000,0.000000
598,599,598,599,0.086691398,True,87.405500,-435.099800,-1.831098000,87.405500,-435.099800,-1.831098000,0.000000
599,600,599,600,0.085883554,True,87.023800,-436.532800,-1.831098000,87.023800,-436.532800,-1.831098000,0.000000
600,601,600,601,0.084306422,True,86.642200,-437.965800,-1.831098000,86.642200,-437.965800,-1.831098000,0.000000
601,602,601,602,0.085528979,True,86.260500,-439.398800,-1.831098000,86.260500,-439.398800,-1.831098000,0.000000
602,603,602,603,0.089005341,True,85.878800,-440.831800,-1.831098000,85.878800,-440.831800,-1.831098000,0.000000
603,604,603,604,0.090843966,True,85.497100,-442.264800,-1.831098000,85.497100,-442.264800,-1.831098000,0.000000
604,605,604,605,0.116903752,True,85.115500,-443.697800,-1.831098000,85.115500,-443.697800,-1.831098000,0.000000
605,606,605,606,0.133360541,True,84.733800,-445.130800,-1.831098000,84.733800,-445.130800,-1.831098000,0.000000
606,607,606,607,0.160370296,True,84.352100,-446.563800,-1.831098000,84.352100,-446.563800,-1.831098000,0.000000
607,608,607,608,0.165023186,True,83.970500,-447.996800,-1.831098000,83.970500,-447.996800,-1.831098000,0.000000
608,609,608,609,0.188755334,True,83.588800,-449.429800,-1.831098000,83.588800,-449.429800,-1.831098000,0.000000
609,610,609,610,0.157950795,True,83.207100,-450.862800,-1.831098000,83.207100,-450.862800,-1.831098000,0.000000
610,611,610,611,0.151816444,True,82.825400,-452.295800,-1.831098000,82.825400,-452.295800,-1.831098000,0.000000
611,612,611,612,0.129926924,True,82.443800,-453.728800,-1.831098000,82.443800,-453.728800,-1.831098000,0.000000
612,613,612,613,0.112145856,True,82.062100,-455.161800,-1.830367000,82.062100,-455.161800,-1.830367000,0.000000
613,614,613,614,0.117725488,True,81.680400,-456.594800,-1.825315000,81.680400,-456.594800,-1.825315000,0.000000
614,615,614,615,0.130439530,True,81.298800,-458.027800,-1.798331000,81.298800,-458.027800,-1.798331000,0.000000
615,616,615,616,0.139364723,True,80.917100,-459.460800,-1.723924000,80.917100,-459.460800,-1.723924000,0.000000
616,617,616,617,0.141219698,True,80.706100,-460.274600,-1.658288000,80.706100,-460.274600,-1.658288000,0.000000
617,618,617,618,0.133279087,True,80.495100,-461.088400,-1.588468000,80.495100,-461.088400,-1.588468000,0.000000
618,619,618,619,0.134225408,True,80.233000,-462.318900,-1.489468000,80.233000,-462.318900,-1.489468000,0.000000
619,620,619,620,0.132926310,True,80.123500,-463.353400,-1.428217000,80.123500,-463.353400,-1.428217000,0.000000
620,621,620,621,0.131743693,True,80.159700,-464.393100,-1.396011000,80.159700,-464.393100,-1.396011000,0.000000
621,622,621,622,0.128361267,True,80.334300,-465.639100,-1.383323000,80.334300,-465.639100,-1.383323000,0.000000
622,623,622,623,0.132824922,True,80.487400,-466.465700,-1.382207000,80.487400,-466.465700,-1.382207000,0.000000
623,624,623,624,0.140019398,True,80.640400,-467.292300,-1.381090000,80.640400,-467.292300,-1.381090000,0.000000
624,625,624,625,0.155288666,True,80.920900,-468.753000,-1.381090000,80.920900,-468.753000,-1.381090000,0.000000
625,626,625,626,0.165105810,True,81.201300,-470.213600,-1.381090000,81.201300,-470.213600,-1.381090000,0.000000
626,627,626,627,0.157047291,True,81.481800,-471.674300,-1.381090000,81.481800,-471.674300,-1.381090000,0.000000
627,628,627,628,0.168193078,True,81.762300,-473.135000,-1.381090000,81.762300,-473.135000,-1.381090000,0.000000
628,629,628,629,0.188950386,True,82.042700,-474.595600,-1.381090000,82.042700,-474.595600,-1.381090000,0.000000
629,630,629,630,0.209246486,True,82.323200,-476.056300,-1.381090000,82.323200,-476.056300,-1.381090000,0.000000
630,631,630,631,0.210904399,True,82.603700,-477.517000,-1.381090000,82.603700,-477.517000,-1.381090000,0.000000
631,632,631,632,0.212776005,True,82.884200,-478.977700,-1.381090000,82.884200,-478.977700,-1.381090000,0.000000
632,633,632,633,0.233751604,True,83.164600,-480.438300,-1.381090000,83.164600,-480.438300,-1.381090000,0.000000
633,634,633,634,0.257827193,True,83.445100,-481.899000,-1.381090000,83.445100,-481.899000,-1.381090000,0.000000
634,635,634,635,0.286288462,True,83.725600,-483.359700,-1.381090000,83.725600,-483.359700,-1.381090000,0.000000
635,636,635,636,0.298659406,True,84.006000,-484.820300,-1.381090000,84.006000,-484.820300,-1.381090000,0.000000
636,637,636,637,0.296515001,True,84.286500,-486.281000,-1.381090000,84.286500,-486.281000,-1.381090000,0.000000
637,638,637,638,0.276448917,True,84.567000,-487.741700,-1.381090000,84.567000,-487.741700,-1.381090000,0.000000
638,639,638,639,0.299666570,True,84.847400,-489.202300,-1.381090000,84.847400,-489.202300,-1.381090000,0.000000
639,640,639,640,0.314588019,True,85.127900,-490.663000,-1.381090000,85.127900,-490.663000,-1.381090000,0.000000
640,641,640,641,0.317573971,True,85.408400,-492.123700,-1.381090000,85.408400,-492.123700,-1.381090000,0.000000
641,642,641,642,0.292604923,True,85.688900,-493.584300,-1.381090000,85.688900,-493.584300,-1.381090000,0.000000
642,643,642,643,0.270947877,True,85.969300,-495.045000,-1.381090000,85.969300,-495.045000,-1.381090000,0.000000
643,644,643,644,0.220446368,True,86.249800,-496.505700,-1.381090000,86.249800,-496.505700,-1.381090000,0.000000
644,645,644,645,0.190212529,True,86.530300,-497.966300,-1.381090000,86.530300,-497.966300,-1.381090000,0.000000
645,646,645,646,0.167440167,True,86.810700,-499.427000,-1.381090000,86.810700,-499.427000,-1.381090000,0.000000
646,647,646,647,0.149547510,True,87.091200,-500.887700,-1.381090000,87.091200,-500.887700,-1.381090000,0.000000
647,648,647,648,0.127054287,True,87.371700,-502.348300,-1.375044000,87.371700,-502.348300,-1.375044000,0.000000
648,649,648,649,0.106379909,True,87.652100,-503.809000,-1.358319000,87.652100,-503.809000,-1.358319000,0.000000
649,650,649,650,0.085900295,True,87.932600,-505.269700,-1.341592000,87.932600,-505.269700,-1.341592000,0.000000
650,651,650,651,0.080212713,True,88.213100,-506.730300,-1.324871000,88.213100,-506.730300,-1.324871000,0.000000
651,652,651,652,0.082826720,True,88.571700,-508.158900,-1.324871000,88.571700,-508.158900,-1.324871000,0.000000
652,653,652,653,0.091530941,True,88.930300,-509.587500,-1.324871000,88.930300,-509.587500,-1.324871000,0.000000
653,654,653,654,0.102150050,True,89.288800,-511.016100,-1.324871000,89.288800,-511.016100,-1.324871000,0.000000
654,655,654,655,0.156999533,True,89.647400,-512.444700,-1.324871000,89.647400,-512.444700,-1.324871000,0.000000
655,656,655,656,0.282914959,True,90.006000,-513.873300,-1.324871000,90.006000,-513.873300,-1.324871000,0.000000
656,657,656,657,0.249405409,True,90.364600,-515.301900,-1.324871000,90.364600,-515.301900,-1.324871000,0.000000
657,658,657,658,0.214556564,True,90.723200,-516.730500,-1.324871000,90.723200,-516.730500,-1.324871000,0.000000
658,659,658,659,0.196954552,True,91.081800,-518.159100,-1.324871000,91.081800,-518.159100,-1.324871000,0.000000
659,660,659,660,0.180000050,True,91.440400,-519.587700,-1.324871000,91.440400,-519.587700,-1.324871000,0.000000
660,661,660,661,0.176325749,True,91.798900,-521.016200,-1.324871000,91.798900,-521.016200,-1.324871000,0.000000
661,662,661,662,0.153309249,True,92.157500,-522.444800,-1.324871000,92.157500,-522.444800,-1.324871000,0.000000
662,663,662,663,0.173925309,True,92.516100,-523.873400,-1.324871000,92.516100,-523.873400,-1.324871000,0.000000
663,664,663,664,0.175956476,True,92.874700,-525.302000,-1.324871000,92.874700,-525.302000,-1.324871000,0.000000
664,665,664,665,0.196896018,True,93.233300,-526.730600,-1.324871000,93.233300,-526.730600,-1.324871000,0.000000
665,666,665,666,0.235807319,True,93.591900,-528.159200,-1.324871000,93.591900,-528.159200,-1.324871000,0.000000
666,667,666,667,0.253319641,True,93.950500,-529.587800,-1.324871000,93.950500,-529.587800,-1.324871000,0.000000
667,668,667,668,0.241341236,True,94.309000,-531.016400,-1.324871000,94.309000,-531.016400,-1.324871000,0.000000
668,669,668,669,0.319479703,True,94.667600,-532.445000,-1.324871000,94.667600,-532.445000,-1.324871000,0.000000
669,670,669,670,0.465228345,True,95.026200,-533.873600,-1.324871000,95.026200,-533.873600,-1.324871000,0.000000
670,671,670,671,0.562307713,True,95.384800,-535.302200,-1.324871000,95.384800,-535.302200,-1.324871000,0.000000
671,672,671,672,0.621826243,True,95.743400,-536.730700,-1.324871000,95.743400,-536.730700,-1.324871000,0.000000
672,673,672,673,0.721618493,True,96.102000,-538.159300,-1.324871000,96.102000,-538.159300,-1.324871000,0.000000
673,674,673,674,0.801927889,True,96.460600,-539.587900,-1.324871000,96.460600,-539.587900,-1.324871000,0.000000
674,675,674,675,0.792528425,True,96.819100,-541.016500,-1.324871000,96.819100,-541.016500,-1.324871000,0.000000
675,676,675,676,0.806325110,True,97.177700,-542.445100,-1.324871000,97.177700,-542.445100,-1.324871000,0.000000
676,677,655,656,0.973838198,True,97.536300,-543.873700,-1.324871000,90.006000,-513.873300,-1.324871000,30.931043
677,678,656,657,0.924567153,True,97.894900,-545.302300,-1.324871000,90.364600,-515.301900,-1.324871000,30.931043
678,679,657,658,0.942088186,True,98.253500,-546.730900,-1.324871000,90.723200,-516.730500,-1.324871000,30.931043
679,680,658,659,0.899683739,True,98.612100,-548.159500,-1.324871000,91.081800,-518.159100,-1.324871000,30.931043
680,681,659,660,0.898907505,True,98.970700,-549.588100,-1.324871000,91.440400,-519.587700,-1.324871000,30.931043
681,682,681,682,0.965008732,True,99.329200,-551.016600,-1.324871000,99.329200,-551.016600,-1.324871000,0.000000
682,683,682,683,0.697480953,True,99.687800,-552.445200,-1.324871000,99.687800,-552.445200,-1.324871000,0.000000
683,684,683,684,0.488418881,True,100.046400,-553.873800,-1.324871000,100.046400,-553.873800,-1.324871000,0.000000
684,685,684,685,0.360401054,True,100.405000,-555.302400,-1.324871000,100.405000,-555.302400,-1.324871000,0.000000
685,686,685,686,0.325218049,True,100.763600,-556.731000,-1.324871000,100.763600,-556.731000,-1.324871000,0.000000
686,687,686,687,0.278664192,True,101.122200,-558.159600,-1.319370000,101.122200,-558.159600,-1.319370000,0.000000
687,688,687,688,0.256728401,True,101.480700,-559.588200,-1.305426000,101.480700,-559.588200,-1.305426000,0.000000
688,689,688,689,0.211950855,True,101.839300,-561.016800,-1.291481000,101.839300,-561.016800,-1.291481000,0.000000
689,690,689,690,0.179046190,True,102.197900,-562.445400,-1.277540000,102.197900,-562.445400,-1.277540000,0.000000
690,691,690,691,0.167765455,True,102.624100,-563.856800,-1.277540000,102.624100,-563.856800,-1.277540000,0.000000
691,692,691,692,0.146512007,True,103.050300,-565.268200,-1.277540000,103.050300,-565.268200,-1.277540000,0.000000
692,693,692,693,0.133716269,True,103.476500,-566.679600,-1.277540000,103.476500,-566.679600,-1.277540000,0.000000
693,694,693,694,0.115483879,True,103.902700,-568.091100,-1.277540000,103.902700,-568.091100,-1.277540000,0.000000
694,695,694,695,0.088620803,True,104.328900,-569.502500,-1.277540000,104.328900,-569.502500,-1.277540000,0.000000
695,696,695,696,0.083846611,True,104.755100,-570.913900,-1.277540000,104.755100,-570.913900,-1.277540000,0.000000
696,697,696,697,0.087026670,True,105.181300,-572.325300,-1.277540000,105.181300,-572.325300,-1.277540000,0.000000
697,698,697,698,0.105396092,True,105.607500,-573.736800,-1.277540000,105.607500,-573.736800,-1.277540000,0.000000
698,699,698,699,0.127830273,True,106.033700,-575.148200,-1.277540000,106.033700,-575.148200,-1.277540000,0.000000
699,700,699,700,0.160129398,True,106.459900,-576.559600,-1.277540000,106.459900,-576.559600,-1.277540000,0.000000
700,701,700,701,0.169897485,True,106.886100,-577.971000,-1.277540000,106.886100,-577.971000,-1.277540000,0.000000
701,702,701,702,0.172958137,True,107.312300,-579.382400,-1.277540000,107.312300,-579.382400,-1.277540000,0.000000
702,703,702,703,0.179372434,True,107.738500,-580.793900,-1.261192000,107.738500,-580.793900,-1.261192000,0.000000
703,704,703,704,0.178041631,True,108.164700,-582.205300,-1.219298000,108.164700,-582.205300,-1.219298000,0.000000
704,705,704,705,0.196246551,True,108.590900,-583.616700,-1.177360000,108.590900,-583.616700,-1.177360000,0.000000
705,706,705,706,0.186488045,True,109.017100,-585.028100,-1.135524000,109.017100,-585.028100,-1.135524000,0.000000
706,707,706,707,0.183894692,True,109.618800,-586.322100,-1.135524000,109.618800,-586.322100,-1.135524000,0.000000
707,708,707,708,0.171339759,True,110.220500,-587.616100,-1.135524000,110.220500,-587.616100,-1.135524000,0.000000
708,709,708,709,0.151489873,True,110.822200,-588.910000,-1.135524000,110.822200,-588.910000,-1.135524000,0.000000
709,710,709,710,0.133764445,True,111.423900,-590.204000,-1.135524000,111.423900,-590.204000,-1.135524000,0.000000
710,711,710,711,0.126768742,True,112.025700,-591.498000,-1.135524000,112.025700,-591.498000,-1.135524000,0.000000
711,712,711,712,0.144046549,True,112.627400,-592.791900,-1.135524000,112.627400,-592.791900,-1.135524000,0.000000
712,713,712,713,0.163364110,True,113.229100,-594.085900,-1.135524000,113.229100,-594.085900,-1.135524000,0.000000
713,714,713,714,0.163770962,True,113.830800,-595.379900,-1.135524000,113.830800,-595.379900,-1.135524000,0.000000
714,715,714,715,0.163968158,True,114.432500,-596.673800,-1.135524000,114.432500,-596.673800,-1.135524000,0.000000
715,716,715,716,0.162749972,True,115.034200,-597.967800,-1.135524000,115.034200,-597.967800,-1.135524000,0.000000
716,717,716,717,0.156521197,True,115.636000,-599.261700,-1.104461000,115.636000,-599.261700,-1.104461000,0.000000
717,718,717,718,0.140180566,True,116.237700,-600.555700,-1.042414000,116.237700,-600.555700,-1.042414000,0.000000
718,719,718,719,0.128762963,True,116.839400,-601.849700,-0.980248000,116.839400,-601.849700,-0.980248000,0.000000
719,720,719,720,0.126754931,True,117.441100,-603.143600,-0.918441000,117.441100,-603.143600,-0.918441000,0.000000
720,721,720,721,0.128814488,True,118.327700,-604.304300,-0.918441000,118.327700,-604.304300,-0.918441000,0.000000
721,722,721,722,0.108026231,True,119.214400,-605.464900,-0.918441000,119.214400,-605.464900,-0.918441000,0.000000
722,723,722,723,0.082599138,True,120.101000,-606.625500,-0.918441000,120.101000,-606.625500,-0.918441000,0.000000
723,724,723,724,0.070790747,True,120.987600,-607.786100,-0.918441000,120.987600,-607.786100,-0.918441000,0.000000
724,725,724,725,0.067017329,True,121.874300,-608.946800,-0.918441000,121.874300,-608.946800,-0.918441000,0.000000
725,726,725,726,0.071501301,True,122.760900,-610.107400,-0.918441000,122.760900,-610.107400,-0.918441000,0.000000
726,727,726,727,0.072482356,True,123.647500,-611.268000,-0.918441000,123.647500,-611.268000,-0.918441000,0.000000
727,728,727,728,0.075012495,True,124.534200,-612.428600,-0.918441000,124.534200,-612.428600,-0.918441000,0.000000
728,729,728,729,0.073773603,True,125.420800,-613.589200,-0.918441000,125.420800,-613.589200,-0.918441000,0.000000
729,730,729,730,0.069031531,True,126.307400,-614.749900,-0.885875000,126.307400,-614.749900,-0.885875000,0.000000
730,731,730,731,0.065104658,True,127.194100,-615.910500,-0.808232000,127.194100,-615.910500,-0.808232000,0.000000
731,732,731,732,0.065254543,True,128.080700,-617.071100,-0.730318000,128.080700,-617.071100,-0.730318000,0.000000
732,733,732,733,0.067138979,True,128.967300,-618.231700,-0.653071000,128.967300,-618.231700,-0.653071000,0.000000
733,734,733,734,0.071312251,True,130.071800,-619.076700,-0.653071000,130.071800,-619.076700,-0.653071000,0.000000
734,735,734,735,0.073305281,True,131.176300,-619.921700,-0.653071000,131.176300,-619.921700,-0.653071000,0.000000
735,736,735,736,0.065874819,True,132.280800,-620.766700,-0.653071000,132.280800,-620.766700,-0.653071000,0.000000
736,737,736,737,0.047649139,True,133.385300,-621.611700,-0.653071000,133.385300,-621.611700,-0.653071000,0.000000
737,738,737,738,0.035248222,True,134.489800,-622.456800,-0.587390000,134.489800,-622.456800,-0.587390000,0.000000
738,739,738,739,0.024889721,True,135.594300,-623.301800,-0.474678000,135.594300,-623.301800,-0.474678000,0.000000
739,740,739,740,0.027447724,True,136.698700,-624.146800,-0.361382000,136.698700,-624.146800,-0.361382000,0.000000
740,741,740,741,0.027312687,True,137.803200,-624.991800,-0.250355000,137.803200,-624.991800,-0.250355000,0.000000
741,742,741,742,0.030356058,True,139.242900,-625.359900,-0.250355000,139.242900,-625.359900,-0.250355000,0.000000
742,743,742,743,0.034342001,True,140.682600,-625.728100,-0.250355000,140.682600,-625.728100,-0.250355000,0.000000
743,744,743,744,0.048503378,True,142.122200,-626.096200,-0.250355000,142.122200,-626.096200,-0.250355000,0.000000
744,745,744,745,0.059614310,True,143.561900,-626.464400,-0.227471000,143.561900,-626.464400,-0.227471000,0.000000
745,746,745,746,0.072866254,True,145.001600,-626.832500,-0.164357000,145.001600,-626.832500,-0.164357000,0.000000
746,747,746,747,0.089051399,True,146.441200,-627.200700,-0.101083000,146.441200,-627.200700,-0.101083000,0.000000
747,748,747,748,0.089055618,True,147.880900,-627.568800,-0.038152000,147.880900,-627.568800,-0.038152000,0.000000
748,749,748,749,0.093520604,True,149.302900,-627.623100,-0.038152000,149.302900,-627.623100,-0.038152000,0.000000
749,750,749,750,0.102249943,True,150.725000,-627.677400,-0.038152000,150.725000,-627.677400,-0.038152000,0.000000
750,751,750,751,0.103354363,True,152.147000,-627.731700,-0.031159000,152.147000,-627.731700,-0.031159000,0.000000
751,752,751,752,0.110236189,True,153.569100,-627.785900,-0.017535000,153.569100,-627.785900,-0.017535000,0.000000
752,753,752,753,0.120247229,True,154.991200,-627.840200,-0.003910000,154.991200,-627.840200,-0.003910000,0.000000
753,754,753,754,0.115059973,True,156.413200,-627.894500,0.009711000,156.413200,-627.894500,0.009711000,0.000000
754,755,754,755,0.108610806,True,157.813100,-627.880900,0.009711000,157.813100,-627.880900,0.009711000,0.000000
755,756,755,756,0.102322728,True,159.213000,-627.867300,0.009711000,159.213000,-627.867300,0.009711000,0.000000
756,757,756,757,0.106655235,True,160.612800,-627.853700,0.009711000,160.612800,-627.853700,0.009711000,0.000000
757,758,757,758,0.101015472,True,162.012700,-627.840100,0.009711000,162.012700,-627.840100,0.009711000,0.000000
758,759,758,759,0.113332961,True,163.412600,-627.826500,0.009711000,163.412600,-627.826500,0.009711000,0.000000
759,760,759,760,0.127518379,True,164.812500,-627.812900,0.026705000,164.812500,-627.812900,0.026705000,0.000000
760,761,760,761,0.124728671,True,166.212300,-627.799300,0.056482000,166.212300,-627.799300,0.056482000,0.000000
761,762,761,762,0.134784812,True,167.612200,-627.785700,0.086270000,167.612200,-627.785700,0.086270000,0.000000
762,763,762,763,0.132393613,True,169.012100,-627.772100,0.116017000,169.012100,-627.772100,0.116017000,0.000000
763,764,763,764,0.132259296,True,170.375900,-627.613200,0.116017000,170.375900,-627.613200,0.116017000,0.000000
764,765,764,765,0.124319892,True,171.739700,-627.454300,0.116017000,171.739700,-627.454300,0.116017000,0.000000
765,766,765,766,0.134421819,True,173.103500,-627.295300,0.116017000,173.103500,-627.295300,0.116017000,0.000000
766,767,766,767,0.143160308,True,174.467300,-627.136400,0.127794000,174.467300,-627.136400,0.127794000,0.000000
767,768,767,768,0.121651450,True,175.831000,-626.977500,0.146159000,175.831000,-626.977500,0.146159000,0.000000
768,769,768,769,0.123359089,True,177.194800,-626.818500,0.164527000,177.194800,-626.818500,0.164527000,0.000000
769,770,769,770,0.126018756,True,178.558600,-626.659600,0.182885000,178.558600,-626.659600,0.182885000,0.000000
770,771,770,771,0.131876649,True,179.976400,-626.397400,0.182885000,179.976400,-626.397400,0.182885000,0.000000
771,772,771,772,0.145367993,True,181.394100,-626.135200,0.182885000,181.394100,-626.135200,0.182885000,0.000000
772,773,772,773,0.158257348,True,182.811800,-625.873000,0.182885000,182.811800,-625.873000,0.182885000,0.000000
773,774,773,774,0.169971531,True,184.229600,-625.610700,0.182885000,184.229600,-625.610700,0.182885000,0.000000
774,775,774,775,0.185366061,True,185.647300,-625.348500,0.182885000,185.647300,-625.348500,0.182885000,0.000000
775,776,775,776,0.194962415,True,187.065000,-625.086300,0.182885000,187.065000,-625.086300,0.182885000,0.000000
776,777,776,777,0.205175107,True,188.482700,-624.824100,0.182885000,188.482700,-624.824100,0.182885000,0.000000
777,778,777,778,0.234632129,True,189.900500,-624.561900,0.182885000,189.900500,-624.561900,0.182885000,0.000000
778,779,778,779,0.279200032,True,191.318200,-624.299700,0.215945000,191.318200,-624.299700,0.215945000,0.000000
779,780,779,780,0.241187101,True,192.735900,-624.037500,0.287168000,192.735900,-624.037500,0.287168000,0.000000
780,781,780,781,0.236705109,True,194.153700,-623.775300,0.358585000,194.153700,-623.775300,0.358585000,0.000000
781,782,781,782,0.175664284,True,195.571400,-623.513100,0.429472000,195.571400,-623.513100,0.429472000,0.000000
782,783,782,783,0.153297917,True,196.821500,-622.940500,0.429472000,196.821500,-622.940500,0.429472000,0.000000
783,784,783,784,0.138381468,True,198.071600,-622.368000,0.429472000,198.071600,-622.368000,0.429472000,0.000000
784,785,784,785,0.118100045,True,199.321700,-621.795500,0.429472000,199.321700,-621.795500,0.429472000,0.000000
785,786,785,786,0.106952784,True,200.571800,-621.223000,0.429472000,200.571800,-621.223000,0.429472000,0.000000
786,787,786,787,0.091440139,True,201.821900,-620.650400,0.429472000,201.821900,-620.650400,0.429472000,0.000000
787,788,787,788,0.085299354,True,203.072000,-620.077900,0.429472000,203.072000,-620.077900,0.429472000,0.000000
788,789,788,789,0.088094759,True,204.322100,-619.505400,0.429472000,204.322100,-619.505400,0.429472000,0.000000
789,790,789,790,0.104680217,True,205.572200,-618.932900,0.461880000,205.572200,-618.932900,0.461880000,0.000000
790,791,790,791,0.104904627,True,206.822300,-618.360300,0.513033000,206.822300,-618.360300,0.513033000,0.000000
791,792,791,792,0.121636057,True,208.072400,-617.787800,0.564235000,208.072400,-617.787800,0.564235000,0.000000
792,793,792,793,0.136123317,True,209.322500,-617.215300,0.615218000,209.322500,-617.215300,0.615218000,0.000000
793,794,793,794,0.162268474,True,210.486500,-616.392700,0.615218000,210.486500,-616.392700,0.615218000,0.000000
794,795,794,795,0.172540185,True,211.650500,-615.570100,0.615218000,211.650500,-615.570100,0.615218000,0.000000
795,796,795,796,0.183732502,True,212.814400,-614.747500,0.615218000,212.814400,-614.747500,0.615218000,0.000000
796,797,796,797,0.188096238,True,213.978400,-613.924900,0.615218000,213.978400,-613.924900,0.615218000,0.000000
797,798,797,798,0.207316668,True,215.142400,-613.102300,0.615218000,215.142400,-613.102300,0.615218000,0.000000
798,799,798,799,0.211901106,True,216.306300,-612.279700,0.615218000,216.306300,-612.279700,0.615218000,0.000000
799,800,799,800,0.231691533,True,217.470300,-611.457100,0.615218000,217.470300,-611.457100,0.615218000,0.000000
800,801,800,801,0.233875184,True,218.634300,-610.634600,0.615218000,218.634300,-610.634600,0.615218000,0.000000
801,802,801,802,0.248515954,True,219.798200,-609.812000,0.634304000,219.798200,-609.812000,0.634304000,0.000000
802,803,802,803,0.245335842,True,220.962200,-608.989400,0.671960000,220.962200,-608.989400,0.671960000,0.000000
803,804,803,804,0.224498489,True,222.126200,-608.166800,0.709642000,222.126200,-608.166800,0.709642000,0.000000
804,805,804,805,0.197079468,True,223.290200,-607.344200,0.747244000,223.290200,-607.344200,0.747244000,0.000000
805,806,805,806,0.174663622,True,224.385500,-606.329400,0.747244000,224.385500,-606.329400,0.747244000,0.000000
806,807,806,807,0.143374145,True,225.480800,-605.314600,0.743281000,225.480800,-605.314600,0.743281000,0.000000
807,808,807,808,0.141368333,True,226.576100,-604.299900,0.717865000,226.576100,-604.299900,0.717865000,0.000000
808,809,808,809,0.129233461,True,227.671400,-603.285100,0.626114000,227.671400,-603.285100,0.626114000,0.000000
809,810,809,810,0.105201533,True,228.766800,-602.270300,0.409468000,228.766800,-602.270300,0.409468000,0.000000
810,811,810,811,0.102891563,True,229.904800,-601.293800,0.110979000,229.904800,-601.293800,0.110979000,0.000000
811,812,811,812,0.095084948,True,230.902100,-600.651600,-0.112582000,230.902100,-600.651600,-0.112582000,0.000000
812,813,812,813,0.090069787,True,231.855900,-600.326500,-0.256714000,231.855900,-600.326500,-0.256714000,0.000000
813,814,813,814,0.093654622,True,232.863200,-600.301100,-0.340563000,232.863200,-600.301100,-0.340563000,0.000000
814,815,814,815,0.094525359,True,234.021200,-600.558000,-0.382062000,234.021200,-600.558000,-0.382062000,0.000000
815,816,815,816,0.099107421,True,235.427100,-601.079800,-0.393477000,235.427100,-601.079800,-0.393477000,0.000000
816,817,816,817,0.101754628,True,236.773400,-601.638700,-0.393477000,236.773400,-601.638700,-0.393477000,0.000000
817,818,817,818,0.107478762,True,238.119800,-602.197600,-0.393477000,238.119800,-602.197600,-0.393477000,0.000000
818,819,818,819,0.117711409,True,239.466100,-602.756500,-0.393477000,239.466100,-602.756500,-0.393477000,0.000000
819,820,819,820,0.130097367,True,240.812400,-603.315400,-0.393477000,240.812400,-603.315400,-0.393477000,0.000000
820,821,820,821,0.118496264,True,242.158700,-603.874200,-0.393477000,242.158700,-603.874200,-0.393477000,0.000000
821,822,821,822,0.094192982,True,243.505000,-604.433100,-0.393477000,243.505000,-604.433100,-0.393477000,0.000000
822,823,822,823,0.081576818,True,244.851300,-604.992000,-0.393477000,244.851300,-604.992000,-0.393477000,0.000000
823,824,823,824,0.090573483,True,246.197600,-605.550900,-0.393477000,246.197600,-605.550900,-0.393477000,0.000000
824,825,824,825,0.089710643,True,247.543900,-606.109800,-0.393477000,247.543900,-606.109800,-0.393477000,0.000000
825,826,825,826,0.094250727,True,248.890200,-606.668700,-0.393477000,248.890200,-606.668700,-0.393477000,0.000000
826,827,826,827,0.100180157,True,250.236500,-607.227600,-0.393477000,250.236500,-607.227600,-0.393477000,0.000000
827,828,827,828,0.102399492,True,251.582800,-607.786400,-0.393477000,251.582800,-607.786400,-0.393477000,0.000000
828,829,828,829,0.115697346,True,252.929100,-608.345300,-0.393477000,252.929100,-608.345300,-0.393477000,0.000000
829,830,829,830,0.141496501,True,254.275400,-608.904200,-0.393477000,254.275400,-608.904200,-0.393477000,0.000000
830,831,830,831,0.150977922,True,255.621700,-609.463100,-0.393477000,255.621700,-609.463100,-0.393477000,0.000000
831,832,831,832,0.181391443,True,256.968000,-610.022000,-0.393477000,256.968000,-610.022000,-0.393477000,0.000000
832,833,832,833,0.185827551,True,258.314300,-610.580900,-0.393477000,258.314300,-610.580900,-0.393477000,0.000000
833,834,833,834,0.201822472,True,259.660600,-611.139800,-0.393477000,259.660600,-611.139800,-0.393477000,0.000000
834,835,834,835,0.233331123,True,261.007000,-611.698600,-0.393185000,261.007000,-611.698600,-0.393185000,0.000000
835,836,835,836,0.256071171,True,262.353300,-612.257500,-0.392506000,262.353300,-612.257500,-0.392506000,0.000000
836,837,836,837,0.288444894,True,263.699600,-612.816400,-0.391827000,263.699600,-612.816400,-0.391827000,0.000000
837,838,837,838,0.318221429,True,265.045900,-613.375300,-0.391148000,265.045900,-613.375300,-0.391148000,0.000000
838,839,838,839,0.321460019,True,266.388400,-613.929000,-0.391148000,266.388400,-613.929000,-0.391148000,0.000000
839,840,839,840,0.315007498,True,267.731000,-614.482600,-0.391148000,267.731000,-614.482600,-0.391148000,0.000000
840,841,840,841,0.272517404,True,269.073600,-615.036300,-0.391148000,269.073600,-615.036300,-0.391148000,0.000000
841,842,841,842,0.250701115,True,270.416100,-615.590000,-0.391148000,270.416100,-615.590000,-0.391148000,0.000000
842,843,842,843,0.218854663,True,271.758700,-616.143700,-0.391148000,271.758700,-616.143700,-0.391148000,0.000000
843,844,843,844,0.202216977,True,273.101300,-616.697300,-0.391148000,273.101300,-616.697300,-0.391148000,0.000000
844,845,844,845,0.201270073,True,274.443800,-617.251000,-0.391148000,274.443800,-617.251000,-0.391148000,0.000000
845,846,845,846,0.187057090,True,275.786400,-617.804700,-0.391148000,275.786400,-617.804700,-0.391148000,0.000000
846,847,846,847,0.174291373,True,277.129000,-618.358400,-0.391148000,277.129000,-618.358400,-0.391148000,0.000000
847,848,847,848,0.166978320,True,278.471500,-618.912000,-0.391148000,278.471500,-618.912000,-0.391148000,0.000000
848,849,848,849,0.155040821,True,279.814100,-619.465700,-0.391148000,279.814100,-619.465700,-0.391148000,0.000000
849,850,849,850,0.158318825,True,281.156700,-620.019400,-0.391148000,281.156700,-620.019400,-0.391148000,0.000000
850,851,850,851,0.156487645,True,282.499300,-620.573000,-0.391148000,282.499300,-620.573000,-0.391148000,0.000000
851,852,851,852,0.159920272,True,283.841800,-621.126700,-0.391148000,283.841800,-621.126700,-0.391148000,0.000000
852,853,852,853,0.155230692,True,285.184400,-621.680400,-0.391148000,285.184400,-621.680400,-0.391148000,0.000000
853,854,853,854,0.153881655,True,286.527000,-622.234100,-0.391148000,286.527000,-622.234100,-0.391148000,0.000000
854,855,854,855,0.160402068,True,287.869500,-622.787700,-0.391148000,287.869500,-622.787700,-0.391148000,0.000000
855,856,855,856,0.157648787,True,289.212100,-623.341400,-0.391148000,289.212100,-623.341400,-0.391148000,0.000000
856,857,856,857,0.162039891,True,290.554700,-623.895100,-0.391148000,290.554700,-623.895100,-0.391148000,0.000000
857,858,857,858,0.178633158,True,291.897200,-624.448700,-0.391148000,291.897200,-624.448700,-0.391148000,0.000000
858,859,858,859,0.199699254,True,293.239800,-625.002400,-0.391148000,293.239800,-625.002400,-0.391148000,0.000000
859,860,859,860,0.191217137,True,294.582400,-625.556100,-0.391148000,294.582400,-625.556100,-0.391148000,0.000000
860,861,860,861,0.198440043,True,295.924900,-626.109800,-0.391148000,295.924900,-626.109800,-0.391148000,0.000000
861,862,861,862,0.182378383,True,297.267500,-626.663400,-0.391148000,297.267500,-626.663400,-0.391148000,0.000000
862,863,862,863,0.231179354,True,298.610100,-627.217100,-0.391148000,298.610100,-627.217100,-0.391148000,0.000000
863,864,863,864,0.321180982,True,299.952600,-627.770800,-0.391148000,299.952600,-627.770800,-0.391148000,0.000000
864,865,864,865,0.372374519,True,301.295200,-628.324400,-0.406057000,301.295200,-628.324400,-0.406057000,0.000000
865,866,865,866,0.403053517,True,302.637800,-628.878100,-0.439778000,302.637800,-628.878100,-0.439778000,0.000000
866,867,866,867,0.468293228,True,303.980300,-629.431800,-0.473521000,303.980300,-629.431800,-0.473521000,0.000000
867,868,867,868,0.481837283,True,305.322900,-629.985500,-0.507208000,305.322900,-629.985500,-0.507208000,0.000000
868,869,868,869,0.472721160,True,306.626700,-630.710000,-0.507208000,306.626700,-630.710000,-0.507208000,0.000000
869,870,869,870,0.475313716,True,307.930400,-631.434500,-0.507208000,307.930400,-631.434500,-0.507208000,0.000000
870,871,870,871,0.444449979,True,309.234200,-632.158900,-0.507208000,309.234200,-632.158900,-0.507208000,0.000000
871,872,871,872,0.462553161,True,310.537900,-632.883400,-0.507208000,310.537900,-632.883400,-0.507208000,0.000000
872,873,872,873,0.460428264,True,311.841700,-633.607900,-0.507208000,311.841700,-633.607900,-0.507208000,0.000000
873,874,873,874,0.402446767,True,313.145400,-634.332400,-0.507208000,313.145400,-634.332400,-0.507208000,0.000000
874,875,874,875,0.329809470,True,314.449200,-635.056900,-0.507208000,314.449200,-635.056900,-0.507208000,0.000000
875,876,875,876,0.267525385,True,315.753000,-635.781400,-0.507208000,315.753000,-635.781400,-0.507208000,0.000000
876,877,876,877,0.214843230,True,317.056700,-636.505900,-0.507208000,317.056700,-636.505900,-0.507208000,0.000000
877,878,877,878,0.170592734,True,318.360500,-637.230400,-0.507208000,318.360500,-637.230400,-0.507208000,0.000000
878,879,878,879,0.143634213,True,319.664200,-637.954900,-0.507208000,319.664200,-637.954900,-0.507208000,0.000000
879,880,879,880,0.133378211,True,320.968000,-638.679400,-0.507208000,320.968000,-638.679400,-0.507208000,0.000000
880,881,880,881,0.129949182,True,322.271700,-639.403900,-0.507208000,322.271700,-639.403900,-0.507208000,0.000000
881,882,881,882,0.130906296,True,323.575500,-640.128400,-0.507208000,323.575500,-640.128400,-0.507208000,0.000000
882,883,882,883,0.134980643,True,324.879300,-640.852900,-0.507208000,324.879300,-640.852900,-0.507208000,0.000000
883,884,883,884,0.137779546,True,326.183000,-641.577400,-0.507208000,326.183000,-641.577400,-0.507208000,0.000000
884,885,884,885,0.141481145,True,327.486800,-642.301900,-0.507208000,327.486800,-642.301900,-0.507208000,0.000000
885,886,885,886,0.140262609,True,328.790500,-643.026400,-0.507208000,328.790500,-643.026400,-0.507208000,0.000000
886,887,886,887,0.150364238,True,330.094300,-643.750900,-0.507208000,330.094300,-643.750900,-0.507208000,0.000000
887,888,887,888,0.155829377,True,331.398000,-644.475400,-0.507208000,331.398000,-644.475400,-0.507208000,0.000000
888,889,888,889,0.154944090,True,332.701800,-645.199900,-0.507208000,332.701800,-645.199900,-0.507208000,0.000000
889,890,889,890,0.174771516,True,334.005500,-645.924400,-0.507208000,334.005500,-645.924400,-0.507208000,0.000000
890,891,890,891,0.189510602,True,335.309300,-646.648800,-0.507208000,335.309300,-646.648800,-0.507208000,0.000000
891,892,891,892,0.209168148,True,336.613100,-647.373300,-0.507208000,336.613100,-647.373300,-0.507208000,0.000000
892,893,892,893,0.225464514,True,337.916800,-648.097800,-0.507208000,337.916800,-648.097800,-0.507208000,0.000000
893,894,893,894,0.249765433,True,339.220600,-648.822300,-0.507208000,339.220600,-648.822300,-0.507208000,0.000000
894,895,894,895,0.290190295,True,340.524300,-649.546800,-0.507208000,340.524300,-649.546800,-0.507208000,0.000000
895,896,895,896,0.338342034,True,341.828100,-650.271300,-0.507208000,341.828100,-650.271300,-0.507208000,0.000000
896,897,896,897,0.384661646,True,343.131800,-650.995800,-0.507208000,343.131800,-650.995800,-0.507208000,0.000000
897,898,897,898,0.399661233,True,344.435600,-651.720300,-0.507208000,344.435600,-651.720300,-0.507208000,0.000000
898,899,898,899,0.376418789,True,345.739400,-652.444800,-0.507208000,345.739400,-652.444800,-0.507208000,0.000000
899,900,899,900,0.346420798,True,347.043100,-653.169300,-0.507208000,347.043100,-653.169300,-0.507208000,0.000000
900,901,900,901,0.319351732,True,348.346900,-653.893800,-0.507208000,348.346900,-653.893800,-0.507208000,0.000000
901,902,901,902,0.320659297,True,349.650600,-654.618300,-0.507208000,349.650600,-654.618300,-0.507208000,0.000000
902,903,902,903,0.344651130,True,350.954400,-655.342800,-0.507208000,350.954400,-655.342800,-0.507208000,0.000000
903,904,903,904,0.351889276,True,352.258100,-656.067300,-0.502997000,352.258100,-656.067300,-0.502997000,0.000000
904,905,904,905,0.396681225,True,353.561900,-656.791800,-0.491042000,353.561900,-656.791800,-0.491042000,0.000000
905,906,905,906,0.418092066,True,354.865600,-657.516300,-0.479086000,354.865600,-657.516300,-0.479086000,0.000000
906,907,906,907,0.396203825,True,356.169400,-658.240800,-0.467132000,356.169400,-658.240800,-0.467132000,0.000000
907,908,907,908,0.348918068,True,357.489500,-658.906600,-0.467132000,357.489500,-658.906600,-0.467132000,0.000000
908,909,908,909,0.314830171,True,358.809700,-659.572400,-0.467132000,358.809700,-659.572400,-0.467132000,0.000000
909,910,909,910,0.303006145,True,360.129800,-660.238300,-0.467132000,360.129800,-660.238300,-0.467132000,0.000000
910,911,910,911,0.318581006,True,361.450000,-660.904100,-0.467132000,361.450000,-660.904100,-0.467132000,0.000000
911,912,911,912,0.314477353,True,362.770100,-661.569900,-0.467132000,362.770100,-661.569900,-0.467132000,0.000000
912,913,912,913,0.290028651,True,364.090300,-662.235800,-0.467132000,364.090300,-662.235800,-0.467132000,0.000000
913,914,913,914,0.257127340,True,365.410400,-662.901600,-0.467132000,365.410400,-662.901600,-0.467132000,0.000000
914,915,914,915,0.221119566,True,366.730600,-663.567400,-0.467132000,366.730600,-663.567400,-0.467132000,0.000000
915,916,915,916,0.200567804,True,368.050700,-664.233300,-0.467132000,368.050700,-664.233300,-0.467132000,0.000000
916,917,916,917,0.202818587,True,369.370900,-664.899100,-0.467132000,369.370900,-664.899100,-0.467132000,0.000000
917,918,917,918,0.190337041,True,370.691000,-665.564900,-0.467132000,370.691000,-665.564900,-0.467132000,0.000000
918,919,918,919,0.183824372,True,372.011200,-666.230800,-0.467132000,372.011200,-666.230800,-0.467132000,0.000000
919,920,919,920,0.187388979,True,373.331300,-666.896600,-0.467132000,373.331300,-666.896600,-0.467132000,0.000000
920,921,920,921,0.201535483,True,374.651500,-667.562400,-0.467132000,374.651500,-667.562400,-0.467132000,0.000000
921,922,921,922,0.231976443,True,375.971600,-668.228300,-0.467132000,375.971600,-668.228300,-0.467132000,0.000000
922,923,922,923,0.262687728,True,377.291700,-668.894100,-0.467132000,377.291700,-668.894100,-0.467132000,0.000000
923,924,923,924,0.289825186,True,378.611900,-669.559900,-0.467132000,378.611900,-669.559900,-0.467132000,0.000000
924,925,924,925,0.315177805,True,379.932000,-670.225800,-0.467132000,379.932000,-670.225800,-0.467132000,0.000000
925,926,925,926,0.328585610,True,381.252200,-670.891600,-0.467132000,381.252200,-670.891600,-0.467132000,0.000000
926,927,926,927,0.376795972,True,382.572300,-671.557400,-0.467132000,382.572300,-671.557400,-0.467132000,0.000000
927,928,927,928,0.436399446,True,383.892500,-672.223300,-0.467132000,383.892500,-672.223300,-0.467132000,0.000000
928,929,928,929,0.407476729,True,385.212600,-672.889100,-0.467132000,385.212600,-672.889100,-0.467132000,0.000000
929,930,929,930,0.372860554,True,386.532800,-673.554900,-0.467132000,386.532800,-673.554900,-0.467132000,0.000000
930,931,930,931,0.379510330,True,387.852900,-674.220800,-0.467132000,387.852900,-674.220800,-0.467132000,0.000000
931,932,931,932,0.343053756,True,389.173100,-674.886600,-0.467132000,389.173100,-674.886600,-0.467132000,0.000000
932,933,932,933,0.317291075,True,390.493200,-675.552400,-0.467132000,390.493200,-675.552400,-0.467132000,0.000000
933,934,933,934,0.289475379,True,391.813400,-676.218300,-0.467132000,391.813400,-676.218300,-0.467132000,0.000000
934,935,934,935,0.305156488,True,393.133500,-676.884100,-0.467132000,393.133500,-676.884100,-0.467132000,0.000000
935,936,935,936,0.289828517,True,394.453700,-677.549900,-0.467132000,394.453700,-677.549900,-0.467132000,0.000000
936,937,936,937,0.280382609,True,395.773800,-678.215800,-0.467132000,395.773800,-678.215800,-0.467132000,0.000000
937,938,937,938,0.295883394,True,397.093900,-678.881600,-0.467132000,397.093900,-678.881600,-0.467132000,0.000000
938,939,938,939,0.291110322,True,398.414100,-679.547400,-0.467132000,398.414100,-679.547400,-0.467132000,0.000000
939,940,939,940,0.286720735,True,399.734200,-680.213300,-0.467132000,399.734200,-680.213300,-0.467132000,0.000000
940,941,940,941,0.285163349,True,401.054400,-680.879100,-0.467132000,401.054400,-680.879100,-0.467132000,0.000000
941,942,941,942,0.272652965,True,402.374500,-681.544900,-0.467132000,402.374500,-681.544900,-0.467132000,0.000000
942,943,942,943,0.274576269,True,403.694700,-682.210800,-0.467132000,403.694700,-682.210800,-0.467132000,0.000000
943,944,943,944,0.272766279,True,405.014800,-682.876600,-0.467132000,405.014800,-682.876600,-0.467132000,0.000000
944,945,944,945,0.261698255,True,406.335000,-683.542400,-0.467132000,406.335000,-683.542400,-0.467132000,0.000000
945,946,945,946,0.256331421,True,407.655100,-684.208300,-0.467132000,407.655100,-684.208300,-0.467132000,0.000000
946,947,946,947,0.287361807,True,408.975300,-684.874100,-0.467132000,408.975300,-684.874100,-0.467132000,0.000000
947,948,947,948,0.303011934,True,410.295400,-685.539900,-0.467132000,410.295400,-685.539900,-0.467132000,0.000000
948,949,948,949,0.270936844,True,411.615600,-686.205800,-0.467132000,411.615600,-686.205800,-0.467132000,0.000000
949,950,949,950,0.236159418,True,412.935700,-686.871600,-0.467132000,412.935700,-686.871600,-0.467132000,0.000000
950,951,950,951,0.209582738,True,414.255900,-687.537400,-0.467132000,414.255900,-687.537400,-0.467132000,0.000000
951,952,951,952,0.199835092,True,415.576000,-688.203300,-0.467132000,415.576000,-688.203300,-0.467132000,0.000000
952,953,952,953,0.196204978,True,416.896100,-688.869100,-0.467132000,416.896100,-688.869100,-0.467132000,0.000000
953,954,953,954,0.202910646,True,418.216300,-689.534900,-0.467132000,418.216300,-689.534900,-0.467132000,0.000000
954,955,954,955,0.196582945,True,419.536400,-690.200800,-0.467132000,419.536400,-690.200800,-0.467132000,0.000000
955,956,955,956,0.178314468,True,420.856600,-690.866600,-0.467132000,420.856600,-690.866600,-0.467132000,0.000000
956,957,956,957,0.151900652,True,422.176700,-691.532500,-0.467132000,422.176700,-691.532500,-0.467132000,0.000000
957,958,957,958,0.118890863,True,423.496900,-692.198300,-0.467132000,423.496900,-692.198300,-0.467132000,0.000000
958,959,958,959,0.114279508,True,424.817000,-692.864100,-0.467132000,424.817000,-692.864100,-0.467132000,0.000000
959,960,959,960,0.112686968,True,426.137200,-693.530000,-0.467132000,426.137200,-693.530000,-0.467132000,0.000000
960,961,960,961,0.113816538,True,427.457300,-694.195800,-0.467132000,427.457300,-694.195800,-0.467132000,0.000000
961,962,961,962,0.120448134,True,428.777500,-694.861600,-0.467132000,428.777500,-694.861600,-0.467132000,0.000000
962,963,962,963,0.119621713,True,430.097600,-695.527500,-0.467132000,430.097600,-695.527500,-0.467132000,0.000000
963,964,963,964,0.124380372,True,431.417800,-696.193300,-0.467132000,431.417800,-696.193300,-0.467132000,0.000000
964,965,964,965,0.103397243,True,432.737900,-696.859100,-0.467132000,432.737900,-696.859100,-0.467132000,0.000000
965,966,965,966,0.085200012,True,434.058100,-697.525000,-0.467132000,434.058100,-697.525000,-0.467132000,0.000000
966,967,966,967,0.071248702,True,435.378200,-698.190800,-0.467132000,435.378200,-698.190800,-0.467132000,0.000000
967,968,967,968,0.065003650,True,436.698300,-698.856600,-0.467132000,436.698300,-698.856600,-0.467132000,0.000000
968,969,968,969,0.062052026,True,438.018500,-699.522500,-0.467132000,438.018500,-699.522500,-0.467132000,0.000000
969,970,969,970,0.058010279,True,439.338600,-700.188300,-0.450678000,439.338600,-700.188300,-0.450678000,0.000000
970,971,970,971,0.056079760,True,440.658800,-700.854100,-0.407444000,440.658800,-700.854100,-0.407444000,0.000000
971,972,971,972,0.051150576,True,441.978900,-701.520000,-0.364160000,441.978900,-701.520000,-0.364160000,0.000000
972,973,972,973,0.055279510,True,443.299100,-702.185800,-0.320988000,443.299100,-702.185800,-0.320988000,0.000000
973,974,973,974,0.060625116,True,444.668700,-702.641200,-0.320988000,444.668700,-702.641200,-0.320988000,0.000000
974,975,974,975,0.075879612,True,446.038300,-703.096500,-0.320988000,446.038300,-703.096500,-0.320988000,0.000000
975,976,975,976,0.094337387,True,447.407900,-703.551900,-0.320988000,447.407900,-703.551900,-0.320988000,0.000000
976,977,976,977,0.108339285,True,448.777500,-704.007300,-0.320988000,448.777500,-704.007300,-0.320988000,0.000000
977,978,977,978,0.117696807,True,450.147100,-704.462700,-0.320988000,450.147100,-704.462700,-0.320988000,0.000000
978,979,978,979,0.122133761,True,451.516800,-704.918100,-0.320988000,451.516800,-704.918100,-0.320988000,0.000000
979,980,979,980,0.125972806,True,452.886400,-705.373400,-0.320988000,452.886400,-705.373400,-0.320988000,0.000000
980,981,980,981,0.140509868,True,454.256000,-705.828800,-0.320988000,454.256000,-705.828800,-0.320988000,0.000000
981,982,981,982,0.146406420,True,455.625600,-706.284200,-0.320988000,455.625600,-706.284200,-0.320988000,0.000000
982,983,982,983,0.162895986,True,456.995200,-706.739600,-0.320988000,456.995200,-706.739600,-0.320988000,0.000000
983,984,983,984,0.180046845,True,458.364800,-707.194900,-0.320988000,458.364800,-707.194900,-0.320988000,0.000000
984,985,984,985,0.185620146,True,459.734400,-707.650300,-0.320988000,459.734400,-707.650300,-0.320988000,0.000000
985,986,985,986,0.215965361,True,461.104100,-708.105700,-0.320988000,461.104100,-708.105700,-0.320988000,0.000000
986,987,986,987,0.225245293,True,462.473700,-708.561100,-0.320988000,462.473700,-708.561100,-0.320988000,0.000000
987,988,987,988,0.242458580,True,463.843300,-709.016500,-0.320988000,463.843300,-709.016500,-0.320988000,0.000000
988,989,988,989,0.232379471,True,465.212900,-709.471800,-0.320988000,465.212900,-709.471800,-0.320988000,0.000000
989,990,989,990,0.217168864,True,466.582500,-709.927200,-0.320988000,466.582500,-709.927200,-0.320988000,0.000000
990,991,990,991,0.258177671,True,467.952100,-710.382600,-0.320988000,467.952100,-710.382600,-0.320988000,0.000000
991,992,991,992,0.291495597,True,469.321700,-710.838000,-0.320988000,469.321700,-710.838000,-0.320988000,0.000000
992,993,992,993,0.296849066,True,470.691300,-711.293400,-0.266455000,470.691300,-711.293400,-0.266455000,0.000000
993,994,993,994,0.288127174,True,472.061000,-711.748700,-0.146243000,472.061000,-711.748700,-0.146243000,0.000000
994,995,994,995,0.284552152,True,473.430600,-712.204100,-0.025088000,473.430600,-712.204100,-0.025088000,0.000000
995,996,995,996,0.272516312,True,474.800200,-712.659500,0.093525000,474.800200,-712.659500,0.093525000,0.000000
996,997,996,997,0.282279676,True,476.159000,-712.532000,0.093525000,476.159000,-712.532000,0.093525000,0.000000
997,998,997,998,0.272935692,True,477.517800,-712.404600,0.093525000,477.517800,-712.404600,0.093525000,0.000000
998,999,998,999,0.282611367,True,478.876600,-712.277100,0.093525000,478.876600,-712.277100,0.093525000,0.000000
999,1000,999,1000,0.332796163,True,480.235400,-712.149700,0.093525000,480.235400,-712.149700,0.093525000,0.000000
1000,1001,1000,1001,0.304762020,True,481.594200,-712.022200,0.093525000,481.594200,-712.022200,0.093525000,0.000000
1001,1002,1001,1002,0.269523472,True,482.953000,-711.894800,0.093525000,482.953000,-711.894800,0.093525000,0.000000
1002,1003,1002,1003,0.246598266,True,484.311800,-711.767300,0.093525000,484.311800,-711.767300,0.093525000,0.000000
1003,1004,1003,1004,0.221793175,True,485.670600,-711.639900,0.126642000,485.670600,-711.639900,0.126642000,0.000000
1004,1005,1004,1005,0.217178230,True,487.029400,-711.512400,0.176763000,487.029400,-711.512400,0.176763000,0.000000
1005,1006,1005,1006,0.204141842,True,488.388200,-711.385000,0.226927000,488.388200,-711.385000,0.226927000,0.000000
1006,1007,1006,1007,0.210092951,True,489.747000,-711.257500,0.276882000,489.747000,-711.257500,0.276882000,0.000000
1007,1008,1007,1008,0.183916714,True,491.186200,-710.848500,0.276882000,491.186200,-710.848500,0.276882000,0.000000
1008,1009,1008,1009,0.157646165,True,492.625400,-710.439500,0.276882000,492.625400,-710.439500,0.276882000,0.000000
1009,1010,1009,1010,0.143585999,True,494.064600,-710.030500,0.276882000,494.064600,-710.030500,0.276882000,0.000000
1010,1011,1010,1011,0.145378259,True,495.503900,-709.621500,0.276882000,495.503900,-709.621500,0.276882000,0.000000
1011,1012,1011,1012,0.157272381,True,496.943100,-709.212500,0.276882000,496.943100,-709.212500,0.276882000,0.000000
1012,1013,1012,1013,0.164774884,True,498.382300,-708.803500,0.301888000,498.382300,-708.803500,0.301888000,0.000000
1013,1014,1013,1014,0.159206094,True,499.821600,-708.394500,0.375650000,499.821600,-708.394500,0.375650000,0.000000
1014,1015,1014,1015,0.156541877,True,501.260800,-707.985500,0.449679000,501.260800,-707.985500,0.449679000,0.000000
1015,1016,1015,1016,0.155105805,True,502.700000,-707.576500,0.523167000,502.700000,-707.576500,0.523167000,0.000000
1016,1017,1016,1017,0.158765438,True,503.817700,-706.931800,0.523167000,503.817700,-706.931800,0.523167000,0.000000
1017,1018,1017,1018,0.159628101,True,504.935400,-706.287100,0.523167000,504.935400,-706.287100,0.523167000,0.000000
1018,1019,1018,1019,0.169779068,True,506.053100,-705.642500,0.575786000,506.053100,-705.642500,0.575786000,0.000000
1019,1020,1019,1020,0.176484249,True,507.170800,-704.997800,0.636338000,507.170800,-704.997800,0.636338000,0.000000
1020,1021,1020,1021,0.183691892,True,508.288500,-704.353200,0.696917000,508.288500,-704.353200,0.696917000,0.000000
1021,1022,1021,1022,0.175444592,True,509.406200,-703.708500,0.757082000,509.406200,-703.708500,0.757082000,0.000000
1022,1023,1022,1023,0.161112890,True,510.474500,-702.699100,0.757082000,510.474500,-702.699100,0.757082000,0.000000
1023,1024,1023,1024,0.144249455,True,511.542800,-701.689700,0.757082000,511.542800,-701.689700,0.757082000,0.000000
1024,1025,1024,1025,0.147734267,True,512.611000,-700.680300,0.757082000,512.611000,-700.680300,0.757082000,0.000000
1025,1026,1025,1026,0.150074070,True,513.679300,-699.670800,0.771491000,513.679300,-699.670800,0.771491000,0.000000
1026,1027,1026,1027,0.138857651,True,514.747500,-698.661400,0.807407000,514.747500,-698.661400,0.807407000,0.000000
1027,1028,1027,1028,0.117417266,True,515.815800,-697.652000,0.843351000,515.815800,-697.652000,0.843351000,0.000000
1028,1029,1028,1029,0.098885154,True,516.884100,-696.642600,0.879230000,516.884100,-696.642600,0.879230000,0.000000
1029,1030,1029,1030,0.083746916,True,517.760700,-695.583900,0.879230000,517.760700,-695.583900,0.879230000,0.000000
1030,1031,1030,1031,0.081221261,True,518.637300,-694.525100,0.898068000,518.637300,-694.525100,0.898068000,0.000000
1031,1032,1031,1032,0.093037282,True,519.513900,-693.466400,0.927660000,519.513900,-693.466400,0.927660000,0.000000
1032,1033,1032,1033,0.109236981,True,520.390500,-692.407600,0.957262000,520.390500,-692.407600,0.957262000,0.000000
1033,1034,1033,1034,0.120221174,True,521.267100,-691.348900,0.986822000,521.267100,-691.348900,0.986822000,0.000000
1034,1035,1034,1035,0.113386484,True,522.063600,-690.143600,0.986822000,522.063600,-690.143600,0.986822000,0.000000
1035,1036,1035,1036,0.103393061,True,522.860100,-688.938400,0.986822000,522.860100,-688.938400,0.986822000,0.000000
1036,1037,1036,1037,0.105187962,True,523.656600,-687.733200,0.986822000,523.656600,-687.733200,0.986822000,0.000000
1037,1038,1037,1038,0.112411932,True,524.453100,-686.527900,0.986822000,524.453100,-686.527900,0.986822000,0.000000
1038,1039,1038,1039,0.119534522,True,525.249600,-685.322700,1.028372000,525.249600,-685.322700,1.028372000,0.000000
1039,1040,1039,1040,0.124241038,True,526.046100,-684.117400,1.119697000,526.046100,-684.117400,1.119697000,0.000000
1040,1041,1040,1041,0.119758557,True,526.842600,-682.912200,1.211436000,526.842600,-682.912200,1.211436000,0.000000
1041,1042,1041,1042,0.110417499,True,527.639100,-681.707000,1.302063000,527.639100,-681.707000,1.302063000,0.000000
1042,1043,1042,1043,0.093940889,True,528.015100,-680.341700,1.302063000,528.015100,-680.341700,1.302063000,0.000000
1043,1044,1043,1044,0.088137757,True,528.391100,-678.976500,1.302063000,528.391100,-678.976500,1.302063000,0.000000
1044,1045,1044,1045,0.086893785,True,528.767100,-677.611300,1.302063000,528.767100,-677.611300,1.302063000,0.000000
1045,1046,1045,1046,0.102814871,True,529.143000,-676.246100,1.302063000,529.143000,-676.246100,1.302063000,0.000000
1046,1047,1046,1047,0.099559832,True,529.519000,-674.880800,1.302063000,529.519000,-674.880800,1.302063000,0.000000
1047,1048,1047,1048,0.096900739,True,529.895000,-673.515600,1.302063000,529.895000,-673.515600,1.302063000,0.000000
1048,1049,1048,1049,0.108292200,True,530.271000,-672.150400,1.302063000,530.271000,-672.150400,1.302063000,0.000000
1049,1050,1049,1050,0.125880040,True,530.646900,-670.785200,1.302063000,530.646900,-670.785200,1.302063000,0.000000
1050,1051,1050,1051,0.129219211,True,531.022900,-669.419900,1.357850000,531.022900,-669.419900,1.357850000,0.000000
1051,1052,1051,1052,0.136236082,True,531.398900,-668.054700,1.464923000,531.398900,-668.054700,1.464923000,0.000000
1052,1053,1052,1053,0.143365372,True,531.774900,-666.689500,1.572577000,531.774900,-666.689500,1.572577000,0.000000
1053,1054,1053,1054,0.152044707,True,532.150800,-665.324300,1.678358000,532.150800,-665.324300,1.678358000,0.000000
1054,1055,1054,1055,0.154266809,True,531.990000,-663.834800,1.678358000,531.990000,-663.834800,1.678358000,0.000000
1055,1056,1055,1056,0.161818728,True,531.829200,-662.345400,1.678358000,531.829200,-662.345400,1.678358000,0.000000
1056,1057,1056,1057,0.165475997,True,531.668400,-660.855900,1.678358000,531.668400,-660.855900,1.678358000,0.000000
1057,1058,1057,1058,0.157521924,True,531.507500,-659.366500,1.678358000,531.507500,-659.366500,1.678358000,0.000000
1058,1059,1058,1059,0.162252105,True,531.346700,-657.877000,1.678358000,531.346700,-657.877000,1.678358000,0.000000
1059,1060,1059,1060,0.154049243,True,531.185900,-656.387600,1.678358000,531.185900,-656.387600,1.678358000,0.000000
1060,1061,1060,1061,0.147717437,True,531.025100,-654.898100,1.678358000,531.025100,-654.898100,1.678358000,0.000000
1061,1062,1061,1062,0.139456377,True,530.864200,-653.408700,1.678358000,530.864200,-653.408700,1.678358000,0.000000
1062,1063,1062,1063,0.125123103,True,530.703400,-651.919200,1.678358000,530.703400,-651.919200,1.678358000,0.000000
1063,1064,1063,1064,0.108111453,True,530.542600,-650.429800,1.678358000,530.542600,-650.429800,1.678358000,0.000000
1064,1065,1064,1065,0.104548076,True,530.381700,-648.940300,1.678358000,530.381700,-648.940300,1.678358000,0.000000
1065,1066,1065,1066,0.102727130,True,530.220900,-647.450900,1.678358000,530.220900,-647.450900,1.678358000,0.000000
1066,1067,1066,1067,0.105734637,True,530.060100,-645.961400,1.705912000,530.060100,-645.961400,1.705912000,0.000000
1067,1068,1067,1068,0.116125219,True,529.899300,-644.472000,1.788373000,529.899300,-644.472000,1.788373000,0.000000
1068,1069,1068,1069,0.124790074,True,529.738400,-642.982500,1.871209000,529.738400,-642.982500,1.871209000,0.000000
1069,1070,1069,1070,0.140277508,True,529.577600,-641.493100,1.953292000,529.577600,-641.493100,1.953292000,0.000000
1070,1071,1070,1071,0.153410608,True,529.027100,-640.124700,1.953292000,529.027100,-640.124700,1.953292000,0.000000
1071,1072,1071,1072,0.161446053,True,528.476600,-638.756300,1.953292000,528.476600,-638.756300,1.953292000,0.000000
1072,1073,1072,1073,0.167910023,True,527.926100,-637.387900,1.953292000,527.926100,-637.387900,1.953292000,0.000000
1073,1074,1073,1074,0.174626915,True,527.375500,-636.019500,1.953292000,527.375500,-636.019500,1.953292000,0.000000
1074,1075,1074,1075,0.175678668,True,526.825000,-634.651100,1.953292000,526.825000,-634.651100,1.953292000,0.000000
1075,1076,1075,1076,0.173922432,True,526.274500,-633.282800,1.953292000,526.274500,-633.282800,1.953292000,0.000000
1076,1077,1076,1077,0.167891028,True,525.724000,-631.914400,1.953292000,525.724000,-631.914400,1.953292000,0.000000
1077,1078,1077,1078,0.167594027,True,525.173500,-630.546000,1.953292000,525.173500,-630.546000,1.953292000,0.000000
1078,1079,1078,1079,0.151827079,True,524.623000,-629.177600,1.953292000,524.623000,-629.177600,1.953292000,0.000000
1079,1080,1079,1080,0.125851725,True,524.072500,-627.809200,1.953292000,524.072500,-627.809200,1.953292000,0.000000
1080,1081,1080,1081,0.106939897,True,523.521900,-626.440800,1.953292000,523.521900,-626.440800,1.953292000,0.000000
1081,1082,1081,1082,0.091565821,True,522.971400,-625.072500,1.953292000,522.971400,-625.072500,1.953292000,0.000000
1082,1083,1082,1083,0.084657740,True,522.420900,-623.704100,1.953292000,522.420900,-623.704100,1.953292000,0.000000
1083,1084,1083,1084,0.089078462,True,521.870400,-622.335700,1.953292000,521.870400,-622.335700,1.953292000,0.000000
1084,1085,1084,1085,0.091238885,True,521.319900,-620.967300,1.953292000,521.319900,-620.967300,1.953292000,0.000000
1085,1086,1085,1086,0.100302298,True,520.769400,-619.598900,1.953292000,520.769400,-619.598900,1.953292000,0.000000
1086,1087,1086,1087,0.091475835,True,520.218900,-618.230500,1.953292000,520.218900,-618.230500,1.953292000,0.000000
1087,1088,1087,1088,0.087054436,True,519.668400,-616.862100,1.953292000,519.668400,-616.862100,1.953292000,0.000000
1088,1089,1088,1089,0.088806224,True,519.117800,-615.493800,1.962096000,519.117800,-615.493800,1.962096000,0.000000
1089,1090,1089,1090,0.088295334,True,518.567300,-614.125400,1.984694000,518.567300,-614.125400,1.984694000,0.000000
1090,1091,1090,1091,0.094927856,True,518.016800,-612.757000,2.007299000,518.016800,-612.757000,2.007299000,0.000000
1091,1092,1091,1092,0.090655306,True,517.466300,-611.388600,2.029888000,517.466300,-611.388600,2.029888000,0.000000
1092,1093,1092,1093,0.092195984,True,516.823800,-610.088800,2.029888000,516.823800,-610.088800,2.029888000,0.000000
1093,1094,1093,1094,0.090238464,True,516.181300,-608.789000,2.029888000,516.181300,-608.789000,2.029888000,0.000000
1094,1095,1094,1095,0.094526105,True,515.538800,-607.489300,2.029888000,515.538800,-607.489300,2.029888000,0.000000
1095,1096,1095,1096,0.098875193,True,514.896300,-606.189500,2.029888000,514.896300,-606.189500,2.029888000,0.000000
1096,1097,1096,1097,0.092930538,True,514.253800,-604.889700,2.029888000,514.253800,-604.889700,2.029888000,0.000000
1097,1098,1097,1098,0.092705750,True,513.611300,-603.589900,2.029888000,513.611300,-603.589900,2.029888000,0.000000
1098,1099,1098,1099,0.097541517,True,512.968800,-602.290100,2.029888000,512.968800,-602.290100,2.029888000,0.000000
1099,1100,1099,1100,0.120465097,True,512.326300,-600.990400,2.029888000,512.326300,-600.990400,2.029888000,0.000000
1100,1101,1100,1101,0.136464595,True,511.683800,-599.690600,2.029888000,511.683800,-599.690600,2.029888000,0.000000
1101,1102,1101,1102,0.152583253,True,511.041300,-598.390800,2.029888000,511.041300,-598.390800,2.029888000,0.000000
1102,1103,1102,1103,0.147963363,True,510.398700,-597.091000,2.029888000,510.398700,-597.091000,2.029888000,0.000000
1103,1104,1103,1104,0.142743043,True,509.756200,-595.791300,2.029888000,509.756200,-595.791300,2.029888000,0.000000
1104,1105,1104,1105,0.143758739,True,509.113700,-594.491500,2.029888000,509.113700,-594.491500,2.029888000,0.000000
1105,1106,1105,1106,0.140367750,True,508.471200,-593.191700,2.042942000,508.471200,-593.191700,2.042942000,0.000000
1106,1107,1106,1107,0.143842136,True,507.828700,-591.891900,2.106551000,507.828700,-591.891900,2.106551000,0.000000
1107,1108,1107,1108,0.161573360,True,507.186200,-590.592100,2.253244000,507.186200,-590.592100,2.253244000,0.000000
1108,1109,1108,1109,0.167910189,True,506.543700,-589.292400,2.518664000,506.543700,-589.292400,2.518664000,0.000000
1109,1110,1109,1110,0.190822582,True,505.838700,-588.166800,2.833372000,505.838700,-588.166800,2.833372000,0.000000
1110,1111,1110,1111,0.214321290,True,504.999200,-587.326600,3.134448000,504.999200,-587.326600,3.134448000,0.000000
1111,1112,-1,-1,nan,False,504.059200,-586.775300,-2.878761000,,,,
1112,1113,-1,-1,nan,False,503.053000,-586.516700,-2.653393000,,,,
1113,1114,-1,-1,nan,False,502.014700,-586.554500,-2.474969000,,,,
1114,1115,-1,-1,nan,False,500.978700,-586.892300,-2.348879000,,,,
1115,1116,-1,-1,nan,False,499.979000,-587.533800,-2.271778000,,,,
