query_array_index,query_frame_id,matched_ref_index,matched_ref_frame_id,quality,valid,gt_x,gt_y,gt_yaw_rad,est_x,est_y,est_yaw_rad,xy_error
0,1,-1,-1,nan,False,499.050000,-588.482800,-2.245104000,,,,
1,2,-1,-1,nan,False,498.143000,-589.617400,-2.245104000,,,,
2,3,-1,-1,nan,False,497.236100,-590.752100,-2.245104000,,,,
3,4,-1,-1,nan,False,496.329200,-591.886700,-2.245104000,,,,
4,5,-1,-1,nan,False,495.422300,-593.021400,-2.245104000,,,,
5,6,-1,-1,nan,False,494.515400,-594.156000,-2.245104000,,,,
6,7,-1,-1,nan,False,493.608500,-595.290700,-2.312361000,,,,
7,8,-1,-1,nan,False,492.701600,-596.425300,-2.470564000,,,,
8,9,-1,-1,nan,False,491.794700,-597.560000,-2.631028000,,,,
9,10,-1,-1,nan,False,490.887800,-598.694600,-2.785773000,,,,
10,11,-1,-1,nan,False,489.539800,-599.195600,-2.785773000,,,,
11,12,-1,-1,nan,False,488.191800,-599.696500,-2.785773000,,,,
12,13,-1,-1,nan,False,486.843800,-600.197500,-2.785773000,,,,
13,14,-1,-1,nan,False,485.495800,-600.698400,-2.785773000,,,,
14,15,-1,-1,nan,False,484.147800,-601.199400,-2.785773000,,,,
15,16,-1,-1,nan,False,482.799900,-601.700400,-2.785773000,,,,
16,17,-1,-1,nan,False,481.451900,-602.201300,-2.785773000,,,,
17,18,-1,-1,nan,False,480.103900,-602.702300,-2.785773000,,,,
18,19,-1,-1,nan,False,478.755900,-603.203300,-2.785773000,,,,
19,20,-1,-1,nan,False,477.407900,-603.704200,-2.770426000,,,,
20,21,-1,-1,nan,False,476.059900,-604.205200,-2.738189000,,,,
21,22,-1,-1,nan,False,474.711900,-604.706100,-2.705935000,,,,
22,23,-1,-1,nan,False,473.363900,-605.207100,-2.673730000,,,,
23,24,-1,-1,nan,False,472.107200,-605.842100,-2.673730000,,,,
24,25,-1,-1,nan,False,470.850400,-606.477200,-2.673730000,,,,
25,26,25,26,0.938793575,True,469.593600,-607.112200,-2.673730000,469.593600,-607.112200,-2.673730000,0.000000
26,27,27,28,0.931137424,True,468.336800,-607.747200,-2.673730000,467.080000,-608.382200,-2.675408000,1.408109
27,28,28,29,0.919768023,True,467.080000,-608.382200,-2.675408000,465.823300,-609.017300,-2.678456000,1.408065
28,29,28,29,0.929610310,True,465.823300,-609.017300,-2.678456000,465.823300,-609.017300,-2.678456000,0.000000
29,30,29,30,0.932800350,True,464.566500,-609.652300,-2.681503000,464.566500,-609.652300,-2.681503000,0.000000
30,31,30,31,0.936547232,True,463.309700,-610.287300,-2.684551000,463.309700,-610.287300,-2.684551000,0.000000
31,32,31,32,0.921579646,True,462.053400,-610.905100,-2.684551000,462.053400,-610.905100,-2.684551000,0.000000
32,33,32,33,0.932187916,True,460.797200,-611.522900,-2.684551000,460.797200,-611.522900,-2.684551000,0.000000
33,34,33,34,0.944438661,True,459.540900,-612.140700,-2.684551000,459.540900,-612.140700,-2.684551000,0.000000
34,35,34,35,0.982701429,True,458.284700,-612.758500,-2.684551000,458.284700,-612.758500,-2.684551000,0.000000
35,36,35,36,0.970777787,True,457.028400,-613.376300,-2.684551000,457.028400,-613.376300,-2.684551000,0.000000
36,37,37,38,0.959669673,True,455.772100,-613.994100,-2.684551000,454.515900,-614.611900,-2.684551000,1.399898
37,38,38,39,0.957753453,True,454.515900,-614.611900,-2.684551000,453.259600,-615.229600,-2.684551000,1.399944
38,39,38,39,0.952579939,True,453.259600,-615.229600,-2.684551000,453.259600,-615.229600,-2.684551000,0.000000
39,40,40,41,0.951622861,True,452.003400,-615.847400,-2.614261000,450.747100,-616.465200,-2.487948000,1.399988
40,41,40,41,0.948856095,True,450.747100,-616.465200,-2.487948000,450.747100,-616.465200,-2.487948000,0.000000
41,42,41,42,0.931205875,True,449.490800,-617.083000,-2.360761000,449.490800,-617.083000,-2.360761000,0.000000
42,43,42,43,0.945147922,True,448.234600,-617.700800,-2.236720000,448.234600,-617.700800,-2.236720000,0.000000
43,44,43,44,0.932841159,True,447.376700,-618.792700,-2.236720000,447.376700,-618.792700,-2.236720000,0.000000
44,45,44,45,0.916228711,True,446.518900,-619.884600,-2.236720000,446.518900,-619.884600,-2.236720000,0.000000
45,46,46,47,0.908888424,True,445.661000,-620.976500,-2.236720000,444.803200,-622.068500,-2.236720000,1.388627
46,47,47,48,0.899123884,True,444.803200,-622.068500,-2.236720000,443.945300,-623.160400,-2.236720000,1.388610
47,48,48,49,0.880511225,True,443.945300,-623.160400,-2.236720000,443.087500,-624.252300,-2.236720000,1.388548
48,49,49,50,0.903203733,True,443.087500,-624.252300,-2.236720000,442.229600,-625.344200,-2.313501000,1.388610
49,50,49,50,0.883349826,True,442.229600,-625.344200,-2.313501000,442.229600,-625.344200,-2.313501000,0.000000
50,51,51,52,0.875788368,True,441.371800,-626.436100,-2.445115000,440.513900,-627.528000,-2.577650000,1.388610
51,52,52,53,0.852760719,True,440.513900,-627.528000,-2.577650000,439.656100,-628.619900,-2.706569000,1.388548
52,53,53,54,0.820980426,True,439.656100,-628.619900,-2.706569000,438.296300,-629.251800,-2.706569000,1.499451
53,54,54,55,0.789133323,True,438.296300,-629.251800,-2.706569000,436.936400,-629.883800,-2.706569000,1.499584
54,55,54,55,0.791836799,True,436.936400,-629.883800,-2.706569000,436.936400,-629.883800,-2.706569000,0.000000
55,56,55,56,0.793770244,True,435.576600,-630.515700,-2.706569000,435.576600,-630.515700,-2.706569000,0.000000
56,57,56,57,0.799542184,True,434.216800,-631.147600,-2.706569000,434.216800,-631.147600,-2.706569000,0.000000
57,58,57,58,0.801716460,True,432.856900,-631.779600,-2.763816000,432.856900,-631.779600,-2.763816000,0.000000
58,59,58,59,0.787154825,True,431.497100,-632.411500,-2.943406000,431.497100,-632.411500,-2.943406000,0.000000
59,60,59,60,0.773586598,True,430.137300,-633.043400,-3.126996000,430.137300,-633.043400,-3.126996000,0.000000
60,61,60,61,0.767644374,True,428.777400,-633.675400,2.980449000,428.777400,-633.675400,2.980449000,0.000000
61,62,61,62,0.772717010,True,427.359000,-633.444800,2.980449000,427.359000,-633.444800,2.980449000,0.000000
62,63,63,64,0.769890089,True,425.940600,-633.214200,2.980449000,424.522200,-632.983700,2.980449000,1.437007
63,64,63,64,0.796054157,True,424.522200,-632.983700,2.980449000,424.522200,-632.983700,2.980449000,0.000000
64,65,64,65,0.777355609,True,423.103700,-632.753100,2.980449000,423.103700,-632.753100,2.980449000,0.000000
65,66,65,66,0.778540220,True,421.685300,-632.522500,2.980449000,421.685300,-632.522500,2.980449000,0.000000
66,67,66,67,0.775180909,True,420.266900,-632.292000,2.980449000,420.266900,-632.292000,2.980449000,0.000000
67,68,67,68,0.753405513,True,418.848500,-632.061400,2.980449000,418.848500,-632.061400,2.980449000,0.000000
68,69,68,69,0.748725133,True,417.430100,-631.830800,2.901273000,417.430100,-631.830800,2.901273000,0.000000
69,70,70,71,0.721468913,True,416.011600,-631.600300,2.727963000,414.593200,-631.369700,2.551872000,1.437023
70,71,70,71,0.728344933,True,414.593200,-631.369700,2.551872000,414.593200,-631.369700,2.551872000,0.000000
71,72,72,73,0.689487624,True,413.174800,-631.139100,2.383463000,412.143100,-630.162200,2.383463000,1.420823
72,73,73,74,0.676772639,True,412.143100,-630.162200,2.383463000,411.111300,-629.185200,2.383463000,1.420965
73,74,73,74,0.658980005,True,411.111300,-629.185200,2.383463000,411.111300,-629.185200,2.383463000,0.000000
74,75,74,75,0.666737957,True,410.079600,-628.208300,2.383463000,410.079600,-628.208300,2.383463000,0.000000
75,76,75,76,0.695416801,True,409.047900,-627.231300,2.293741000,409.047900,-627.231300,2.293741000,0.000000
76,77,76,77,0.703535495,True,408.016100,-626.254400,2.111198000,408.016100,-626.254400,2.111198000,0.000000
77,78,77,78,0.695822460,True,406.984400,-625.277500,1.925649000,406.984400,-625.277500,1.925649000,0.000000
78,79,78,79,0.673080160,True,405.952700,-624.300500,1.749272000,405.952700,-624.300500,1.749272000,0.000000
79,80,80,81,0.655059513,True,405.704900,-622.927200,1.749272000,405.457200,-621.553900,1.749272000,1.395460
80,81,80,81,0.654655873,True,405.457200,-621.553900,1.749272000,405.457200,-621.553900,1.749272000,0.000000
81,82,81,82,0.658596659,True,405.209500,-620.180600,1.749272000,405.209500,-620.180600,1.749272000,0.000000
82,83,82,83,0.645868394,True,404.961700,-618.807300,1.749272000,404.961700,-618.807300,1.749272000,0.000000
83,84,84,85,0.632750871,True,404.714000,-617.433900,1.749272000,404.466200,-616.060600,1.749272000,1.395478
84,85,85,86,0.617504422,True,404.466200,-616.060600,1.749272000,404.218500,-614.687300,1.726706000,1.395460
85,86,86,87,0.612514054,True,404.218500,-614.687300,1.726706000,403.970800,-613.314000,1.687900000,1.395460
86,87,86,87,0.596332913,True,403.970800,-613.314000,1.687900000,403.970800,-613.314000,1.687900000,0.000000
87,88,87,88,0.599718739,True,403.723000,-611.940700,1.649070000,403.723000,-611.940700,1.649070000,0.000000
88,89,88,89,0.602535375,True,403.475300,-610.567400,1.610332000,403.475300,-610.567400,1.610332000,0.000000
89,90,89,90,0.585121130,True,403.416500,-609.082400,1.610332000,403.416500,-609.082400,1.610332000,0.000000
90,91,90,91,0.589175207,True,403.357800,-607.597500,1.610332000,403.357800,-607.597500,1.610332000,0.000000
91,92,91,92,0.585683539,True,403.299100,-606.112500,1.610332000,403.299100,-606.112500,1.610332000,0.000000
92,93,93,94,0.568938440,True,403.240300,-604.627600,1.610332000,403.181600,-603.142700,1.610332000,1.486060
93,94,94,95,0.549520505,True,403.181600,-603.142700,1.610332000,403.122900,-601.657700,1.610332000,1.486160
94,95,94,95,0.560597182,True,403.122900,-601.657700,1.610332000,403.122900,-601.657700,1.610332000,0.000000
95,96,95,96,0.572314771,True,403.064100,-600.172800,1.610332000,403.064100,-600.172800,1.610332000,0.000000
96,97,96,97,0.580994772,True,403.005400,-598.687900,1.610332000,403.005400,-598.687900,1.610332000,0.000000
97,98,97,98,0.591930837,True,402.946600,-597.202900,1.656553000,402.946600,-597.202900,1.656553000,0.000000
98,99,98,99,0.576934987,True,402.887900,-595.718000,1.786641000,402.887900,-595.718000,1.786641000,0.000000
99,100,99,100,0.589821121,True,402.829200,-594.233000,1.918154000,402.829200,-594.233000,1.918154000,0.000000
100,101,100,101,0.593383198,True,402.770400,-592.748100,2.046645000,402.770400,-592.748100,2.046645000,0.000000
101,102,101,102,0.604473649,True,402.120500,-591.486900,2.046645000,402.120500,-591.486900,2.046645000,0.000000
102,103,102,103,0.619874267,True,401.470600,-590.225800,2.046645000,401.470600,-590.225800,2.046645000,0.000000
103,104,103,104,0.635522532,True,400.820600,-588.964600,2.046645000,400.820600,-588.964600,2.046645000,0.000000
104,105,104,105,0.632050655,True,400.170700,-587.703400,2.046645000,400.170700,-587.703400,2.046645000,0.000000
105,106,105,106,0.632579773,True,399.520700,-586.442300,2.046645000,399.520700,-586.442300,2.046645000,0.000000
106,107,106,107,0.639316421,True,398.870800,-585.181100,2.082659000,398.870800,-585.181100,2.082659000,0.000000
107,108,107,108,0.640393608,True,398.220900,-583.919900,2.151916000,398.220900,-583.919900,2.151916000,0.000000
108,109,108,109,0.649188506,True,397.570900,-582.658800,2.221330000,397.570900,-582.658800,2.221330000,0.000000
109,110,109,110,0.645013182,True,396.921000,-581.397600,2.290240000,396.921000,-581.397600,2.290240000,0.000000
110,111,110,111,0.643058777,True,395.990100,-580.335000,2.290240000,395.990100,-580.335000,2.290240000,0.000000
111,112,111,112,0.648885373,True,395.059100,-579.272400,2.290240000,395.059100,-579.272400,2.290240000,0.000000
112,113,112,113,0.652638771,True,394.128200,-578.209800,2.290240000,394.128200,-578.209800,2.290240000,0.000000
113,114,113,114,0.653301100,True,393.197200,-577.147200,2.290240000,393.197200,-577.147200,2.290240000,0.000000
114,115,114,115,0.672430002,True,392.266300,-576.084500,2.290240000,392.266300,-576.084500,2.290240000,0.000000
115,116,115,116,0.686063427,True,391.335400,-575.021900,2.290240000,391.335400,-575.021900,2.290240000,0.000000
116,117,116,117,0.682498182,True,390.404400,-573.959300,2.290240000,390.404400,-573.959300,2.290240000,0.000000
117,118,117,118,0.677940393,True,389.473500,-572.896700,2.290240000,389.473500,-572.896700,2.290240000,0.000000
118,119,118,119,0.681252329,True,388.542600,-571.834100,2.302303000,388.542600,-571.834100,2.302303000,0.000000
119,120,119,120,0.660999511,True,387.611600,-570.771500,2.324690000,387.611600,-570.771500,2.324690000,0.000000
120,121,121,122,0.657493595,True,386.680700,-569.708900,2.347083000,385.749800,-568.646300,2.369459000,1.412690
121,122,121,122,0.679141199,True,385.749800,-568.646300,2.369459000,385.749800,-568.646300,2.369459000,0.000000
122,123,122,123,0.696066278,True,384.747500,-567.670200,2.369459000,384.747500,-567.670200,2.369459000,0.000000
123,124,123,124,0.692012155,True,383.745200,-566.694200,2.369459000,383.745200,-566.694200,2.369459000,0.000000
124,125,124,125,0.692589418,True,382.742900,-565.718100,2.369459000,382.742900,-565.718100,2.369459000,0.000000
125,126,125,126,0.669912465,True,381.740600,-564.742100,2.369459000,381.740600,-564.742100,2.369459000,0.000000
126,127,127,128,0.671607959,True,380.738300,-563.766000,2.369459000,379.736000,-562.790000,2.369459000,1.398993
127,128,127,128,0.682463565,True,379.736000,-562.790000,2.369459000,379.736000,-562.790000,2.369459000,0.000000
128,129,128,129,0.682345861,True,378.733700,-561.813900,2.369459000,378.733700,-561.813900,2.369459000,0.000000
129,130,129,130,0.694369245,True,377.731400,-560.837900,2.369459000,377.731400,-560.837900,2.369459000,0.000000
130,131,131,132,0.662781144,True,376.729100,-559.861800,2.369459000,375.726900,-558.885800,2.369459000,1.398921
131,132,131,132,0.676412266,True,375.726900,-558.885800,2.369459000,375.726900,-558.885800,2.369459000,0.000000
132,133,132,133,0.664398713,True,374.724600,-557.909800,2.316618000,374.724600,-557.909800,2.316618000,0.000000
133,134,133,134,0.656852206,True,373.722300,-556.933700,2.223190000,373.722300,-556.933700,2.223190000,0.000000
134,135,134,135,0.670816830,True,372.720000,-555.957700,2.129412000,372.720000,-555.957700,2.129412000,0.000000
135,136,135,136,0.677479234,True,371.717700,-554.981600,2.036912000,371.717700,-554.981600,2.036912000,0.000000
136,137,136,137,0.686797013,True,371.045000,-553.644500,2.036912000,371.045000,-553.644500,2.036912000,0.000000
137,138,137,138,0.683606085,True,370.372300,-552.307400,2.036912000,370.372300,-552.307400,2.036912000,0.000000
138,139,138,139,0.684961782,True,369.699700,-550.970300,2.036912000,369.699700,-550.970300,2.036912000,0.000000
139,140,139,140,0.686781882,True,369.027000,-549.633200,2.036912000,369.027000,-549.633200,2.036912000,0.000000
140,141,141,142,0.686300635,True,368.354300,-548.296200,2.036912000,367.681600,-546.959100,2.036912000,1.496784
141,142,141,142,0.691231736,True,367.681600,-546.959100,2.036912000,367.681600,-546.959100,2.036912000,0.000000
142,143,142,143,0.673807394,True,367.009000,-545.622000,2.036912000,367.009000,-545.622000,2.036912000,0.000000
143,144,143,144,0.663823639,True,366.336300,-544.284900,2.073976000,366.336300,-544.284900,2.073976000,0.000000
144,145,144,145,0.663752801,True,365.663600,-542.947800,2.184828000,365.663600,-542.947800,2.184828000,0.000000
145,146,145,146,0.647207260,True,364.990900,-541.610700,2.296590000,364.990900,-541.610700,2.296590000,0.000000
146,147,147,148,0.648704905,True,364.318300,-540.273600,2.406516000,363.213500,-539.274800,2.406516000,1.489357
147,148,148,149,0.640559214,True,363.213500,-539.274800,2.406516000,362.108700,-538.276000,2.406516000,1.489357
148,149,149,150,0.630213770,True,362.108700,-538.276000,2.406516000,361.004000,-537.277200,2.406516000,1.489283
149,150,149,150,0.639992399,True,361.004000,-537.277200,2.406516000,361.004000,-537.277200,2.406516000,0.000000
150,151,151,152,0.644250599,True,359.899200,-536.278400,2.406516000,358.794500,-535.279500,2.406516000,1.489350
151,152,152,153,0.648447790,True,358.794500,-535.279500,2.406516000,357.689700,-534.280700,2.406516000,1.489357
152,153,152,153,0.623045274,True,357.689700,-534.280700,2.406516000,357.689700,-534.280700,2.406516000,0.000000
153,154,153,154,0.623464156,True,356.585000,-533.281900,2.406516000,356.585000,-533.281900,2.406516000,0.000000
154,155,154,155,0.623598341,True,355.480200,-532.283100,2.406516000,355.480200,-532.283100,2.406516000,0.000000
155,156,155,156,0.634154859,True,354.375500,-531.284300,2.447274000,354.375500,-531.284300,2.447274000,0.000000
156,157,156,157,0.602811840,True,353.270700,-530.285500,2.563726000,353.270700,-530.285500,2.563726000,0.000000
157,158,157,158,0.601593401,True,352.165900,-529.286700,2.681207000,352.165900,-529.286700,2.681207000,0.000000
158,159,158,159,0.595292225,True,351.061200,-528.287900,2.796535000,351.061200,-528.287900,2.796535000,0.000000
159,160,159,160,0.611265964,True,349.700500,-527.798800,2.796535000,349.700500,-527.798800,2.796535000,0.000000
160,161,161,162,0.616645586,True,348.339800,-527.309700,2.796535000,346.979200,-526.820600,2.796535000,1.445839
161,162,161,162,0.610855363,True,346.979200,-526.820600,2.796535000,346.979200,-526.820600,2.796535000,0.000000
162,163,162,163,0.614814857,True,345.618500,-526.331600,2.796535000,345.618500,-526.331600,2.796535000,0.000000
163,164,163,164,0.639839486,True,344.257800,-525.842500,2.796535000,344.257800,-525.842500,2.796535000,0.000000
164,165,165,166,0.629421679,True,342.897200,-525.353400,2.796535000,341.536500,-524.864300,2.796535000,1.445933
165,166,165,166,0.608624257,True,341.536500,-524.864300,2.796535000,341.536500,-524.864300,2.796535000,0.000000
166,167,166,167,0.619987442,True,340.175800,-524.375300,2.796535000,340.175800,-524.375300,2.796535000,0.000000
167,168,167,168,0.621953876,True,338.815200,-523.886200,2.755232000,338.815200,-523.886200,2.755232000,0.000000
168,169,168,169,0.626568729,True,337.454500,-523.397100,2.663859000,337.454500,-523.397100,2.663859000,0.000000
169,170,169,170,0.640894850,True,336.093800,-522.908000,2.572069000,336.093800,-522.908000,2.572069000,0.000000
170,171,170,171,0.630849987,True,334.733200,-522.419000,2.481392000,334.733200,-522.419000,2.481392000,0.000000
171,172,171,172,0.649799867,True,333.624300,-521.558000,2.481392000,333.624300,-521.558000,2.481392000,0.000000
172,173,172,173,0.642009000,True,332.515400,-520.697000,2.481392000,332.515400,-520.697000,2.481392000,0.000000
173,174,173,174,0.648207193,True,331.406500,-519.836100,2.481392000,331.406500,-519.836100,2.481392000,0.000000
174,175,174,175,0.652220699,True,330.297700,-518.975100,2.481392000,330.297700,-518.975100,2.481392000,0.000000
175,176,175,176,0.664656600,True,329.188800,-518.114200,2.504698000,329.188800,-518.114200,2.504698000,0.000000
176,177,176,177,0.676400947,True,328.079900,-517.253200,2.546319000,328.079900,-517.253200,2.546319000,0.000000
177,178,177,178,0.664018972,True,326.971000,-516.392200,2.587971000,326.971000,-516.392200,2.587971000,0.000000
178,179,178,179,0.662803444,True,325.862200,-515.531300,2.629511000,325.862200,-515.531300,2.629511000,0.000000
179,180,179,180,0.677266760,True,324.695600,-514.875600,2.629511000,324.695600,-514.875600,2.629511000,0.000000
180,181,180,181,0.682259868,True,323.529000,-514.219800,2.629511000,323.529000,-514.219800,2.629511000,0.000000
181,182,182,183,0.706404860,True,322.362400,-513.564100,2.629511000,321.195800,-512.908400,2.629511000,1.338244
182,183,182,183,0.707082843,True,321.195800,-512.908400,2.629511000,321.195800,-512.908400,2.629511000,0.000000
183,184,183,184,0.701837877,True,320.029300,-512.252600,2.538597000,320.029300,-512.252600,2.538597000,0.000000
184,185,185,186,0.694884891,True,318.862700,-511.596900,2.411477000,317.696100,-510.941200,2.283812000,1.338244
185,186,185,186,0.687044693,True,317.696100,-510.941200,2.283812000,317.696100,-510.941200,2.283812000,0.000000
186,187,186,187,0.691933291,True,316.529500,-510.285500,2.159654000,316.529500,-510.285500,2.159654000,0.000000
187,188,187,188,0.672296632,True,315.789100,-509.176800,2.159654000,315.789100,-509.176800,2.159654000,0.000000
188,189,188,189,0.681322104,True,315.048600,-508.068200,2.159654000,315.048600,-508.068200,2.159654000,0.000000
189,190,189,190,0.647827677,True,314.308100,-506.959600,2.159654000,314.308100,-506.959600,2.159654000,0.000000
190,191,190,191,0.639253245,True,313.567700,-505.850900,2.159654000,313.567700,-505.850900,2.159654000,0.000000
191,192,191,192,0.642842785,True,312.827200,-504.742300,2.039703000,312.827200,-504.742300,2.039703000,0.000000
192,193,192,193,0.641418772,True,312.086800,-503.633700,1.871549000,312.086800,-503.633700,1.871549000,0.000000
193,194,193,194,0.635530157,True,311.346300,-502.525000,1.702195000,311.346300,-502.525000,1.702195000,0.000000
194,195,194,195,0.628433981,True,310.605900,-501.416400,1.540916000,310.605900,-501.416400,1.540916000,0.000000
195,196,195,196,0.628313057,True,310.647400,-500.025400,1.540916000,310.647400,-500.025400,1.540916000,0.000000
196,197,196,197,0.620671342,True,310.689000,-498.634400,1.540916000,310.689000,-498.634400,1.540916000,0.000000
197,198,197,198,0.627473554,True,310.730600,-497.243500,1.540916000,310.730600,-497.243500,1.540916000,0.000000
198,199,198,199,0.625628602,True,310.772200,-495.852500,1.540916000,310.772200,-495.852500,1.540916000,0.000000
199,200,199,200,0.618818880,True,310.813700,-494.461500,1.540916000,310.813700,-494.461500,1.540916000,0.000000
200,201,200,201,0.611513109,True,310.855300,-493.070500,1.540916000,310.855300,-493.070500,1.540916000,0.000000
201,202,201,202,0.595238409,True,310.896900,-491.679500,1.540916000,310.896900,-491.679500,1.540916000,0.000000
202,203,202,203,0.598508100,True,310.938500,-490.288600,1.456758000,310.938500,-490.288600,1.456758000,0.000000
203,204,203,204,0.595796747,True,310.980000,-488.897600,1.309543000,310.980000,-488.897600,1.309543000,0.000000
204,205,204,205,0.593521714,True,311.021600,-487.506600,1.161010000,311.021600,-487.506600,1.161010000,0.000000
205,206,205,206,0.573663174,True,311.063200,-486.115600,1.017504000,311.063200,-486.115600,1.017504000,0.000000
206,207,206,207,0.582534586,True,311.744500,-485.012500,1.017504000,311.744500,-485.012500,1.017504000,0.000000
207,208,207,208,0.584588031,True,312.425800,-483.909400,1.017504000,312.425800,-483.909400,1.017504000,0.000000
208,209,208,209,0.586424350,True,313.107100,-482.806300,1.017504000,313.107100,-482.806300,1.017504000,0.000000
209,210,209,210,0.592586994,True,313.788500,-481.703300,1.126862000,313.788500,-481.703300,1.126862000,0.000000
210,211,210,211,0.592994354,True,314.469800,-480.600200,1.258790000,314.469800,-480.600200,1.258790000,0.000000
211,212,211,212,0.583114890,True,315.151100,-479.497100,1.391050000,315.151100,-479.497100,1.391050000,0.000000
212,213,212,213,0.577044187,True,315.832400,-478.394000,1.519153000,315.832400,-478.394000,1.519153000,0.000000
213,214,213,214,0.586292563,True,315.909700,-476.899500,1.519256000,315.909700,-476.899500,1.519256000,0.000000
214,215,214,215,0.577428392,True,315.986900,-475.405000,1.519600000,315.986900,-475.405000,1.519600000,0.000000
215,216,215,216,0.579351166,True,316.064200,-473.910500,1.520218000,316.064200,-473.910500,1.520218000,0.000000
216,217,216,217,0.595253275,True,316.141400,-472.415900,1.519983000,316.141400,-472.415900,1.519983000,0.000000
217,218,217,218,0.592702957,True,316.187800,-471.500900,1.518393000,316.187800,-471.500900,1.518393000,0.000000
218,219,218,219,0.582440384,True,316.234200,-470.585800,1.515466000,316.234200,-470.585800,1.515466000,0.000000
219,220,219,220,0.574794746,True,316.305500,-469.143000,1.507882000,316.305500,-469.143000,1.507882000,0.000000
220,221,220,221,0.564722543,True,316.365500,-467.958600,1.500641000,316.365500,-467.958600,1.500641000,0.000000
221,222,222,223,0.549597782,True,316.424300,-466.903700,1.494522000,316.491900,-465.849400,1.490031000,1.056465
222,223,222,223,0.533607604,True,316.491900,-465.849400,1.490031000,316.491900,-465.849400,1.490031000,0.000000
223,224,223,224,0.537911433,True,316.578600,-464.666800,1.486970000,316.578600,-464.666800,1.486970000,0.000000
224,225,224,225,0.546684938,True,316.694300,-463.227100,1.485282000,316.694300,-463.227100,1.485282000,0.000000
225,226,225,226,0.551738531,True,316.771700,-462.314100,1.485023000,316.771700,-462.314100,1.485023000,0.000000
226,227,226,227,0.543840163,True,316.849100,-461.401200,1.484764000,316.849100,-461.401200,1.484764000,0.000000
227,228,227,228,0.542283855,True,316.976400,-459.925200,1.484764000,316.976400,-459.925200,1.484764000,0.000000
228,229,228,229,0.549025630,True,317.103700,-458.449200,1.484764000,317.103700,-458.449200,1.484764000,0.000000
229,230,229,230,0.533019044,True,317.231000,-456.973200,1.484764000,317.231000,-456.973200,1.484764000,0.000000
230,231,230,231,0.519278937,True,317.358300,-455.497100,1.484764000,317.358300,-455.497100,1.484764000,0.000000
231,232,231,232,0.518516405,True,317.485600,-454.021100,1.484764000,317.485600,-454.021100,1.484764000,0.000000
232,233,232,233,0.532494038,True,317.612900,-452.545100,1.484764000,317.612900,-452.545100,1.484764000,0.000000
233,234,233,234,0.529716879,True,317.740200,-451.069100,1.484764000,317.740200,-451.069100,1.484764000,0.000000
234,235,234,235,0.530945091,True,317.867500,-449.593100,1.484764000,317.867500,-449.593100,1.484764000,0.000000
235,236,235,236,0.518818045,True,317.994800,-448.117100,1.484764000,317.994800,-448.117100,1.484764000,0.000000
236,237,236,237,0.521190593,True,318.122100,-446.641100,1.484764000,318.122100,-446.641100,1.484764000,0.000000
237,238,237,238,0.511518542,True,318.249400,-445.165100,1.484764000,318.249400,-445.165100,1.484764000,0.000000
238,239,239,240,0.495826526,True,318.376700,-443.689000,1.484764000,318.504000,-442.213000,1.484764000,1.481479
239,240,239,240,0.503285177,True,318.504000,-442.213000,1.484764000,318.504000,-442.213000,1.484764000,0.000000
240,241,240,241,0.508466098,True,318.631300,-440.737000,1.484764000,318.631300,-440.737000,1.484764000,0.000000
241,242,241,242,0.501674026,True,318.758600,-439.261000,1.484764000,318.758600,-439.261000,1.484764000,0.000000
242,243,242,243,0.514156758,True,318.885900,-437.785000,1.457458000,318.885900,-437.785000,1.457458000,0.000000
243,244,243,244,0.507763203,True,319.013200,-436.309000,1.384038000,319.013200,-436.309000,1.384038000,0.000000
244,245,244,245,0.515593083,True,319.140500,-434.833000,1.310369000,319.140500,-434.833000,1.310369000,0.000000
245,246,245,246,0.520028668,True,319.267800,-433.356900,1.237245000,319.267800,-433.356900,1.237245000,0.000000
246,247,246,247,0.514881160,True,319.757500,-431.943600,1.237245000,319.757500,-431.943600,1.237245000,0.000000
247,248,247,248,0.493668740,True,320.247300,-430.530200,1.237245000,320.247300,-430.530200,1.237245000,0.000000
248,249,248,249,0.494448428,True,320.737000,-429.116900,1.237245000,320.737000,-429.116900,1.237245000,0.000000
249,250,249,250,0.502749803,True,321.226700,-427.703500,1.237245000,321.226700,-427.703500,1.237245000,0.000000
250,251,250,251,0.507044990,True,321.716400,-426.290100,1.237245000,321.716400,-426.290100,1.237245000,0.000000
251,252,251,252,0.510177862,True,322.206200,-424.876800,1.237245000,322.206200,-424.876800,1.237245000,0.000000
252,253,252,253,0.511528711,True,322.695900,-423.463400,1.237245000,322.695900,-423.463400,1.237245000,0.000000
253,254,253,254,0.507514114,True,323.185600,-422.050000,1.237245000,323.185600,-422.050000,1.237245000,0.000000
254,255,254,255,0.513008370,True,323.675300,-420.636700,1.237245000,323.675300,-420.636700,1.237245000,0.000000
255,256,255,256,0.512898645,True,324.165100,-419.223300,1.237245000,324.165100,-419.223300,1.237245000,0.000000
256,257,256,257,0.511940074,True,324.654800,-417.810000,1.237245000,324.654800,-417.810000,1.237245000,0.000000
257,258,258,259,0.512373843,True,325.144500,-416.396600,1.237245000,325.634200,-414.983200,1.237245000,1.495829
258,259,258,259,0.506108630,True,325.634200,-414.983200,1.237245000,325.634200,-414.983200,1.237245000,0.000000
259,260,259,260,0.505025196,True,326.124000,-413.569900,1.237245000,326.124000,-413.569900,1.237245000,0.000000
260,261,260,261,0.501218514,True,326.613700,-412.156500,1.237245000,326.613700,-412.156500,1.237245000,0.000000
261,262,261,262,0.495751691,True,327.103400,-410.743200,1.237245000,327.103400,-410.743200,1.237245000,0.000000
262,263,262,263,0.493505012,True,327.593200,-409.329800,1.237245000,327.593200,-409.329800,1.237245000,0.000000
263,264,263,264,0.492265222,True,328.082900,-407.916400,1.237245000,328.082900,-407.916400,1.237245000,0.000000
264,265,265,266,0.491720609,True,328.572600,-406.503100,1.237245000,329.062300,-405.089700,1.237245000,1.495829
265,266,266,267,0.465753499,True,329.062300,-405.089700,1.237245000,329.552100,-403.676300,1.237245000,1.495862
266,267,266,267,0.465500990,True,329.552100,-403.676300,1.237245000,329.552100,-403.676300,1.237245000,0.000000
267,268,267,268,0.457842096,True,330.041800,-402.263000,1.237245000,330.041800,-402.263000,1.237245000,0.000000
268,269,268,269,0.461319343,True,330.531500,-400.849600,1.237245000,330.531500,-400.849600,1.237245000,0.000000
269,270,269,270,0.466769771,True,331.021200,-399.436300,1.216773000,331.021200,-399.436300,1.216773000,0.000000
270,271,270,271,0.475516685,True,331.511000,-398.022900,1.156712000,331.511000,-398.022900,1.156712000,0.000000
271,272,271,272,0.473337277,True,332.000700,-396.609500,1.096507000,332.000700,-396.609500,1.096507000,0.000000
272,273,272,273,0.469184637,True,332.490400,-395.196200,1.036594000,332.490400,-395.196200,1.036594000,0.000000
273,274,274,275,0.475685119,True,333.239100,-393.930600,1.036594000,333.987800,-392.665000,1.036594000,1.470474
274,275,274,275,0.465118060,True,333.987800,-392.665000,1.036594000,333.987800,-392.665000,1.036594000,0.000000
275,276,276,277,0.460710469,True,334.736500,-391.399400,1.036594000,335.485200,-390.133800,1.036594000,1.470474
276,277,276,277,0.464428787,True,335.485200,-390.133800,1.036594000,335.485200,-390.133800,1.036594000,0.000000
277,278,277,278,0.460264531,True,336.233900,-388.868200,1.036594000,336.233900,-388.868200,1.036594000,0.000000
278,279,278,279,0.478892855,True,336.982600,-387.602600,1.036594000,336.982600,-387.602600,1.036594000,0.000000
279,280,279,280,0.493136690,True,337.731300,-386.337000,1.036594000,337.731300,-386.337000,1.036594000,0.000000
280,281,280,281,0.499474416,True,338.480000,-385.071400,1.036594000,338.480000,-385.071400,1.036594000,0.000000
281,282,281,282,0.513823642,True,339.228700,-383.805800,1.036594000,339.228700,-383.805800,1.036594000,0.000000
282,283,282,283,0.510309396,True,339.977400,-382.540200,1.036594000,339.977400,-382.540200,1.036594000,0.000000
283,284,283,284,0.520328490,True,340.726000,-381.274700,1.036594000,340.726000,-381.274700,1.036594000,0.000000
284,285,284,285,0.537442803,True,341.474700,-380.009100,1.036594000,341.474700,-380.009100,1.036594000,0.000000
285,286,285,286,0.551280518,True,342.223400,-378.743500,1.036594000,342.223400,-378.743500,1.036594000,0.000000
286,287,286,287,0.579201551,True,342.972100,-377.477900,1.036594000,342.972100,-377.477900,1.036594000,0.000000
287,288,287,288,0.583614057,True,343.720800,-376.212300,1.036594000,343.720800,-376.212300,1.036594000,0.000000
288,289,288,289,0.595357864,True,344.469500,-374.946700,1.036594000,344.469500,-374.946700,1.036594000,0.000000
289,290,289,290,0.606520964,True,345.218200,-373.681100,1.036594000,345.218200,-373.681100,1.036594000,0.000000
290,291,290,291,0.610308505,True,345.966900,-372.415500,1.036594000,345.966900,-372.415500,1.036594000,0.000000
291,292,291,292,0.615990643,True,346.715600,-371.149900,1.036594000,346.715600,-371.149900,1.036594000,0.000000
292,293,292,293,0.627329716,True,347.464300,-369.884300,1.036594000,347.464300,-369.884300,1.036594000,0.000000
293,294,293,294,0.609731699,True,348.213000,-368.618700,1.036594000,348.213000,-368.618700,1.036594000,0.000000
294,295,294,295,0.642143322,True,348.961700,-367.353100,1.036594000,348.961700,-367.353100,1.036594000,0.000000
295,296,295,296,0.641902469,True,349.710400,-366.087600,1.036594000,349.710400,-366.087600,1.036594000,0.000000
296,297,296,297,0.641241415,True,350.459100,-364.822000,1.036594000,350.459100,-364.822000,1.036594000,0.000000
297,298,297,298,0.665780554,True,351.207800,-363.556400,1.036594000,351.207800,-363.556400,1.036594000,0.000000
298,299,298,299,0.673348295,True,351.956500,-362.290800,1.036594000,351.956500,-362.290800,1.036594000,0.000000
299,300,299,300,0.664007006,True,352.705200,-361.025200,1.036594000,352.705200,-361.025200,1.036594000,0.000000
300,301,300,301,0.661033708,True,353.453900,-359.759600,1.036594000,353.453900,-359.759600,1.036594000,0.000000
301,302,301,302,0.663698946,True,354.202500,-358.494000,1.036594000,354.202500,-358.494000,1.036594000,0.000000
302,303,302,303,0.679802022,True,354.951200,-357.228400,1.036594000,354.951200,-357.228400,1.036594000,0.000000
303,304,303,304,0.686382546,True,355.699900,-355.962800,1.036594000,355.699900,-355.962800,1.036594000,0.000000
304,305,305,306,0.679275862,True,356.448600,-354.697200,1.036594000,357.197300,-353.431600,1.036594000,1.470474
305,306,305,306,0.681475959,True,357.197300,-353.431600,1.036594000,357.197300,-353.431600,1.036594000,0.000000
306,307,306,307,0.670203924,True,357.946000,-352.166000,1.107397000,357.946000,-352.166000,1.107397000,0.000000
307,308,307,308,0.682692438,True,358.694700,-350.900500,1.294040000,358.694700,-350.900500,1.294040000,0.000000
308,309,308,309,0.694076043,True,359.443400,-349.634900,1.484724000,359.443400,-349.634900,1.484724000,0.000000
309,310,309,310,0.694649967,True,360.192100,-348.369300,1.666232000,360.192100,-348.369300,1.666232000,0.000000
310,311,310,311,0.715324043,True,360.054400,-346.931200,1.666232000,360.054400,-346.931200,1.666232000,0.000000
311,312,311,312,0.725797855,True,359.916800,-345.493100,1.666232000,359.916800,-345.493100,1.666232000,0.000000
312,313,312,313,0.723852688,True,359.779100,-344.055100,1.666232000,359.779100,-344.055100,1.666232000,0.000000
313,314,313,314,0.722952453,True,359.641500,-342.617000,1.666232000,359.641500,-342.617000,1.666232000,0.000000
314,315,314,315,0.710236873,True,359.503800,-341.178900,1.666232000,359.503800,-341.178900,1.666232000,0.000000
315,316,315,316,0.730636097,True,359.366100,-339.740800,1.666232000,359.366100,-339.740800,1.666232000,0.000000
316,317,316,317,0.727250685,True,359.228500,-338.302800,1.666232000,359.228500,-338.302800,1.666232000,0.000000
317,318,317,318,0.737582959,True,359.090800,-336.864700,1.666232000,359.090800,-336.864700,1.666232000,0.000000
318,319,318,319,0.743714367,True,358.953100,-335.426600,1.666232000,358.953100,-335.426600,1.666232000,0.000000
319,320,319,320,0.752417849,True,358.815500,-333.988500,1.666232000,358.815500,-333.988500,1.666232000,0.000000
320,321,320,321,0.768881477,True,358.677800,-332.550500,1.666232000,358.677800,-332.550500,1.666232000,0.000000
321,322,321,322,0.751477744,True,358.540200,-331.112400,1.666232000,358.540200,-331.112400,1.666232000,0.000000
322,323,322,323,0.763955015,True,358.402500,-329.674300,1.666232000,358.402500,-329.674300,1.666232000,0.000000
323,324,323,324,0.775361374,True,358.264800,-328.236200,1.666232000,358.264800,-328.236200,1.666232000,0.000000
324,325,324,325,0.789231761,True,358.127200,-326.798200,1.666232000,358.127200,-326.798200,1.666232000,0.000000
325,326,325,326,0.800381692,True,357.989500,-325.360100,1.666232000,357.989500,-325.360100,1.666232000,0.000000
326,327,326,327,0.810433973,True,357.851900,-323.922000,1.666232000,357.851900,-323.922000,1.666232000,0.000000
327,328,327,328,0.803611695,True,357.714200,-322.484000,1.666232000,357.714200,-322.484000,1.666232000,0.000000
328,329,328,329,0.815563873,True,357.576500,-321.045900,1.742773000,357.576500,-321.045900,1.742773000,0.000000
329,330,329,330,0.823875241,True,357.438900,-319.607800,1.916987000,357.438900,-319.607800,1.916987000,0.000000
330,331,330,331,0.835758766,True,357.301200,-318.169700,2.094130000,357.301200,-318.169700,2.094130000,0.000000
331,332,331,332,0.836649162,True,357.163600,-316.731700,2.263549000,357.163600,-316.731700,2.263549000,0.000000
332,333,332,333,0.836683070,True,356.217000,-315.591200,2.263549000,356.217000,-315.591200,2.263549000,0.000000
333,334,333,334,0.833829587,True,355.270400,-314.450700,2.263549000,355.270400,-314.450700,2.263549000,0.000000
334,335,335,336,0.807490611,True,354.323900,-313.310300,2.263549000,353.377300,-312.169800,2.263549000,1.482158
335,336,336,337,0.790557798,True,353.377300,-312.169800,2.263549000,352.430700,-311.029300,2.263549000,1.482158
336,337,337,338,0.784405784,True,352.430700,-311.029300,2.263549000,351.484200,-309.888800,2.263549000,1.482094
337,338,338,339,0.754244989,True,351.484200,-309.888800,2.263549000,350.537600,-308.748400,2.263549000,1.482081
338,339,339,340,0.748111990,True,350.537600,-308.748400,2.263549000,349.591100,-307.607900,2.263549000,1.482094
339,340,339,340,0.732000938,True,349.591100,-307.607900,2.263549000,349.591100,-307.607900,2.263549000,0.000000
340,341,341,342,0.730834499,True,348.644500,-306.467400,2.263549000,347.697900,-305.327000,2.263549000,1.482081
341,342,341,342,0.751317978,True,347.697900,-305.327000,2.263549000,347.697900,-305.327000,2.263549000,0.000000
342,343,343,344,0.765815371,True,346.751400,-304.186500,2.263549000,345.804800,-303.046000,2.263549000,1.482158
343,344,344,345,0.752816592,True,345.804800,-303.046000,2.263549000,344.858300,-301.905600,2.263549000,1.482017
344,345,344,345,0.757069526,True,344.858300,-301.905600,2.263549000,344.858300,-301.905600,2.263549000,0.000000
345,346,346,347,0.763106520,True,343.911700,-300.765100,2.271182000,342.965100,-299.624600,2.312862000,1.482158
346,347,347,348,0.754637507,True,342.965100,-299.624600,2.312862000,342.018600,-298.484200,2.416515000,1.482017
347,348,347,348,0.773355240,True,342.018600,-298.484200,2.416515000,342.018600,-298.484200,2.416515000,0.000000
348,349,349,350,0.785818561,True,341.072000,-297.343700,2.613796000,340.125500,-296.351200,2.873196000,1.371466
349,350,349,350,0.814623209,True,340.125500,-296.351200,2.873196000,340.125500,-296.351200,2.873196000,0.000000
350,351,351,352,0.824045805,True,339.150600,-295.612600,3.136989000,338.157000,-295.127700,-2.902244000,1.105608
351,352,351,352,0.813058504,True,338.157000,-295.127700,-2.902244000,338.157000,-295.127700,-2.902244000,0.000000
352,353,352,353,0.819968877,True,337.154400,-294.896200,-2.692361000,337.154400,-294.896200,-2.692361000,0.000000
353,354,353,354,0.819354609,True,336.152500,-294.917900,-2.522212000,336.152500,-294.917900,-2.522212000,0.000000
354,355,354,355,0.819411788,True,335.161000,-295.192700,-2.388495000,335.161000,-295.192700,-2.388495000,0.000000
355,356,355,356,0.820763073,True,334.189500,-295.720300,-2.294979000,334.189500,-295.720300,-2.294979000,0.000000
356,357,356,357,0.851767323,True,333.247700,-296.500600,-2.238895000,333.247700,-296.500600,-2.238895000,0.000000
357,358,357,358,0.852355317,True,332.345300,-297.533300,-2.219980000,332.345300,-297.533300,-2.219980000,0.000000
358,359,358,359,0.850302362,True,331.515800,-298.626300,-2.219980000,331.515800,-298.626300,-2.219980000,0.000000
359,360,359,360,0.846513632,True,330.686200,-299.719300,-2.219980000,330.686200,-299.719300,-2.219980000,0.000000
360,361,360,361,0.845469514,True,329.856700,-300.812400,-2.219980000,329.856700,-300.812400,-2.219980000,0.000000
361,362,361,362,0.847058939,True,329.027200,-301.905400,-2.219980000,329.027200,-301.905400,-2.219980000,0.000000
362,363,362,363,0.845888617,True,328.197700,-302.998400,-2.219980000,328.197700,-302.998400,-2.219980000,0.000000
363,364,363,364,0.844997549,True,327.368200,-304.091400,-2.219980000,327.368200,-304.091400,-2.219980000,0.000000
364,365,364,365,0.865384245,True,326.538700,-305.184500,-2.219980000,326.538700,-305.184500,-2.219980000,0.000000
365,366,365,366,0.869733728,True,325.709100,-306.277500,-2.313787000,325.709100,-306.277500,-2.313787000,0.000000
366,367,366,367,0.865305073,True,324.879600,-307.370500,-2.465364000,324.879600,-307.370500,-2.465364000,0.000000
367,368,367,368,0.852583479,True,324.050100,-308.463500,-2.618196000,324.050100,-308.463500,-2.618196000,0.000000
368,369,368,369,0.856152792,True,323.220600,-309.556600,-2.765395000,323.220600,-309.556600,-2.765395000,0.000000
369,370,369,370,0.884258838,True,321.842900,-310.100800,-2.765395000,321.842900,-310.100800,-2.765395000,0.000000
370,371,371,372,0.871954914,True,320.465200,-310.645000,-2.765395000,319.087500,-311.189200,-2.765395000,1.481287
371,372,371,372,0.868509407,True,319.087500,-311.189200,-2.765395000,319.087500,-311.189200,-2.765395000,0.000000
372,373,372,373,0.876053207,True,317.709800,-311.733400,-2.765395000,317.709800,-311.733400,-2.765395000,0.000000
373,374,373,374,0.898876771,True,316.332100,-312.277600,-2.765395000,316.332100,-312.277600,-2.765395000,0.000000
374,375,375,376,0.872191239,True,314.954400,-312.821800,-2.765395000,313.576600,-313.366000,-2.765395000,1.481380
375,376,375,376,0.878046267,True,313.576600,-313.366000,-2.765395000,313.576600,-313.366000,-2.765395000,0.000000
376,377,376,377,0.879780779,True,312.198900,-313.910200,-2.765395000,312.198900,-313.910200,-2.765395000,0.000000
377,378,378,379,0.867118895,True,310.821200,-314.454400,-2.765395000,309.443500,-314.998700,-2.765395000,1.481324
378,379,379,380,0.842131102,True,309.443500,-314.998700,-2.765395000,308.065800,-315.542900,-2.765395000,1.481287
379,380,379,380,0.847294505,True,308.065800,-315.542900,-2.765395000,308.065800,-315.542900,-2.765395000,0.000000
380,381,380,381,0.830781157,True,306.688100,-316.087100,-2.802120000,306.688100,-316.087100,-2.802120000,0.000000
381,382,381,382,0.856551899,True,305.310400,-316.631300,-2.901422000,305.310400,-316.631300,-2.901422000,0.000000
382,383,383,384,0.861725129,True,303.932700,-317.175500,-3.001341000,302.555000,-317.719700,-3.099910000,1.481287
383,384,383,384,0.869151717,True,302.555000,-317.719700,-3.099910000,302.555000,-317.719700,-3.099910000,0.000000
384,385,384,385,0.867550775,True,301.067900,-317.781700,-3.099910000,301.067900,-317.781700,-3.099910000,0.000000
385,386,385,386,0.899920212,True,299.580800,-317.843700,-3.099910000,299.580800,-317.843700,-3.099910000,0.000000
386,387,386,387,0.908797059,True,298.093800,-317.905800,-3.099910000,298.093800,-317.905800,-3.099910000,0.000000
387,388,387,388,0.929206893,True,296.606700,-317.967800,-3.099910000,296.606700,-317.967800,-3.099910000,0.000000
388,389,388,389,0.926632870,True,295.119600,-318.029800,-3.099910000,295.119600,-318.029800,-3.099910000,0.000000
389,390,389,390,0.904840298,True,293.632600,-318.091800,-3.099910000,293.632600,-318.091800,-3.099910000,0.000000
390,391,390,391,0.915847132,True,292.145500,-318.153800,-3.099910000,292.145500,-318.153800,-3.099910000,0.000000
391,392,391,392,0.908722563,True,290.658400,-318.215900,-3.116399000,290.658400,-318.215900,-3.116399000,0.000000
392,393,392,393,0.937172955,True,289.171300,-318.277900,3.120758000,289.171300,-318.277900,3.120758000,0.000000
393,394,393,394,0.897039629,True,287.684300,-318.339900,3.074667000,287.684300,-318.339900,3.074667000,0.000000
394,395,395,396,0.859542024,True,286.197200,-318.401900,3.028709000,284.734500,-318.236100,3.028709000,1.472067
395,396,395,396,0.852648112,True,284.734500,-318.236100,3.028709000,284.734500,-318.236100,3.028709000,0.000000
396,397,397,398,0.848194291,True,283.271700,-318.070300,3.028709000,281.809000,-317.904500,3.028709000,1.472067
397,398,397,398,0.840526757,True,281.809000,-317.904500,3.028709000,281.809000,-317.904500,3.028709000,0.000000
398,399,398,399,0.824264429,True,280.346300,-317.738600,3.028709000,280.346300,-317.738600,3.028709000,0.000000
399,400,399,400,0.825539111,True,278.883500,-317.572800,3.028709000,278.883500,-317.572800,3.028709000,0.000000
400,401,401,402,0.802456072,True,277.420800,-317.407000,3.028709000,275.958100,-317.241200,3.028709000,1.472067
401,402,402,403,0.788809920,True,275.958100,-317.241200,3.028709000,274.495300,-317.075300,3.028709000,1.472178
402,403,402,403,0.795296328,True,274.495300,-317.075300,3.028709000,274.495300,-317.075300,3.028709000,0.000000
403,404,404,405,0.788633778,True,273.032600,-316.909500,3.028709000,271.569900,-316.743700,3.028709000,1.472067
404,405,404,405,0.798460063,True,271.569900,-316.743700,3.028709000,271.569900,-316.743700,3.028709000,0.000000
405,406,406,407,0.779309726,True,270.107100,-316.577900,3.028709000,268.644400,-316.412100,3.028709000,1.472067
406,407,406,407,0.789349992,True,268.644400,-316.412100,3.028709000,268.644400,-316.412100,3.028709000,0.000000
407,408,408,409,0.798074448,True,267.181700,-316.246200,3.028709000,265.718900,-316.080400,3.028709000,1.472166
408,409,408,409,0.800934681,True,265.718900,-316.080400,3.028709000,265.718900,-316.080400,3.028709000,0.000000
409,410,409,410,0.796762007,True,264.256200,-315.914600,3.024555000,264.256200,-315.914600,3.024555000,0.000000
410,411,410,411,0.824744399,True,262.793500,-315.748800,2.999861000,262.793500,-315.748800,2.999861000,0.000000
411,412,411,412,0.819739755,True,261.330700,-315.582900,2.912166000,261.330700,-315.582900,2.912166000,0.000000
412,413,413,414,0.829789921,True,259.868000,-315.417100,2.705987000,259.119600,-315.305200,2.567921000,0.756719
413,414,413,414,0.803156587,True,259.119600,-315.305200,2.567921000,259.119600,-315.305200,2.567921000,0.000000
414,415,415,416,0.799077599,True,258.371300,-315.193200,2.413760000,257.224800,-314.863700,2.195106000,1.192909
415,416,415,416,0.796468904,True,257.224800,-314.863700,2.195106000,257.224800,-314.863700,2.195106000,0.000000
416,417,416,417,0.784570571,True,256.345900,-314.363500,2.054505000,256.345900,-314.363500,2.054505000,0.000000
417,418,417,418,0.797567860,True,255.652000,-313.627900,1.973216000,255.652000,-313.627900,1.973216000,0.000000
418,419,419,420,0.808560665,True,255.060500,-312.591900,1.933439000,254.774600,-311.891300,2.016152000,0.756690
419,420,419,420,0.813942877,True,254.774600,-311.891300,2.016152000,254.774600,-311.891300,2.016152000,0.000000
420,421,420,421,0.810836464,True,254.488700,-311.190700,2.128387000,254.488700,-311.190700,2.128387000,0.000000
421,422,421,422,0.805600298,True,254.070300,-310.051100,2.327298000,254.070300,-310.051100,2.327298000,0.000000
422,423,422,423,0.815862048,True,253.651900,-308.911600,2.525868000,253.651900,-308.911600,2.525868000,0.000000
423,424,423,424,0.812012131,True,253.233500,-307.772000,2.712850000,253.233500,-307.772000,2.712850000,0.000000
424,425,424,425,0.820229359,True,252.137100,-307.264400,2.733382000,252.137100,-307.264400,2.733382000,0.000000
425,426,425,426,0.832075570,True,251.040700,-306.756900,2.791019000,251.040700,-306.756900,2.791019000,0.000000
426,427,426,427,0.831517930,True,249.944300,-306.249300,2.912004000,249.944300,-306.249300,2.912004000,0.000000
427,428,427,428,0.837989484,True,249.205700,-305.922900,3.020110000,249.205700,-305.922900,3.020110000,0.000000
428,429,428,429,0.815601025,True,248.467000,-305.596600,3.136790000,248.467000,-305.596600,3.136790000,0.000000
429,430,429,430,0.820093514,True,247.297800,-305.193700,-2.980240000,247.297800,-305.193700,-2.980240000,0.000000
430,431,430,431,0.828592776,True,246.277800,-305.034300,-2.875693000,246.277800,-305.034300,-2.875693000,0.000000
431,432,431,432,0.810175210,True,245.248400,-305.112100,-2.818339000,245.248400,-305.112100,-2.818339000,0.000000
432,433,432,433,0.815739476,True,244.050900,-305.420800,-2.793171000,244.050900,-305.420800,-2.793171000,0.000000
433,434,433,434,0.852233514,True,243.288600,-305.687400,-2.707585000,243.288600,-305.687400,-2.707585000,0.000000
434,435,435,436,0.815918619,True,242.526400,-305.954100,-2.579073000,241.393100,-306.373100,-2.380974000,1.208276
435,436,435,436,0.803311477,True,241.393100,-306.373100,-2.380974000,241.393100,-306.373100,-2.380974000,0.000000
436,437,436,437,0.802926909,True,240.259700,-306.792000,-2.185197000,240.259700,-306.792000,-2.185197000,0.000000
437,438,437,438,0.817322927,True,239.126300,-307.211000,-2.012961000,239.126300,-307.211000,-2.012961000,0.000000
438,439,438,439,0.835980316,True,238.618900,-308.313700,-2.053357000,238.618900,-308.313700,-2.053357000,0.000000
439,440,439,440,0.815849028,True,238.111500,-309.416400,-2.158785000,238.111500,-309.416400,-2.158785000,0.000000
440,441,440,441,0.845090583,True,237.604100,-310.519100,-2.352112000,237.604100,-310.519100,-2.352112000,0.000000
441,442,441,442,0.842582638,True,236.928100,-311.845300,-2.655502000,236.928100,-311.845300,-2.655502000,0.000000
442,443,442,443,0.849357506,True,236.248700,-312.810900,-2.882923000,236.248700,-312.810900,-2.882923000,0.000000
443,444,443,444,0.844343113,True,235.486300,-313.465400,-3.029859000,235.486300,-313.465400,-3.029859000,0.000000
444,445,444,445,0.858256627,True,234.561400,-313.857900,-3.115771000,234.561400,-313.857900,-3.115771000,0.000000
445,446,445,446,0.888826745,True,233.394500,-314.037700,3.124508000,233.394500,-314.037700,3.124508000,0.000000
446,447,446,447,0.905372074,True,231.906100,-314.054300,3.112554000,231.906100,-314.054300,3.112554000,0.000000
447,448,447,448,0.901617318,True,230.427800,-314.011400,3.112554000,230.427800,-314.011400,3.112554000,0.000000
448,449,448,449,0.887783440,True,228.949500,-313.968400,3.112554000,228.949500,-313.968400,3.112554000,0.000000
449,450,450,451,0.876881000,True,227.471300,-313.925500,3.112554000,225.993000,-313.882500,3.112554000,1.478925
450,451,450,451,0.901444178,True,225.993000,-313.882500,3.112554000,225.993000,-313.882500,3.112554000,0.000000
451,452,451,452,0.895722906,True,224.514700,-313.839600,3.112554000,224.514700,-313.839600,3.112554000,0.000000
452,453,452,453,0.920766420,True,223.036400,-313.796700,3.112554000,223.036400,-313.796700,3.112554000,0.000000
453,454,453,454,0.917178356,True,221.558100,-313.753700,3.112554000,221.558100,-313.753700,3.112554000,0.000000
454,455,454,455,0.912851253,True,220.079800,-313.710800,3.112554000,220.079800,-313.710800,3.112554000,0.000000
455,456,455,456,0.942831428,True,218.601600,-313.667800,3.112554000,218.601600,-313.667800,3.112554000,0.000000
456,457,456,457,0.934229754,True,217.123300,-313.624900,3.112554000,217.123300,-313.624900,3.112554000,0.000000
457,458,457,458,0.957599835,True,215.645000,-313.582000,3.112554000,215.645000,-313.582000,3.112554000,0.000000
458,459,459,460,0.983811355,True,214.166700,-313.539000,3.112554000,212.688400,-313.496100,3.112554000,1.478922
459,460,460,461,0.958349707,True,212.688400,-313.496100,3.112554000,211.210100,-313.453100,3.112554000,1.478925
460,461,460,461,0.964569853,True,211.210100,-313.453100,3.112554000,211.210100,-313.453100,3.112554000,0.000000
461,462,462,463,0.954391872,True,209.731800,-313.410200,3.112554000,208.253600,-313.367300,3.112554000,1.478822
462,463,462,463,0.942770226,True,208.253600,-313.367300,3.112554000,208.253600,-313.367300,3.112554000,0.000000
463,464,463,464,0.971264928,True,206.775300,-313.324300,3.112554000,206.775300,-313.324300,3.112554000,0.000000
464,465,465,466,0.962200614,True,205.297000,-313.281400,3.112554000,203.818700,-313.238400,3.112554000,1.478925
465,466,465,466,0.970143763,True,203.818700,-313.238400,3.112554000,203.818700,-313.238400,3.112554000,0.000000
466,467,466,467,0.979153022,True,202.340400,-313.195500,3.112554000,202.340400,-313.195500,3.112554000,0.000000
467,468,468,469,0.963892611,True,200.862100,-313.152600,3.112554000,199.383800,-313.109600,3.112554000,1.478925
468,469,469,470,0.964097731,True,199.383800,-313.109600,3.112554000,197.905600,-313.066700,3.112554000,1.478822
469,470,471,472,0.957972496,True,197.905600,-313.066700,3.112554000,194.949000,-312.980800,3.112554000,2.957848
470,471,471,472,0.970465797,True,196.427300,-313.023700,3.112554000,194.949000,-312.980800,3.112554000,1.478922
471,472,473,474,0.975506037,True,194.949000,-312.980800,3.112554000,191.992400,-312.894900,-3.139511000,2.957848
472,473,474,475,0.970953745,True,193.470700,-312.937900,3.121133000,190.514100,-312.852000,-3.116962000,2.957848
473,474,474,475,0.986995440,True,191.992400,-312.894900,-3.139511000,190.514100,-312.852000,-3.116962000,1.478922
474,475,903,904,0.995123959,True,190.514100,-312.852000,-3.116962000,352.258100,-656.067300,-0.502997000,379.417796
475,476,891,892,0.993765153,True,189.035800,-312.809000,-3.094429000,336.613100,-647.373300,-0.507208000,365.666966
476,477,477,478,0.970173373,True,187.540500,-312.879600,-3.094429000,186.045200,-312.950200,-3.094429000,1.496966
477,478,478,479,0.993288778,True,186.045200,-312.950200,-3.094429000,184.549800,-313.020800,-3.094429000,1.497066
478,479,635,636,0.980505890,True,184.549800,-313.020800,-3.094429000,84.006000,-484.820300,-1.381090000,199.058092
479,480,846,847,0.988421253,True,183.054500,-313.091300,-3.094429000,277.129000,-618.358400,-0.391148000,319.433896
480,481,848,849,0.996436302,True,181.559100,-313.161900,-3.094429000,279.814100,-619.465700,-0.391148000,321.676954
481,482,848,849,0.994781306,True,180.063800,-313.232500,-3.094429000,279.814100,-619.465700,-0.391148000,322.069705
482,483,848,849,0.981552382,True,178.568400,-313.303100,-3.094429000,279.814100,-619.465700,-0.391148000,322.468959
483,484,891,892,0.998682804,True,177.073100,-313.373700,-3.094429000,336.613100,-647.373300,-0.507208000,370.146923
484,485,447,448,0.994912903,True,175.577700,-313.444200,-3.094429000,230.427800,-314.011400,3.112554000,54.853033
485,486,447,448,0.993753609,True,174.082400,-313.514800,-3.094429000,230.427800,-314.011400,3.112554000,56.347588
486,487,484,485,0.986851109,True,172.587000,-313.585400,-3.094429000,175.577700,-313.444200,-3.094429000,2.994031
487,488,451,452,0.997898040,True,171.091700,-313.656000,-3.094429000,224.514700,-313.839600,3.112554000,53.423315
488,489,484,485,0.990988528,True,169.596400,-313.726600,-3.094429000,175.577700,-313.444200,-3.094429000,5.987963
489,490,485,486,0.997193862,True,168.101000,-313.797100,-3.094429000,174.082400,-313.514800,-3.094429000,5.988058
490,491,451,452,0.994474929,True,166.605700,-313.867700,-3.094429000,224.514700,-313.839600,3.112554000,57.909007
491,492,485,486,0.995433939,True,165.110300,-313.938300,-3.094429000,174.082400,-313.514800,-3.094429000,8.982089
492,493,824,825,0.995840493,True,163.615000,-314.008900,-3.094429000,247.543900,-606.109800,-0.393477000,303.919391
493,494,895,896,0.994608399,True,162.119600,-314.079400,-3.094429000,341.828100,-650.271300,-0.507208000,381.208786
494,495,884,885,0.977089481,True,160.624300,-314.150000,-3.094429000,327.486800,-642.301900,-0.507208000,368.139598
495,496,954,955,0.997285748,True,159.128900,-314.220600,-3.094429000,419.536400,-690.200800,-0.467132000,457.354542
496,497,496,497,0.999269302,True,157.633600,-314.291200,-3.094429000,157.633600,-314.291200,-3.094429000,0.000000
497,498,648,649,0.999602964,True,156.138200,-314.361800,-3.094429000,87.652100,-503.809000,-1.358319000,201.446240
498,499,461,462,0.993238758,True,154.642900,-314.432300,-3.094429000,209.731800,-313.410200,3.112554000,55.098381
499,500,650,651,0.995070953,True,153.147600,-314.502900,-3.094429000,88.213100,-506.730300,-1.324871000,202.898651
500,501,461,462,0.984113948,True,151.652200,-314.573500,-3.094429000,209.731800,-313.410200,3.112554000,58.091249
501,502,460,461,0.999528663,True,150.156900,-314.644100,-3.034439000,211.210100,-313.453100,3.112554000,61.064816
502,503,462,463,0.987814042,True,148.661500,-314.714700,-2.848650000,208.253600,-313.367300,3.112554000,59.607331
503,504,462,463,0.998789476,True,147.166200,-314.785200,-2.658459000,208.253600,-313.367300,3.112554000,61.103853
504,505,864,865,0.992079915,True,145.670800,-314.855800,-2.476999000,301.295200,-628.324400,-0.406057000,349.973595
505,506,836,837,0.999706407,True,144.512000,-315.763700,-2.476999000,263.699600,-612.816400,-0.391827000,320.071852
506,507,866,867,0.990717423,True,143.353200,-316.671700,-2.476999000,303.980300,-629.431800,-0.473521000,351.596282
507,508,658,659,0.997717648,True,142.194400,-317.579600,-2.476999000,91.081800,-518.159100,-1.324871000,206.989453
508,509,469,470,0.969789052,True,141.035600,-318.487500,-2.476999000,197.905600,-313.066700,3.112554000,57.127769
509,510,891,892,0.996070432,True,139.876700,-319.395400,-2.476999000,336.613100,-647.373300,-0.507208000,382.458774
510,511,469,470,0.992288448,True,138.717900,-320.303400,-2.476999000,197.905600,-313.066700,3.112554000,59.628463
511,512,891,892,0.991811077,True,137.559100,-321.211300,-2.476999000,336.613100,-647.373300,-0.507208000,382.104888
512,513,471,472,0.992186770,True,136.400300,-322.119200,-2.476999000,194.949000,-312.980800,3.112554000,59.257579
513,514,471,472,0.983606399,True,135.241500,-323.027100,-2.476999000,194.949000,-312.980800,3.112554000,60.546789
514,515,890,891,0.990424799,True,134.082700,-323.935000,-2.476999000,335.309300,-646.648800,-0.507208000,380.310848
515,516,890,891,0.997238209,True,132.923800,-324.843000,-2.476999000,335.309300,-646.648800,-0.507208000,380.156367
516,517,891,892,0.982142553,True,131.765000,-325.750900,-2.476999000,336.613100,-647.373300,-0.507208000,381.318387
517,518,521,522,0.995187307,True,130.606200,-326.658800,-2.476999000,125.970900,-330.290500,-2.476999000,5.888570
518,519,439,440,0.999853299,True,129.447400,-327.566700,-2.476999000,238.111500,-309.416400,-2.158785000,110.169506
519,520,520,521,0.995681759,True,128.288600,-328.474700,-2.476999000,127.129800,-329.382600,-2.476999000,1.472107
520,521,521,522,0.984295741,True,127.129800,-329.382600,-2.476999000,125.970900,-330.290500,-2.476999000,1.472186
521,522,521,522,0.989420979,True,125.970900,-330.290500,-2.476999000,125.970900,-330.290500,-2.476999000,0.000000
522,523,525,526,0.985957435,True,124.812100,-331.198400,-2.476999000,121.335700,-333.922200,-2.476999000,4.416384
523,524,526,527,0.993424425,True,123.653300,-332.106400,-2.476999000,120.176900,-334.830100,-2.476999000,4.416322
524,525,445,446,0.985243378,True,122.494500,-333.014300,-2.476999000,233.394500,-314.037700,3.124508000,112.511872
525,526,529,530,0.994141860,True,121.335700,-333.922200,-2.476999000,116.700400,-337.553900,-2.044947000,5.888570
526,527,529,530,0.994285025,True,120.176900,-334.830100,-2.476999000,116.700400,-337.553900,-2.044947000,4.416462
527,528,529,530,0.980780907,True,119.018000,-335.738100,-2.409039000,116.700400,-337.553900,-2.044947000,2.944215
528,529,530,531,0.980007062,True,117.859200,-336.646000,-2.228819000,115.541600,-338.461800,-1.869313000,2.944215
529,530,531,532,0.987937216,True,116.700400,-337.553900,-2.044947000,115.106700,-339.875200,-1.869313000,2.815726
530,531,531,532,0.995390000,True,115.541600,-338.461800,-1.869313000,115.106700,-339.875200,-1.869313000,1.478796
531,532,533,534,0.995686400,True,115.106700,-339.875200,-1.869313000,114.236900,-342.701900,-1.869313000,2.957496
532,533,533,534,0.991480083,True,114.671800,-341.288500,-1.869313000,114.236900,-342.701900,-1.869313000,1.478796
533,534,241,242,0.979350476,True,114.236900,-342.701900,-1.869313000,318.758600,-439.261000,1.484764000,226.169816
534,535,802,803,0.998831785,True,113.802000,-344.115200,-1.869313000,220.962200,-608.989400,0.671960000,285.730030
535,536,884,885,0.980168738,True,113.367100,-345.528500,-1.869313000,327.486800,-642.301900,-0.507208000,365.953135
536,537,975,976,0.991233941,True,112.932200,-346.941900,-1.869313000,447.407900,-703.551900,-0.320988000,488.921963
537,538,661,662,0.999403807,True,112.497300,-348.355200,-1.869313000,92.157500,-522.444800,-1.324871000,175.273775
538,539,976,977,0.997037400,True,112.062400,-349.768600,-1.869313000,448.777500,-704.007300,-0.320988000,488.735220
539,540,242,243,0.997931380,True,111.627500,-351.181900,-1.869313000,318.885900,-437.785000,1.457458000,224.624445
540,541,444,445,0.983233133,True,111.192600,-352.595200,-1.869313000,234.561400,-313.857900,-3.115771000,129.307537
541,542,445,446,0.997127193,True,110.757700,-354.008600,-1.869313000,233.394500,-314.037700,3.124508000,128.986269
542,543,975,976,0.997896266,True,110.322800,-355.421900,-1.869313000,447.407900,-703.551900,-0.320988000,484.583183
543,544,243,244,0.996560493,True,109.887900,-356.835300,-1.869313000,319.013200,-436.309000,1.384038000,223.717367
544,545,1017,1018,0.999992089,True,109.453000,-358.248600,-1.869313000,504.935400,-706.287100,0.523167000,526.817925
545,546,975,976,0.995433239,True,109.018100,-359.661900,-1.869313000,447.407900,-703.551900,-0.320988000,482.460350
546,547,897,898,0.989897375,True,108.583200,-361.075300,-1.869313000,344.435600,-651.720300,-0.507208000,374.300508
547,548,251,252,0.989805424,True,108.148300,-362.488600,-1.869313000,322.206200,-424.876800,1.237245000,222.964284
548,549,230,231,0.985719555,True,107.713400,-363.902000,-1.869313000,317.358300,-455.497100,1.484764000,228.780782
549,550,819,820,0.995134237,True,107.278500,-365.315300,-1.869313000,240.812400,-603.315400,-0.393477000,272.901722
550,551,270,271,0.996642296,True,106.843600,-366.728600,-1.869313000,331.511000,-398.022900,1.156712000,226.836447
551,552,270,271,0.985779424,True,106.408700,-368.142000,-1.869313000,331.511000,-398.022900,1.156712000,227.076889
552,553,860,861,0.997506767,True,105.973800,-369.555300,-1.869313000,295.924900,-626.109800,-0.391148000,319.220350
553,554,836,837,0.998350032,True,105.538900,-370.968700,-1.869313000,263.699600,-612.816400,-0.391827000,288.972519
554,555,250,251,0.998407826,True,105.104000,-372.382000,-1.869313000,321.716400,-426.290100,1.237245000,223.219657
555,556,863,864,0.987805333,True,104.669100,-373.795300,-1.869313000,299.952600,-627.770800,-0.391148000,320.373532
556,557,270,271,0.999774613,True,104.234200,-375.208700,-1.869313000,331.511000,-398.022900,1.156712000,228.418982
557,558,268,269,0.997453317,True,103.799300,-376.622000,-1.869313000,330.531500,-400.849600,1.237245000,228.022953
558,559,865,866,0.998323009,True,103.364400,-378.035400,-1.869313000,302.637800,-628.878100,-0.439778000,320.362214
559,560,278,279,0.995016938,True,102.929500,-379.448700,-1.869313000,336.982600,-387.602600,1.036594000,234.195089
560,561,265,266,0.999746072,True,102.494600,-380.862000,-1.869313000,329.062300,-405.089700,1.237245000,227.859396
561,562,1046,1047,0.996290016,True,102.059700,-382.275400,-1.869313000,529.519000,-674.880800,1.302063000,518.014839
562,563,267,268,0.998679970,True,101.624800,-383.688700,-1.869313000,330.041800,-402.263000,1.237245000,229.170963
563,564,270,271,0.977987806,True,101.189900,-385.102100,-1.869313000,331.511000,-398.022900,1.156712000,230.683238
564,565,270,271,0.984383153,True,100.755000,-386.515400,-1.869313000,331.511000,-398.022900,1.156712000,231.042754
565,566,270,271,0.990509723,True,100.320100,-387.928700,-1.869313000,331.511000,-398.022900,1.156712000,231.411160
566,567,271,272,0.995505739,True,99.885200,-389.342100,-1.869313000,332.000700,-396.609500,1.096507000,232.229241
567,568,274,275,0.993853583,True,99.450300,-390.755400,-1.869313000,333.987800,-392.665000,1.036594000,234.545274
568,569,275,276,0.979075366,True,99.015400,-392.168800,-1.865005000,334.736500,-391.399400,1.036594000,235.722356
569,570,275,276,0.988997671,True,98.580500,-393.582100,-1.853702000,334.736500,-391.399400,1.036594000,236.166087
570,571,891,892,0.994905015,True,98.145600,-394.995400,-1.842399000,336.613100,-647.373300,-0.507208000,347.219459
571,572,849,850,0.990554087,True,97.710600,-396.408800,-1.831098000,281.156700,-620.019400,-0.391148000,289.230310
572,573,849,850,0.991010829,True,97.329000,-397.841800,-1.831098000,281.156700,-620.019400,-0.391148000,288.366970
573,574,850,851,0.972325917,True,96.947300,-399.274800,-1.831098000,282.499300,-620.573000,-0.391148000,288.794803
574,575,449,450,0.997579058,True,96.565600,-400.707800,-1.831098000,227.471300,-313.925500,3.112554000,157.058810
575,576,895,896,0.989440918,True,96.184000,-402.140800,-1.831098000,341.828100,-650.271300,-0.507208000,349.155795
576,577,276,277,0.999853111,True,95.802300,-403.573800,-1.831098000,335.485200,-390.133800,1.036594000,240.059422
577,578,459,460,0.992552911,True,95.420600,-405.006800,-1.831098000,212.688400,-313.496100,3.112554000,148.747925
578,579,274,275,0.993765043,True,95.038900,-406.439800,-1.831098000,333.987800,-392.665000,1.036594000,239.345612
579,580,850,851,0.984067806,True,94.657300,-407.872800,-1.831098000,282.499300,-620.573000,-0.391148000,283.771020
580,581,1043,1044,0.991315879,True,94.275600,-409.305800,-1.831098000,528.391100,-678.976500,1.302063000,511.056312
581,582,463,464,0.995526323,True,93.893900,-410.738800,-1.831098000,206.775300,-313.324300,3.112554000,149.103304
582,583,463,464,0.998808743,True,93.512300,-412.171800,-1.831098000,206.775300,-313.324300,3.112554000,150.330753
583,584,271,272,0.999173682,True,93.130600,-413.604800,-1.831098000,332.000700,-396.609500,1.096507000,239.473934
584,585,273,274,0.997011296,True,92.748900,-415.037800,-1.831098000,333.239100,-393.930600,1.036594000,241.414685
585,586,467,468,0.985498539,True,92.367200,-416.470800,-1.831098000,200.862100,-313.152600,3.112554000,149.819204
586,587,468,469,0.994361246,True,91.985600,-417.903800,-1.831098000,199.383800,-313.109600,3.112554000,150.053983
587,588,469,470,0.998300160,True,91.603900,-419.336800,-1.831098000,197.905600,-313.066700,3.112554000,150.310963
588,589,469,470,0.989808596,True,91.222200,-420.769800,-1.831098000,197.905600,-313.066700,3.112554000,151.595863
589,590,469,470,0.985569472,True,90.840600,-422.202800,-1.831098000,197.905600,-313.066700,3.112554000,152.884278
590,591,470,471,0.983786576,True,90.458900,-423.635800,-1.831098000,196.427300,-313.023700,3.112554000,153.180738
591,592,471,472,0.947817826,True,90.077200,-425.068800,-1.831098000,194.949000,-312.980800,3.112554000,153.498580
592,593,471,472,0.988896853,True,89.695500,-426.501800,-1.831098000,194.949000,-312.980800,3.112554000,154.807354
593,594,472,473,0.981940818,True,89.313900,-427.934800,-1.831098000,193.470700,-312.937900,3.121133000,155.154523
594,595,474,475,0.996065848,True,88.932200,-429.367800,-1.831098000,190.514100,-312.852000,-3.116962000,154.579475
595,596,981,982,0.999811279,True,88.550500,-430.800800,-1.831098000,455.625600,-706.284200,-0.320988000,458.950142
596,597,662,663,0.982255806,True,88.168800,-432.233800,-1.831098000,92.516100,-523.873400,-1.324871000,91.742658
597,598,663,664,0.988404524,True,87.787200,-433.666800,-1.831098000,92.874700,-525.302000,-1.324871000,91.776318
598,599,664,665,0.996851692,True,87.405500,-435.099800,-1.831098000,93.233300,-526.730600,-1.324871000,91.815940
599,600,666,667,0.989341244,True,87.023800,-436.532800,-1.831098000,93.950500,-529.587800,-1.324871000,93.312444
600,601,274,275,0.983652030,True,86.642200,-437.965800,-1.831098000,333.987800,-392.665000,1.036594000,251.459755
601,602,274,275,0.997634879,True,86.260500,-439.398800,-1.831098000,333.987800,-392.665000,1.036594000,252.096932
602,603,275,276,0.983879809,True,85.878800,-440.831800,-1.831098000,334.736500,-391.399400,1.036594000,253.719761
603,604,277,278,0.995024797,True,85.497100,-442.264800,-1.831098000,336.233900,-388.868200,1.036594000,256.359396
604,605,277,278,0.992072632,True,85.115500,-443.697800,-1.831098000,336.233900,-388.868200,1.036594000,257.034503
605,606,837,838,0.998993714,True,84.733800,-445.130800,-1.831098000,265.045900,-613.375300,-0.391148000,246.614406
606,607,838,839,0.997622302,True,84.352100,-446.563800,-1.831098000,266.388400,-613.929000,-0.391148000,247.281873
607,608,838,839,0.991509817,True,83.970500,-447.996800,-1.831098000,266.388400,-613.929000,-0.391148000,246.596402
608,609,663,664,0.995295396,True,83.588800,-449.429800,-1.831098000,92.874700,-525.302000,-1.324871000,76.438332
609,610,281,282,0.996755188,True,83.207100,-450.862800,-1.831098000,339.228700,-383.805800,1.036594000,264.657705
610,611,837,838,0.988805891,True,82.825400,-452.295800,-1.831098000,265.045900,-613.375300,-0.391148000,243.209613
611,612,283,284,0.998834888,True,82.443800,-453.728800,-1.831098000,340.726000,-381.274700,1.036594000,268.252291
612,613,817,818,0.990253482,True,82.062100,-455.161800,-1.830367000,238.119800,-602.197600,-0.393477000,214.414394
613,614,817,818,0.989455345,True,81.680400,-456.594800,-1.825315000,238.119800,-602.197600,-0.393477000,213.713503
614,615,818,819,0.993171575,True,81.298800,-458.027800,-1.798331000,239.466100,-602.756500,-0.393477000,214.390511
615,616,819,820,0.984521149,True,80.917100,-459.460800,-1.723924000,240.812400,-603.315400,-0.393477000,215.082898
616,617,820,821,0.997243807,True,80.706100,-460.274600,-1.658288000,242.158700,-603.874200,-0.393477000,216.073569
617,618,820,821,0.987236208,True,80.495100,-461.088400,-1.588468000,242.158700,-603.874200,-0.393477000,215.691688
618,619,821,822,0.989226769,True,80.233000,-462.318900,-1.489468000,243.505000,-604.433100,-0.393477000,216.458291
619,620,822,823,0.960099956,True,80.123500,-463.353400,-1.428217000,244.851300,-604.992000,-0.393477000,217.248110
620,621,823,824,0.964314678,True,80.159700,-464.393100,-1.396011000,246.197600,-605.550900,-0.393477000,217.931431
621,622,824,825,0.989293813,True,80.334300,-465.639100,-1.383323000,247.543900,-606.109800,-0.393477000,218.382847
622,623,621,622,0.995740884,True,80.487400,-466.465700,-1.382207000,80.334300,-465.639100,-1.383323000,0.840659
623,624,622,623,0.998074088,True,80.640400,-467.292300,-1.381090000,80.487400,-466.465700,-1.382207000,0.840641
624,625,826,827,0.975761167,True,80.920900,-468.753000,-1.381090000,250.236500,-607.227600,-0.393477000,218.730399
625,626,827,828,0.985123100,True,81.201300,-470.213600,-1.381090000,251.582800,-607.786400,-0.393477000,218.988883
626,627,828,829,0.983757035,True,81.481800,-471.674300,-1.381090000,252.929100,-608.345300,-0.393477000,219.255875
627,628,628,629,0.998133342,True,81.762300,-473.135000,-1.381090000,82.042700,-474.595600,-1.381090000,1.487272
628,629,629,630,0.990250540,True,82.042700,-474.595600,-1.381090000,82.323200,-476.056300,-1.381090000,1.487389
629,630,630,631,0.954112424,True,82.323200,-476.056300,-1.381090000,82.603700,-477.517000,-1.381090000,1.487389
630,631,630,631,0.938124758,True,82.603700,-477.517000,-1.381090000,82.603700,-477.517000,-1.381090000,0.000000
631,632,631,632,0.923323679,True,82.884200,-478.977700,-1.381090000,82.884200,-478.977700,-1.381090000,0.000000
632,633,633,634,0.920611532,True,83.164600,-480.438300,-1.381090000,83.445100,-481.899000,-1.381090000,1.487389
633,634,633,634,0.911767398,True,83.445100,-481.899000,-1.381090000,83.445100,-481.899000,-1.381090000,0.000000
634,635,634,635,0.918740895,True,83.725600,-483.359700,-1.381090000,83.725600,-483.359700,-1.381090000,0.000000
635,636,636,637,0.897069517,True,84.006000,-484.820300,-1.381090000,84.286500,-486.281000,-1.381090000,1.487389
636,637,636,637,0.927659278,True,84.286500,-486.281000,-1.381090000,84.286500,-486.281000,-1.381090000,0.000000
637,638,638,639,0.910368911,True,84.567000,-487.741700,-1.381090000,84.847400,-489.202300,-1.381090000,1.487272
638,639,639,640,0.935986707,True,84.847400,-489.202300,-1.381090000,85.127900,-490.663000,-1.381090000,1.487389
639,640,639,640,0.989025793,True,85.127900,-490.663000,-1.381090000,85.127900,-490.663000,-1.381090000,0.000000
640,641,640,641,0.955917995,True,85.408400,-492.123700,-1.381090000,85.408400,-492.123700,-1.381090000,0.000000
641,642,642,643,0.957328497,True,85.688900,-493.584300,-1.381090000,85.969300,-495.045000,-1.381090000,1.487370
642,643,643,644,0.916064667,True,85.969300,-495.045000,-1.381090000,86.249800,-496.505700,-1.381090000,1.487389
643,644,643,644,0.916871828,True,86.249800,-496.505700,-1.381090000,86.249800,-496.505700,-1.381090000,0.000000
644,645,644,645,0.901312662,True,86.530300,-497.966300,-1.381090000,86.530300,-497.966300,-1.381090000,0.000000
645,646,646,647,0.896722231,True,86.810700,-499.427000,-1.381090000,87.091200,-500.887700,-1.381090000,1.487389
646,647,646,647,0.876727138,True,87.091200,-500.887700,-1.381090000,87.091200,-500.887700,-1.381090000,0.000000
647,648,647,648,0.861936609,True,87.371700,-502.348300,-1.375044000,87.371700,-502.348300,-1.375044000,0.000000
648,649,649,650,0.829345453,True,87.652100,-503.809000,-1.358319000,87.932600,-505.269700,-1.341592000,1.487389
649,650,650,651,0.822278110,True,87.932600,-505.269700,-1.341592000,88.213100,-506.730300,-1.324871000,1.487290
650,651,650,651,0.797025119,True,88.213100,-506.730300,-1.324871000,88.213100,-506.730300,-1.324871000,0.000000
651,652,651,652,0.809600893,True,88.571700,-508.158900,-1.324871000,88.571700,-508.158900,-1.324871000,0.000000
652,653,652,653,0.794132106,True,88.930300,-509.587500,-1.324871000,88.930300,-509.587500,-1.324871000,0.000000
653,654,653,654,0.796911550,True,89.288800,-511.016100,-1.324871000,89.288800,-511.016100,-1.324871000,0.000000
654,655,654,655,0.786596952,True,89.647400,-512.444700,-1.324871000,89.647400,-512.444700,-1.324871000,0.000000
655,656,655,656,0.792224580,True,90.006000,-513.873300,-1.324871000,90.006000,-513.873300,-1.324871000,0.000000
656,657,656,657,0.801868277,True,90.364600,-515.301900,-1.324871000,90.364600,-515.301900,-1.324871000,0.000000
657,658,658,659,0.794805012,True,90.723200,-516.730500,-1.324871000,91.081800,-518.159100,-1.324871000,1.472920
658,659,658,659,0.782901630,True,91.081800,-518.159100,-1.324871000,91.081800,-518.159100,-1.324871000,0.000000
659,660,659,660,0.788440075,True,91.440400,-519.587700,-1.324871000,91.440400,-519.587700,-1.324871000,0.000000
660,661,660,661,0.776618999,True,91.798900,-521.016200,-1.324871000,91.798900,-521.016200,-1.324871000,0.000000
661,662,661,662,0.780243529,True,92.157500,-522.444800,-1.324871000,92.157500,-522.444800,-1.324871000,0.000000
662,663,663,664,0.780815772,True,92.516100,-523.873400,-1.324871000,92.874700,-525.302000,-1.324871000,1.472920
663,664,663,664,0.770861216,True,92.874700,-525.302000,-1.324871000,92.874700,-525.302000,-1.324871000,0.000000
664,665,664,665,0.784655050,True,93.233300,-526.730600,-1.324871000,93.233300,-526.730600,-1.324871000,0.000000
665,666,665,666,0.799906946,True,93.591900,-528.159200,-1.324871000,93.591900,-528.159200,-1.324871000,0.000000
666,667,666,667,0.786730159,True,93.950500,-529.587800,-1.324871000,93.950500,-529.587800,-1.324871000,0.000000
667,668,667,668,0.777765172,True,94.309000,-531.016400,-1.324871000,94.309000,-531.016400,-1.324871000,0.000000
668,669,668,669,0.769956140,True,94.667600,-532.445000,-1.324871000,94.667600,-532.445000,-1.324871000,0.000000
669,670,669,670,0.749829006,True,95.026200,-533.873600,-1.324871000,95.026200,-533.873600,-1.324871000,0.000000
670,671,670,671,0.765983094,True,95.384800,-535.302200,-1.324871000,95.384800,-535.302200,-1.324871000,0.000000
671,672,671,672,0.787506957,True,95.743400,-536.730700,-1.324871000,95.743400,-536.730700,-1.324871000,0.000000
672,673,672,673,0.789474337,True,96.102000,-538.159300,-1.324871000,96.102000,-538.159300,-1.324871000,0.000000
673,674,673,674,0.743280513,True,96.460600,-539.587900,-1.324871000,96.460600,-539.587900,-1.324871000,0.000000
674,675,674,675,0.724670642,True,96.819100,-541.016500,-1.324871000,96.819100,-541.016500,-1.324871000,0.000000
675,676,676,677,0.666756872,True,97.177700,-542.445100,-1.324871000,97.536300,-543.873700,-1.324871000,1.472920
676,677,676,677,0.664572361,True,97.536300,-543.873700,-1.324871000,97.536300,-543.873700,-1.324871000,0.000000
677,678,677,678,0.666047356,True,97.894900,-545.302300,-1.324871000,97.894900,-545.302300,-1.324871000,0.000000
678,679,678,679,0.638583418,True,98.253500,-546.730900,-1.324871000,98.253500,-546.730900,-1.324871000,0.000000
679,680,679,680,0.637094899,True,98.612100,-548.159500,-1.324871000,98.612100,-548.159500,-1.324871000,0.000000
680,681,680,681,0.649435311,True,98.970700,-549.588100,-1.324871000,98.970700,-549.588100,-1.324871000,0.000000
681,682,681,682,0.641271642,True,99.329200,-551.016600,-1.324871000,99.329200,-551.016600,-1.324871000,0.000000
682,683,682,683,0.664304809,True,99.687800,-552.445200,-1.324871000,99.687800,-552.445200,-1.324871000,0.000000
683,684,683,684,0.664469081,True,100.046400,-553.873800,-1.324871000,100.046400,-553.873800,-1.324871000,0.000000
684,685,684,685,0.658158002,True,100.405000,-555.302400,-1.324871000,100.405000,-555.302400,-1.324871000,0.000000
685,686,685,686,0.648603205,True,100.763600,-556.731000,-1.324871000,100.763600,-556.731000,-1.324871000,0.000000
686,687,686,687,0.657083412,True,101.122200,-558.159600,-1.319370000,101.122200,-558.159600,-1.319370000,0.000000
687,688,687,688,0.625496980,True,101.480700,-559.588200,-1.305426000,101.480700,-559.588200,-1.305426000,0.000000
688,689,688,689,0.618404278,True,101.839300,-561.016800,-1.291481000,101.839300,-561.016800,-1.291481000,0.000000
689,690,689,690,0.593247549,True,102.197900,-562.445400,-1.277540000,102.197900,-562.445400,-1.277540000,0.000000
690,691,690,691,0.580812400,True,102.624100,-563.856800,-1.277540000,102.624100,-563.856800,-1.277540000,0.000000
691,692,691,692,0.571532253,True,103.050300,-565.268200,-1.277540000,103.050300,-565.268200,-1.277540000,0.000000
692,693,692,693,0.592210059,True,103.476500,-566.679600,-1.277540000,103.476500,-566.679600,-1.277540000,0.000000
693,694,693,694,0.597442660,True,103.902700,-568.091100,-1.277540000,103.902700,-568.091100,-1.277540000,0.000000
694,695,695,696,0.596034467,True,104.328900,-569.502500,-1.277540000,104.755100,-570.913900,-1.277540000,1.474346
695,696,695,696,0.583601852,True,104.755100,-570.913900,-1.277540000,104.755100,-570.913900,-1.277540000,0.000000
696,697,696,697,0.598659410,True,105.181300,-572.325300,-1.277540000,105.181300,-572.325300,-1.277540000,0.000000
697,698,697,698,0.607545407,True,105.607500,-573.736800,-1.277540000,105.607500,-573.736800,-1.277540000,0.000000
698,699,698,699,0.603184787,True,106.033700,-575.148200,-1.277540000,106.033700,-575.148200,-1.277540000,0.000000
699,700,699,700,0.614018058,True,106.459900,-576.559600,-1.277540000,106.459900,-576.559600,-1.277540000,0.000000
700,701,700,701,0.619743858,True,106.886100,-577.971000,-1.277540000,106.886100,-577.971000,-1.277540000,0.000000
701,702,701,702,0.640109876,True,107.312300,-579.382400,-1.277540000,107.312300,-579.382400,-1.277540000,0.000000
702,703,702,703,0.666280922,True,107.738500,-580.793900,-1.261192000,107.738500,-580.793900,-1.261192000,0.000000
703,704,703,704,0.675562506,True,108.164700,-582.205300,-1.219298000,108.164700,-582.205300,-1.219298000,0.000000
704,705,704,705,0.692483532,True,108.590900,-583.616700,-1.177360000,108.590900,-583.616700,-1.177360000,0.000000
705,706,705,706,0.686659972,True,109.017100,-585.028100,-1.135524000,109.017100,-585.028100,-1.135524000,0.000000
706,707,706,707,0.680971181,True,109.618800,-586.322100,-1.135524000,109.618800,-586.322100,-1.135524000,0.000000
707,708,707,708,0.678546048,True,110.220500,-587.616100,-1.135524000,110.220500,-587.616100,-1.135524000,0.000000
708,709,708,709,0.682216509,True,110.822200,-588.910000,-1.135524000,110.822200,-588.910000,-1.135524000,0.000000
709,710,710,711,0.697972862,True,111.423900,-590.204000,-1.135524000,112.025700,-591.498000,-1.135524000,1.427095
710,711,710,711,0.700349175,True,112.025700,-591.498000,-1.135524000,112.025700,-591.498000,-1.135524000,0.000000
711,712,711,712,0.719913110,True,112.627400,-592.791900,-1.135524000,112.627400,-592.791900,-1.135524000,0.000000
712,713,712,713,0.751973363,True,113.229100,-594.085900,-1.135524000,113.229100,-594.085900,-1.135524000,0.000000
713,714,713,714,0.779730212,True,113.830800,-595.379900,-1.135524000,113.830800,-595.379900,-1.135524000,0.000000
714,715,714,715,0.788624648,True,114.432500,-596.673800,-1.135524000,114.432500,-596.673800,-1.135524000,0.000000
715,716,715,716,0.820374286,True,115.034200,-597.967800,-1.135524000,115.034200,-597.967800,-1.135524000,0.000000
716,717,716,717,0.841109266,True,115.636000,-599.261700,-1.104461000,115.636000,-599.261700,-1.104461000,0.000000
717,718,717,718,0.867259641,True,116.237700,-600.555700,-1.042414000,116.237700,-600.555700,-1.042414000,0.000000
718,719,718,719,0.898742625,True,116.839400,-601.849700,-0.980248000,116.839400,-601.849700,-0.980248000,0.000000
719,720,719,720,0.921585446,True,117.441100,-603.143600,-0.918441000,117.441100,-603.143600,-0.918441000,0.000000
720,721,720,721,0.944664222,True,118.327700,-604.304300,-0.918441000,118.327700,-604.304300,-0.918441000,0.000000
721,722,721,722,0.958665613,True,119.214400,-605.464900,-0.918441000,119.214400,-605.464900,-0.918441000,0.000000
722,723,722,723,0.969745265,True,120.101000,-606.625500,-0.918441000,120.101000,-606.625500,-0.918441000,0.000000
723,724,723,724,0.968103983,True,120.987600,-607.786100,-0.918441000,120.987600,-607.786100,-0.918441000,0.000000
724,725,724,725,0.995394177,True,121.874300,-608.946800,-0.918441000,121.874300,-608.946800,-0.918441000,0.000000
725,726,725,726,0.993582076,True,122.760900,-610.107400,-0.918441000,122.760900,-610.107400,-0.918441000,0.000000
726,727,683,684,0.992652757,True,123.647500,-611.268000,-0.918441000,100.046400,-553.873800,-1.324871000,62.057281
727,728,684,685,0.994524341,True,124.534200,-612.428600,-0.918441000,100.405000,-555.302400,-1.324871000,62.013071
728,729,249,250,0.998981000,True,125.420800,-613.589200,-0.918441000,321.226700,-427.703500,1.237245000,269.987859
729,730,38,39,0.995162092,True,126.307400,-614.749900,-0.885875000,453.259600,-615.229600,-2.684551000,326.952552
730,731,732,733,0.976885347,True,127.194100,-615.910500,-0.808232000,128.967300,-618.231700,-0.653071000,2.920994
731,732,576,577,0.986888800,True,128.080700,-617.071100,-0.730318000,95.802300,-403.573800,-1.831098000,215.923580
732,733,576,577,0.989164401,True,128.967300,-618.231700,-0.653071000,95.802300,-403.573800,-1.831098000,217.204814
733,734,577,578,0.992285600,True,130.071800,-619.076700,-0.653071000,95.420600,-405.006800,-1.831098000,216.856238
734,735,734,735,0.991777487,True,131.176300,-619.921700,-0.653071000,131.176300,-619.921700,-0.653071000,0.000000
735,736,735,736,0.972248005,True,132.280800,-620.766700,-0.653071000,132.280800,-620.766700,-0.653071000,0.000000
736,737,736,737,0.967696671,True,133.385300,-621.611700,-0.653071000,133.385300,-621.611700,-0.653071000,0.000000
737,738,737,738,0.983786016,True,134.489800,-622.456800,-0.587390000,134.489800,-622.456800,-0.587390000,0.000000
738,739,738,739,0.980906901,True,135.594300,-623.301800,-0.474678000,135.594300,-623.301800,-0.474678000,0.000000
739,740,739,740,0.991827362,True,136.698700,-624.146800,-0.361382000,136.698700,-624.146800,-0.361382000,0.000000
740,741,26,27,0.982151281,True,137.803200,-624.991800,-0.250355000,468.336800,-607.747200,-2.673730000,330.983137
741,742,27,28,0.990123799,True,139.242900,-625.359900,-0.250355000,467.080000,-608.382200,-2.675408000,328.276418
742,743,28,29,0.990046015,True,140.682600,-625.728100,-0.250355000,465.823300,-609.017300,-2.678456000,325.569848
743,744,751,752,0.986851620,True,142.122200,-626.096200,-0.250355000,153.569100,-627.785900,-0.017535000,11.570938
744,745,754,755,0.974640629,True,143.561900,-626.464400,-0.227471000,157.813100,-627.880900,0.009711000,14.321424
745,746,754,755,0.966065303,True,145.001600,-626.832500,-0.164357000,157.813100,-627.880900,0.009711000,12.854325
746,747,755,756,0.978597400,True,146.441200,-627.200700,-0.101083000,159.213000,-627.867300,0.009711000,12.789184
747,748,748,749,0.993749566,True,147.880900,-627.568800,-0.038152000,149.302900,-627.623100,-0.038152000,1.423036
748,749,751,752,0.987753842,True,149.302900,-627.623100,-0.038152000,153.569100,-627.785900,-0.017535000,4.269305
749,750,753,754,0.978895029,True,150.725000,-627.677400,-0.038152000,156.413200,-627.894500,0.009711000,5.692341
750,751,754,755,0.920867661,True,152.147000,-627.731700,-0.031159000,157.813100,-627.880900,0.009711000,5.668064
751,752,754,755,0.945194865,True,153.569100,-627.785900,-0.017535000,157.813100,-627.880900,0.009711000,4.245063
752,753,755,756,0.910612754,True,154.991200,-627.840200,-0.003910000,159.213000,-627.867300,0.009711000,4.221887
753,754,756,757,0.900800604,True,156.413200,-627.894500,0.009711000,160.612800,-627.853700,0.009711000,4.199798
754,755,757,758,0.869787037,True,157.813100,-627.880900,0.009711000,162.012700,-627.840100,0.009711000,4.199798
755,756,757,758,0.876729218,True,159.213000,-627.867300,0.009711000,162.012700,-627.840100,0.009711000,2.799832
756,757,759,760,0.867312215,True,160.612800,-627.853700,0.009711000,164.812500,-627.812900,0.026705000,4.199898
757,758,759,760,0.871199786,True,162.012700,-627.840100,0.009711000,164.812500,-627.812900,0.026705000,2.799932
758,759,760,761,0.899974872,True,163.412600,-627.826500,0.009711000,166.212300,-627.799300,0.056482000,2.799832
759,760,761,762,0.872644003,True,164.812500,-627.812900,0.026705000,167.612200,-627.785700,0.086270000,2.799832
760,761,762,763,0.854159027,True,166.212300,-627.799300,0.056482000,169.012100,-627.772100,0.116017000,2.799932
761,762,763,764,0.847221123,True,167.612200,-627.785700,0.086270000,170.375900,-627.613200,0.116017000,2.769078
762,763,764,765,0.837555933,True,169.012100,-627.772100,0.116017000,171.739700,-627.454300,0.116017000,2.746051
763,764,765,766,0.825651541,True,170.375900,-627.613200,0.116017000,173.103500,-627.295300,0.116017000,2.746063
764,765,767,768,0.837326556,True,171.739700,-627.454300,0.116017000,175.831000,-626.977500,0.146159000,4.118989
765,766,767,768,0.850228167,True,173.103500,-627.295300,0.116017000,175.831000,-626.977500,0.146159000,2.745952
766,767,767,768,0.897648460,True,174.467300,-627.136400,0.127794000,175.831000,-626.977500,0.146159000,1.372926
767,768,768,769,0.898865348,True,175.831000,-626.977500,0.146159000,177.194800,-626.818500,0.164527000,1.373037
768,769,768,769,0.882929864,True,177.194800,-626.818500,0.164527000,177.194800,-626.818500,0.164527000,0.000000
769,770,769,770,0.902204617,True,178.558600,-626.659600,0.182885000,178.558600,-626.659600,0.182885000,0.000000
770,771,771,772,0.847171463,True,179.976400,-626.397400,0.182885000,181.394100,-626.135200,0.182885000,1.441743
771,772,772,773,0.827689537,True,181.394100,-626.135200,0.182885000,182.811800,-625.873000,0.182885000,1.441743
772,773,772,773,0.843995931,True,182.811800,-625.873000,0.182885000,182.811800,-625.873000,0.182885000,0.000000
773,774,773,774,0.849720463,True,184.229600,-625.610700,0.182885000,184.229600,-625.610700,0.182885000,0.000000
774,775,774,775,0.847908120,True,185.647300,-625.348500,0.182885000,185.647300,-625.348500,0.182885000,0.000000
775,776,776,777,0.814939122,True,187.065000,-625.086300,0.182885000,188.482700,-624.824100,0.182885000,1.441743
776,777,777,778,0.771743116,True,188.482700,-624.824100,0.182885000,189.900500,-624.561900,0.182885000,1.441841
777,778,777,778,0.768428303,True,189.900500,-624.561900,0.182885000,189.900500,-624.561900,0.182885000,0.000000
778,779,779,780,0.782610365,True,191.318200,-624.299700,0.215945000,192.735900,-624.037500,0.287168000,1.441743
779,780,780,781,0.763400503,True,192.735900,-624.037500,0.287168000,194.153700,-623.775300,0.358585000,1.441841
780,781,780,781,0.754216351,True,194.153700,-623.775300,0.358585000,194.153700,-623.775300,0.358585000,0.000000
781,782,782,783,0.755639071,True,195.571400,-623.513100,0.429472000,196.821500,-622.940500,0.429472000,1.374998
782,783,782,783,0.715132621,True,196.821500,-622.940500,0.429472000,196.821500,-622.940500,0.429472000,0.000000
783,784,783,784,0.700555802,True,198.071600,-622.368000,0.429472000,198.071600,-622.368000,0.429472000,0.000000
784,785,785,786,0.692565360,True,199.321700,-621.795500,0.429472000,200.571800,-621.223000,0.429472000,1.374957
785,786,785,786,0.702254127,True,200.571800,-621.223000,0.429472000,200.571800,-621.223000,0.429472000,0.000000
786,787,786,787,0.719887103,True,201.821900,-620.650400,0.429472000,201.821900,-620.650400,0.429472000,0.000000
787,788,788,789,0.683818546,True,203.072000,-620.077900,0.429472000,204.322100,-619.505400,0.429472000,1.374957
788,789,788,789,0.680451393,True,204.322100,-619.505400,0.429472000,204.322100,-619.505400,0.429472000,0.000000
789,790,790,791,0.679193147,True,205.572200,-618.932900,0.461880000,206.822300,-618.360300,0.513033000,1.374998
790,791,790,791,0.682709846,True,206.822300,-618.360300,0.513033000,206.822300,-618.360300,0.513033000,0.000000
791,792,791,792,0.697915219,True,208.072400,-617.787800,0.564235000,208.072400,-617.787800,0.564235000,0.000000
792,793,792,793,0.699480472,True,209.322500,-617.215300,0.615218000,209.322500,-617.215300,0.615218000,0.000000
793,794,793,794,0.711020463,True,210.486500,-616.392700,0.615218000,210.486500,-616.392700,0.615218000,0.000000
794,795,794,795,0.718107182,True,211.650500,-615.570100,0.615218000,211.650500,-615.570100,0.615218000,0.000000
795,796,795,796,0.717749779,True,212.814400,-614.747500,0.615218000,212.814400,-614.747500,0.615218000,0.000000
796,797,796,797,0.734106411,True,213.978400,-613.924900,0.615218000,213.978400,-613.924900,0.615218000,0.000000
797,798,797,798,0.742334050,True,215.142400,-613.102300,0.615218000,215.142400,-613.102300,0.615218000,0.000000
798,799,798,799,0.745332014,True,216.306300,-612.279700,0.615218000,216.306300,-612.279700,0.615218000,0.000000
799,800,799,800,0.725463466,True,217.470300,-611.457100,0.615218000,217.470300,-611.457100,0.615218000,0.000000
800,801,800,801,0.715430303,True,218.634300,-610.634600,0.615218000,218.634300,-610.634600,0.615218000,0.000000
801,802,801,802,0.713526951,True,219.798200,-609.812000,0.634304000,219.798200,-609.812000,0.634304000,0.000000
802,803,802,803,0.711324989,True,220.962200,-608.989400,0.671960000,220.962200,-608.989400,0.671960000,0.000000
803,804,803,804,0.709235385,True,222.126200,-608.166800,0.709642000,222.126200,-608.166800,0.709642000,0.000000
804,805,804,805,0.702688384,True,223.290200,-607.344200,0.747244000,223.290200,-607.344200,0.747244000,0.000000
805,806,805,806,0.709040969,True,224.385500,-606.329400,0.747244000,224.385500,-606.329400,0.747244000,0.000000
806,807,806,807,0.724742539,True,225.480800,-605.314600,0.743281000,225.480800,-605.314600,0.743281000,0.000000
807,808,807,808,0.717425242,True,226.576100,-604.299900,0.717865000,226.576100,-604.299900,0.717865000,0.000000
808,809,808,809,0.723458190,True,227.671400,-603.285100,0.626114000,227.671400,-603.285100,0.626114000,0.000000
809,810,809,810,0.714715824,True,228.766800,-602.270300,0.409468000,228.766800,-602.270300,0.409468000,0.000000
810,811,810,811,0.714338042,True,229.904800,-601.293800,0.110979000,229.904800,-601.293800,0.110979000,0.000000
811,812,812,813,0.674576286,True,230.902100,-600.651600,-0.112582000,231.855900,-600.326500,-0.256714000,1.007683
812,813,813,814,0.660841180,True,231.855900,-600.326500,-0.256714000,232.863200,-600.301100,-0.340563000,1.007620
813,814,813,814,0.665799790,True,232.863200,-600.301100,-0.340563000,232.863200,-600.301100,-0.340563000,0.000000
814,815,815,816,0.599052530,True,234.021200,-600.558000,-0.382062000,235.427100,-601.079800,-0.393477000,1.499610
815,816,816,817,0.595918047,True,235.427100,-601.079800,-0.393477000,236.773400,-601.638700,-0.393477000,1.457701
816,817,817,818,0.588920065,True,236.773400,-601.638700,-0.393477000,238.119800,-602.197600,-0.393477000,1.457794
817,818,817,818,0.593037657,True,238.119800,-602.197600,-0.393477000,238.119800,-602.197600,-0.393477000,0.000000
818,819,819,820,0.539818931,True,239.466100,-602.756500,-0.393477000,240.812400,-603.315400,-0.393477000,1.457701
819,820,819,820,0.560338623,True,240.812400,-603.315400,-0.393477000,240.812400,-603.315400,-0.393477000,0.000000
820,821,820,821,0.546505853,True,242.158700,-603.874200,-0.393477000,242.158700,-603.874200,-0.393477000,0.000000
821,822,822,823,0.513898284,True,243.505000,-604.433100,-0.393477000,244.851300,-604.992000,-0.393477000,1.457701
822,823,823,824,0.490930453,True,244.851300,-604.992000,-0.393477000,246.197600,-605.550900,-0.393477000,1.457701
823,824,824,825,0.475996507,True,246.197600,-605.550900,-0.393477000,247.543900,-606.109800,-0.393477000,1.457701
824,825,825,826,0.476615414,True,247.543900,-606.109800,-0.393477000,248.890200,-606.668700,-0.393477000,1.457701
825,826,825,826,0.486268968,True,248.890200,-606.668700,-0.393477000,248.890200,-606.668700,-0.393477000,0.000000
826,827,826,827,0.488557681,True,250.236500,-607.227600,-0.393477000,250.236500,-607.227600,-0.393477000,0.000000
827,828,828,829,0.474535539,True,251.582800,-607.786400,-0.393477000,252.929100,-608.345300,-0.393477000,1.457701
828,829,828,829,0.483704909,True,252.929100,-608.345300,-0.393477000,252.929100,-608.345300,-0.393477000,0.000000
829,830,829,830,0.487017486,True,254.275400,-608.904200,-0.393477000,254.275400,-608.904200,-0.393477000,0.000000
830,831,830,831,0.491205886,True,255.621700,-609.463100,-0.393477000,255.621700,-609.463100,-0.393477000,0.000000
831,832,831,832,0.495241895,True,256.968000,-610.022000,-0.393477000,256.968000,-610.022000,-0.393477000,0.000000
832,833,832,833,0.476976529,True,258.314300,-610.580900,-0.393477000,258.314300,-610.580900,-0.393477000,0.000000
833,834,833,834,0.486621315,True,259.660600,-611.139800,-0.393477000,259.660600,-611.139800,-0.393477000,0.000000
834,835,834,835,0.490656160,True,261.007000,-611.698600,-0.393185000,261.007000,-611.698600,-0.393185000,0.000000
835,836,835,836,0.488813928,True,262.353300,-612.257500,-0.392506000,262.353300,-612.257500,-0.392506000,0.000000
836,837,836,837,0.485034508,True,263.699600,-612.816400,-0.391827000,263.699600,-612.816400,-0.391827000,0.000000
837,838,837,838,0.477591775,True,265.045900,-613.375300,-0.391148000,265.045900,-613.375300,-0.391148000,0.000000
838,839,839,840,0.476758894,True,266.388400,-613.929000,-0.391148000,267.731000,-614.482600,-0.391148000,1.452256
839,840,839,840,0.470657087,True,267.731000,-614.482600,-0.391148000,267.731000,-614.482600,-0.391148000,0.000000
840,841,840,841,0.468182155,True,269.073600,-615.036300,-0.391148000,269.073600,-615.036300,-0.391148000,0.000000
841,842,842,843,0.462373807,True,270.416100,-615.590000,-0.391148000,271.758700,-616.143700,-0.391148000,1.452294
842,843,842,843,0.463526902,True,271.758700,-616.143700,-0.391148000,271.758700,-616.143700,-0.391148000,0.000000
843,844,843,844,0.462496023,True,273.101300,-616.697300,-0.391148000,273.101300,-616.697300,-0.391148000,0.000000
844,845,844,845,0.463427844,True,274.443800,-617.251000,-0.391148000,274.443800,-617.251000,-0.391148000,0.000000
845,846,845,846,0.468854670,True,275.786400,-617.804700,-0.391148000,275.786400,-617.804700,-0.391148000,0.000000
846,847,846,847,0.484253796,True,277.129000,-618.358400,-0.391148000,277.129000,-618.358400,-0.391148000,0.000000
847,848,847,848,0.495204463,True,278.471500,-618.912000,-0.391148000,278.471500,-618.912000,-0.391148000,0.000000
848,849,848,849,0.506751298,True,279.814100,-619.465700,-0.391148000,279.814100,-619.465700,-0.391148000,0.000000
849,850,849,850,0.507427670,True,281.156700,-620.019400,-0.391148000,281.156700,-620.019400,-0.391148000,0.000000
850,851,850,851,0.509588530,True,282.499300,-620.573000,-0.391148000,282.499300,-620.573000,-0.391148000,0.000000
851,852,851,852,0.524132135,True,283.841800,-621.126700,-0.391148000,283.841800,-621.126700,-0.391148000,0.000000
852,853,852,853,0.531281995,True,285.184400,-621.680400,-0.391148000,285.184400,-621.680400,-0.391148000,0.000000
853,854,853,854,0.537679425,True,286.527000,-622.234100,-0.391148000,286.527000,-622.234100,-0.391148000,0.000000
854,855,854,855,0.545792496,True,287.869500,-622.787700,-0.391148000,287.869500,-622.787700,-0.391148000,0.000000
855,856,855,856,0.562104309,True,289.212100,-623.341400,-0.391148000,289.212100,-623.341400,-0.391148000,0.000000
856,857,856,857,0.568662176,True,290.554700,-623.895100,-0.391148000,290.554700,-623.895100,-0.391148000,0.000000
857,858,857,858,0.566216137,True,291.897200,-624.448700,-0.391148000,291.897200,-624.448700,-0.391148000,0.000000
858,859,858,859,0.583868695,True,293.239800,-625.002400,-0.391148000,293.239800,-625.002400,-0.391148000,0.000000
859,860,859,860,0.592024043,True,294.582400,-625.556100,-0.391148000,294.582400,-625.556100,-0.391148000,0.000000
860,861,860,861,0.618698289,True,295.924900,-626.109800,-0.391148000,295.924900,-626.109800,-0.391148000,0.000000
861,862,861,862,0.618952374,True,297.267500,-626.663400,-0.391148000,297.267500,-626.663400,-0.391148000,0.000000
862,863,862,863,0.606891619,True,298.610100,-627.217100,-0.391148000,298.610100,-627.217100,-0.391148000,0.000000
863,864,863,864,0.607881884,True,299.952600,-627.770800,-0.391148000,299.952600,-627.770800,-0.391148000,0.000000
864,865,864,865,0.608175652,True,301.295200,-628.324400,-0.406057000,301.295200,-628.324400,-0.406057000,0.000000
865,866,865,866,0.632830235,True,302.637800,-628.878100,-0.439778000,302.637800,-628.878100,-0.439778000,0.000000
866,867,867,868,0.625316181,True,303.980300,-629.431800,-0.473521000,305.322900,-629.985500,-0.507208000,1.452294
867,868,867,868,0.633490040,True,305.322900,-629.985500,-0.507208000,305.322900,-629.985500,-0.507208000,0.000000
868,869,868,869,0.637791208,True,306.626700,-630.710000,-0.507208000,306.626700,-630.710000,-0.507208000,0.000000
869,870,870,871,0.630383722,True,307.930400,-631.434500,-0.507208000,309.234200,-632.158900,-0.507208000,1.491526
870,871,870,871,0.635301059,True,309.234200,-632.158900,-0.507208000,309.234200,-632.158900,-0.507208000,0.000000
871,872,871,872,0.656732180,True,310.537900,-632.883400,-0.507208000,310.537900,-632.883400,-0.507208000,0.000000
872,873,872,873,0.667264313,True,311.841700,-633.607900,-0.507208000,311.841700,-633.607900,-0.507208000,0.000000
873,874,873,874,0.671890264,True,313.145400,-634.332400,-0.507208000,313.145400,-634.332400,-0.507208000,0.000000
874,875,874,875,0.680116403,True,314.449200,-635.056900,-0.507208000,314.449200,-635.056900,-0.507208000,0.000000
875,876,875,876,0.700059720,True,315.753000,-635.781400,-0.507208000,315.753000,-635.781400,-0.507208000,0.000000
876,877,876,877,0.699856260,True,317.056700,-636.505900,-0.507208000,317.056700,-636.505900,-0.507208000,0.000000
877,878,877,878,0.697900157,True,318.360500,-637.230400,-0.507208000,318.360500,-637.230400,-0.507208000,0.000000
878,879,878,879,0.724110467,True,319.664200,-637.954900,-0.507208000,319.664200,-637.954900,-0.507208000,0.000000
879,880,879,880,0.729478690,True,320.968000,-638.679400,-0.507208000,320.968000,-638.679400,-0.507208000,0.000000
880,881,880,881,0.713681499,True,322.271700,-639.403900,-0.507208000,322.271700,-639.403900,-0.507208000,0.000000
881,882,881,882,0.732336227,True,323.575500,-640.128400,-0.507208000,323.575500,-640.128400,-0.507208000,0.000000
882,883,882,883,0.716642655,True,324.879300,-640.852900,-0.507208000,324.879300,-640.852900,-0.507208000,0.000000
883,884,884,885,0.728311520,True,326.183000,-641.577400,-0.507208000,327.486800,-642.301900,-0.507208000,1.491575
884,885,884,885,0.727707904,True,327.486800,-642.301900,-0.507208000,327.486800,-642.301900,-0.507208000,0.000000
885,886,885,886,0.718633810,True,328.790500,-643.026400,-0.507208000,328.790500,-643.026400,-0.507208000,0.000000
886,887,886,887,0.719444270,True,330.094300,-643.750900,-0.507208000,330.094300,-643.750900,-0.507208000,0.000000
887,888,887,888,0.755952925,True,331.398000,-644.475400,-0.507208000,331.398000,-644.475400,-0.507208000,0.000000
888,889,888,889,0.764572487,True,332.701800,-645.199900,-0.507208000,332.701800,-645.199900,-0.507208000,0.000000
889,890,889,890,0.756873616,True,334.005500,-645.924400,-0.507208000,334.005500,-645.924400,-0.507208000,0.000000
890,891,890,891,0.770268858,True,335.309300,-646.648800,-0.507208000,335.309300,-646.648800,-0.507208000,0.000000
891,892,891,892,0.765349861,True,336.613100,-647.373300,-0.507208000,336.613100,-647.373300,-0.507208000,0.000000
892,893,892,893,0.792226231,True,337.916800,-648.097800,-0.507208000,337.916800,-648.097800,-0.507208000,0.000000
893,894,893,894,0.798742454,True,339.220600,-648.822300,-0.507208000,339.220600,-648.822300,-0.507208000,0.000000
894,895,895,896,0.795697598,True,340.524300,-649.546800,-0.507208000,341.828100,-650.271300,-0.507208000,1.491575
895,896,895,896,0.767988270,True,341.828100,-650.271300,-0.507208000,341.828100,-650.271300,-0.507208000,0.000000
896,897,896,897,0.767182006,True,343.131800,-650.995800,-0.507208000,343.131800,-650.995800,-0.507208000,0.000000
897,898,897,898,0.767537486,True,344.435600,-651.720300,-0.507208000,344.435600,-651.720300,-0.507208000,0.000000
898,899,898,899,0.755858837,True,345.739400,-652.444800,-0.507208000,345.739400,-652.444800,-0.507208000,0.000000
899,900,899,900,0.749495785,True,347.043100,-653.169300,-0.507208000,347.043100,-653.169300,-0.507208000,0.000000
900,901,900,901,0.756948882,True,348.346900,-653.893800,-0.507208000,348.346900,-653.893800,-0.507208000,0.000000
901,902,902,903,0.744142970,True,349.650600,-654.618300,-0.507208000,350.954400,-655.342800,-0.507208000,1.491575
902,903,902,903,0.744607594,True,350.954400,-655.342800,-0.507208000,350.954400,-655.342800,-0.507208000,0.000000
903,904,903,904,0.753842129,True,352.258100,-656.067300,-0.502997000,352.258100,-656.067300,-0.502997000,0.000000
904,905,904,905,0.766647814,True,353.561900,-656.791800,-0.491042000,353.561900,-656.791800,-0.491042000,0.000000
905,906,905,906,0.781165733,True,354.865600,-657.516300,-0.479086000,354.865600,-657.516300,-0.479086000,0.000000
906,907,906,907,0.767792545,True,356.169400,-658.240800,-0.467132000,356.169400,-658.240800,-0.467132000,0.000000
907,908,907,908,0.768627312,True,357.489500,-658.906600,-0.467132000,357.489500,-658.906600,-0.467132000,0.000000
908,909,908,909,0.778887396,True,358.809700,-659.572400,-0.467132000,358.809700,-659.572400,-0.467132000,0.000000
909,910,910,911,0.739438660,True,360.129800,-660.238300,-0.467132000,361.450000,-660.904100,-0.467132000,1.478586
910,911,910,911,0.743398488,True,361.450000,-660.904100,-0.467132000,361.450000,-660.904100,-0.467132000,0.000000
911,912,911,912,0.728833217,True,362.770100,-661.569900,-0.467132000,362.770100,-661.569900,-0.467132000,0.000000
912,913,912,913,0.721841014,True,364.090300,-662.235800,-0.467132000,364.090300,-662.235800,-0.467132000,0.000000
913,914,913,914,0.710937334,True,365.410400,-662.901600,-0.467132000,365.410400,-662.901600,-0.467132000,0.000000
914,915,914,915,0.713570508,True,366.730600,-663.567400,-0.467132000,366.730600,-663.567400,-0.467132000,0.000000
915,916,916,917,0.703791009,True,368.050700,-664.233300,-0.467132000,369.370900,-664.899100,-0.467132000,1.478586
916,917,916,917,0.680978847,True,369.370900,-664.899100,-0.467132000,369.370900,-664.899100,-0.467132000,0.000000
917,918,917,918,0.691112938,True,370.691000,-665.564900,-0.467132000,370.691000,-665.564900,-0.467132000,0.000000
918,919,919,920,0.674760814,True,372.011200,-666.230800,-0.467132000,373.331300,-666.896600,-0.467132000,1.478497
919,920,919,920,0.669849554,True,373.331300,-666.896600,-0.467132000,373.331300,-666.896600,-0.467132000,0.000000
920,921,921,922,0.655212097,True,374.651500,-667.562400,-0.467132000,375.971600,-668.228300,-0.467132000,1.478542
921,922,921,922,0.658721939,True,375.971600,-668.228300,-0.467132000,375.971600,-668.228300,-0.467132000,0.000000
922,923,922,923,0.639434775,True,377.291700,-668.894100,-0.467132000,377.291700,-668.894100,-0.467132000,0.000000
923,924,924,925,0.640341240,True,378.611900,-669.559900,-0.467132000,379.932000,-670.225800,-0.467132000,1.478542
924,925,924,925,0.620018336,True,379.932000,-670.225800,-0.467132000,379.932000,-670.225800,-0.467132000,0.000000
925,926,926,927,0.640759053,True,381.252200,-670.891600,-0.467132000,382.572300,-671.557400,-0.467132000,1.478497
926,927,927,928,0.607180249,True,382.572300,-671.557400,-0.467132000,383.892500,-672.223300,-0.467132000,1.478631
927,928,927,928,0.586200439,True,383.892500,-672.223300,-0.467132000,383.892500,-672.223300,-0.467132000,0.000000
928,929,928,929,0.574550823,True,385.212600,-672.889100,-0.467132000,385.212600,-672.889100,-0.467132000,0.000000
929,930,930,931,0.566970344,True,386.532800,-673.554900,-0.467132000,387.852900,-674.220800,-0.467132000,1.478542
930,931,930,931,0.567811009,True,387.852900,-674.220800,-0.467132000,387.852900,-674.220800,-0.467132000,0.000000
931,932,931,932,0.566539754,True,389.173100,-674.886600,-0.467132000,389.173100,-674.886600,-0.467132000,0.000000
932,933,932,933,0.580034773,True,390.493200,-675.552400,-0.467132000,390.493200,-675.552400,-0.467132000,0.000000
933,934,933,934,0.622725911,True,391.813400,-676.218300,-0.467132000,391.813400,-676.218300,-0.467132000,0.000000
934,935,934,935,0.606271468,True,393.133500,-676.884100,-0.467132000,393.133500,-676.884100,-0.467132000,0.000000
935,936,935,936,0.600420448,True,394.453700,-677.549900,-0.467132000,394.453700,-677.549900,-0.467132000,0.000000
936,937,936,937,0.607826824,True,395.773800,-678.215800,-0.467132000,395.773800,-678.215800,-0.467132000,0.000000
937,938,937,938,0.607294528,True,397.093900,-678.881600,-0.467132000,397.093900,-678.881600,-0.467132000,0.000000
938,939,938,939,0.620166056,True,398.414100,-679.547400,-0.467132000,398.414100,-679.547400,-0.467132000,0.000000
939,940,939,940,0.616126662,True,399.734200,-680.213300,-0.467132000,399.734200,-680.213300,-0.467132000,0.000000
940,941,941,942,0.624990298,True,401.054400,-680.879100,-0.467132000,402.374500,-681.544900,-0.467132000,1.478497
941,942,941,942,0.632322123,True,402.374500,-681.544900,-0.467132000,402.374500,-681.544900,-0.467132000,0.000000
942,943,942,943,0.627212000,True,403.694700,-682.210800,-0.467132000,403.694700,-682.210800,-0.467132000,0.000000
943,944,943,944,0.624108062,True,405.014800,-682.876600,-0.467132000,405.014800,-682.876600,-0.467132000,0.000000
944,945,944,945,0.651028227,True,406.335000,-683.542400,-0.467132000,406.335000,-683.542400,-0.467132000,0.000000
945,946,945,946,0.699579571,True,407.655100,-684.208300,-0.467132000,407.655100,-684.208300,-0.467132000,0.000000
946,947,946,947,0.686778879,True,408.975300,-684.874100,-0.467132000,408.975300,-684.874100,-0.467132000,0.000000
947,948,947,948,0.678622974,True,410.295400,-685.539900,-0.467132000,410.295400,-685.539900,-0.467132000,0.000000
948,949,948,949,0.647467511,True,411.615600,-686.205800,-0.467132000,411.615600,-686.205800,-0.467132000,0.000000
949,950,949,950,0.649588577,True,412.935700,-686.871600,-0.467132000,412.935700,-686.871600,-0.467132000,0.000000
950,951,950,951,0.642655874,True,414.255900,-687.537400,-0.467132000,414.255900,-687.537400,-0.467132000,0.000000
951,952,951,952,0.638409723,True,415.576000,-688.203300,-0.467132000,415.576000,-688.203300,-0.467132000,0.000000
952,953,953,954,0.623229313,True,416.896100,-688.869100,-0.467132000,418.216300,-689.534900,-0.467132000,1.478586
953,954,954,955,0.598714569,True,418.216300,-689.534900,-0.467132000,419.536400,-690.200800,-0.467132000,1.478542
954,955,954,955,0.586670422,True,419.536400,-690.200800,-0.467132000,419.536400,-690.200800,-0.467132000,0.000000
955,956,956,957,0.576207702,True,420.856600,-690.866600,-0.467132000,422.176700,-691.532500,-0.467132000,1.478542
956,957,956,957,0.562099888,True,422.176700,-691.532500,-0.467132000,422.176700,-691.532500,-0.467132000,0.000000
957,958,957,958,0.576491006,True,423.496900,-692.198300,-0.467132000,423.496900,-692.198300,-0.467132000,0.000000
958,959,958,959,0.590255498,True,424.817000,-692.864100,-0.467132000,424.817000,-692.864100,-0.467132000,0.000000
959,960,960,961,0.560495564,True,426.137200,-693.530000,-0.467132000,427.457300,-694.195800,-0.467132000,1.478497
960,961,960,961,0.534377443,True,427.457300,-694.195800,-0.467132000,427.457300,-694.195800,-0.467132000,0.000000
961,962,961,962,0.542414345,True,428.777500,-694.861600,-0.467132000,428.777500,-694.861600,-0.467132000,0.000000
962,963,962,963,0.537133291,True,430.097600,-695.527500,-0.467132000,430.097600,-695.527500,-0.467132000,0.000000
963,964,963,964,0.531999399,True,431.417800,-696.193300,-0.467132000,431.417800,-696.193300,-0.467132000,0.000000
964,965,964,965,0.544540186,True,432.737900,-696.859100,-0.467132000,432.737900,-696.859100,-0.467132000,0.000000
965,966,965,966,0.557073714,True,434.058100,-697.525000,-0.467132000,434.058100,-697.525000,-0.467132000,0.000000
966,967,966,967,0.570075122,True,435.378200,-698.190800,-0.467132000,435.378200,-698.190800,-0.467132000,0.000000
967,968,967,968,0.569605710,True,436.698300,-698.856600,-0.467132000,436.698300,-698.856600,-0.467132000,0.000000
968,969,968,969,0.569279381,True,438.018500,-699.522500,-0.467132000,438.018500,-699.522500,-0.467132000,0.000000
969,970,969,970,0.575543141,True,439.338600,-700.188300,-0.450678000,439.338600,-700.188300,-0.450678000,0.000000
970,971,970,971,0.582417347,True,440.658800,-700.854100,-0.407444000,440.658800,-700.854100,-0.407444000,0.000000
971,972,971,972,0.585713269,True,441.978900,-701.520000,-0.364160000,441.978900,-701.520000,-0.364160000,0.000000
972,973,972,973,0.583891943,True,443.299100,-702.185800,-0.320988000,443.299100,-702.185800,-0.320988000,0.000000
973,974,973,974,0.599109804,True,444.668700,-702.641200,-0.320988000,444.668700,-702.641200,-0.320988000,0.000000
974,975,974,975,0.608905908,True,446.038300,-703.096500,-0.320988000,446.038300,-703.096500,-0.320988000,0.000000
975,976,975,976,0.614643104,True,447.407900,-703.551900,-0.320988000,447.407900,-703.551900,-0.320988000,0.000000
976,977,976,977,0.612261989,True,448.777500,-704.007300,-0.320988000,448.777500,-704.007300,-0.320988000,0.000000
977,978,977,978,0.613585012,True,450.147100,-704.462700,-0.320988000,450.147100,-704.462700,-0.320988000,0.000000
978,979,978,979,0.623847638,True,451.516800,-704.918100,-0.320988000,451.516800,-704.918100,-0.320988000,0.000000
979,980,979,980,0.639014579,True,452.886400,-705.373400,-0.320988000,452.886400,-705.373400,-0.320988000,0.000000
980,981,980,981,0.650626642,True,454.256000,-705.828800,-0.320988000,454.256000,-705.828800,-0.320988000,0.000000
981,982,982,983,0.616184291,True,455.625600,-706.284200,-0.320988000,456.995200,-706.739600,-0.320988000,1.443327
982,983,982,983,0.639709662,True,456.995200,-706.739600,-0.320988000,456.995200,-706.739600,-0.320988000,0.000000
983,984,983,984,0.669585736,True,458.364800,-707.194900,-0.320988000,458.364800,-707.194900,-0.320988000,0.000000
984,985,985,986,0.635057942,True,459.734400,-707.650300,-0.320988000,461.104100,-708.105700,-0.320988000,1.443422
985,986,985,986,0.650204348,True,461.104100,-708.105700,-0.320988000,461.104100,-708.105700,-0.320988000,0.000000
986,987,986,987,0.644375199,True,462.473700,-708.561100,-0.320988000,462.473700,-708.561100,-0.320988000,0.000000
987,988,987,988,0.642767927,True,463.843300,-709.016500,-0.320988000,463.843300,-709.016500,-0.320988000,0.000000
988,989,988,989,0.643647393,True,465.212900,-709.471800,-0.320988000,465.212900,-709.471800,-0.320988000,0.000000
989,990,989,990,0.627194554,True,466.582500,-709.927200,-0.320988000,466.582500,-709.927200,-0.320988000,0.000000
990,991,990,991,0.648257867,True,467.952100,-710.382600,-0.320988000,467.952100,-710.382600,-0.320988000,0.000000
991,992,991,992,0.644573104,True,469.321700,-710.838000,-0.320988000,469.321700,-710.838000,-0.320988000,0.000000
992,993,993,994,0.625156559,True,470.691300,-711.293400,-0.266455000,472.061000,-711.748700,-0.146243000,1.443391
993,994,993,994,0.628196415,True,472.061000,-711.748700,-0.146243000,472.061000,-711.748700,-0.146243000,0.000000
994,995,994,995,0.623123776,True,473.430600,-712.204100,-0.025088000,473.430600,-712.204100,-0.025088000,0.000000
995,996,995,996,0.646716206,True,474.800200,-712.659500,0.093525000,474.800200,-712.659500,0.093525000,0.000000
996,997,996,997,0.649211782,True,476.159000,-712.532000,0.093525000,476.159000,-712.532000,0.093525000,0.000000
997,998,997,998,0.651765141,True,477.517800,-712.404600,0.093525000,477.517800,-712.404600,0.093525000,0.000000
998,999,998,999,0.664774758,True,478.876600,-712.277100,0.093525000,478.876600,-712.277100,0.093525000,0.000000
999,1000,999,1000,0.657057237,True,480.235400,-712.149700,0.093525000,480.235400,-712.149700,0.093525000,0.000000
1000,1001,1000,1001,0.668719760,True,481.594200,-712.022200,0.093525000,481.594200,-712.022200,0.093525000,0.000000
1001,1002,1001,1002,0.674826700,True,482.953000,-711.894800,0.093525000,482.953000,-711.894800,0.093525000,0.000000
1002,1003,1002,1003,0.683681372,True,484.311800,-711.767300,0.093525000,484.311800,-711.767300,0.093525000,0.000000
1003,1004,1003,1004,0.712900655,True,485.670600,-711.639900,0.126642000,485.670600,-711.639900,0.126642000,0.000000
1004,1005,1004,1005,0.717554142,True,487.029400,-711.512400,0.176763000,487.029400,-711.512400,0.176763000,0.000000
1005,1006,1005,1006,0.726928157,True,488.388200,-711.385000,0.226927000,488.388200,-711.385000,0.226927000,0.000000
1006,1007,1006,1007,0.742927447,True,489.747000,-711.257500,0.276882000,489.747000,-711.257500,0.276882000,0.000000
1007,1008,1007,1008,0.760954212,True,491.186200,-710.848500,0.276882000,491.186200,-710.848500,0.276882000,0.000000
1008,1009,1008,1009,0.788099939,True,492.625400,-710.439500,0.276882000,492.625400,-710.439500,0.276882000,0.000000
1009,1010,1009,1010,0.760540224,True,494.064600,-710.030500,0.276882000,494.064600,-710.030500,0.276882000,0.000000
1010,1011,1010,1011,0.767744375,True,495.503900,-709.621500,0.276882000,495.503900,-709.621500,0.276882000,0.000000
1011,1012,1011,1012,0.793202704,True,496.943100,-709.212500,0.276882000,496.943100,-709.212500,0.276882000,0.000000
1012,1013,1012,1013,0.783968893,True,498.382300,-708.803500,0.301888000,498.382300,-708.803500,0.301888000,0.000000
1013,1014,1013,1014,0.791829229,True,499.821600,-708.394500,0.375650000,499.821600,-708.394500,0.375650000,0.000000
1014,1015,1014,1015,0.799771856,True,501.260800,-707.985500,0.449679000,501.260800,-707.985500,0.449679000,0.000000
1015,1016,1016,1017,0.801878794,True,502.700000,-707.576500,0.523167000,503.817700,-706.931800,0.523167000,1.290307
1016,1017,1016,1017,0.809548375,True,503.817700,-706.931800,0.523167000,503.817700,-706.931800,0.523167000,0.000000
1017,1018,1017,1018,0.812111501,True,504.935400,-706.287100,0.523167000,504.935400,-706.287100,0.523167000,0.000000
1018,1019,1018,1019,0.817449496,True,506.053100,-705.642500,0.575786000,506.053100,-705.642500,0.575786000,0.000000
1019,1020,1020,1021,0.823841689,True,507.170800,-704.997800,0.636338000,508.288500,-704.353200,0.696917000,1.290257
1020,1021,1021,1022,0.848323538,True,508.288500,-704.353200,0.696917000,509.406200,-703.708500,0.757082000,1.290307
1021,1022,1022,1023,0.842997546,True,509.406200,-703.708500,0.757082000,510.474500,-702.699100,0.757082000,1.469746
1022,1023,1023,1024,0.821508320,True,510.474500,-702.699100,0.757082000,511.542800,-701.689700,0.757082000,1.469746
1023,1024,1024,1025,0.816957569,True,511.542800,-701.689700,0.757082000,512.611000,-700.680300,0.757082000,1.469673
1024,1025,1025,1026,0.820917167,True,512.611000,-700.680300,0.757082000,513.679300,-699.670800,0.771491000,1.469815
1025,1026,1026,1027,0.831293718,True,513.679300,-699.670800,0.771491000,514.747500,-698.661400,0.807407000,1.469673
1026,1027,1027,1028,0.848479561,True,514.747500,-698.661400,0.807407000,515.815800,-697.652000,0.843351000,1.469746
1027,1028,1028,1029,0.873632304,True,515.815800,-697.652000,0.843351000,516.884100,-696.642600,0.879230000,1.469746
1028,1029,1028,1029,0.881799718,True,516.884100,-696.642600,0.879230000,516.884100,-696.642600,0.879230000,0.000000
1029,1030,1029,1030,0.886420025,True,517.760700,-695.583900,0.879230000,517.760700,-695.583900,0.879230000,0.000000
1030,1031,1031,1032,0.886053680,True,518.637300,-694.525100,0.898068000,519.513900,-693.466400,0.927660000,1.374508
1031,1032,1031,1032,0.878393382,True,519.513900,-693.466400,0.927660000,519.513900,-693.466400,0.927660000,0.000000
1032,1033,1032,1033,0.889381364,True,520.390500,-692.407600,0.957262000,520.390500,-692.407600,0.957262000,0.000000
1033,1034,1033,1034,0.898911293,True,521.267100,-691.348900,0.986822000,521.267100,-691.348900,0.986822000,0.000000
1034,1035,1034,1035,0.883641609,True,522.063600,-690.143600,0.986822000,522.063600,-690.143600,0.986822000,0.000000
1035,1036,1036,1037,0.888466479,True,522.860100,-688.938400,0.986822000,523.656600,-687.733200,0.986822000,1.444617
1036,1037,1036,1037,0.876025241,True,523.656600,-687.733200,0.986822000,523.656600,-687.733200,0.986822000,0.000000
1037,1038,1037,1038,0.905794684,True,524.453100,-686.527900,0.986822000,524.453100,-686.527900,0.986822000,0.000000
1038,1039,1039,1040,0.889750863,True,525.249600,-685.322700,1.028372000,526.046100,-684.117400,1.119697000,1.444701
1039,1040,1039,1040,0.900920476,True,526.046100,-684.117400,1.119697000,526.046100,-684.117400,1.119697000,0.000000
1040,1041,1040,1041,0.897916021,True,526.842600,-682.912200,1.211436000,526.842600,-682.912200,1.211436000,0.000000
1041,1042,1042,1043,0.907766559,True,527.639100,-681.707000,1.302063000,528.015100,-680.341700,1.302063000,1.416129
1042,1043,1042,1043,0.915000237,True,528.015100,-680.341700,1.302063000,528.015100,-680.341700,1.302063000,0.000000
1043,1044,1044,1045,0.910280235,True,528.391100,-678.976500,1.302063000,528.767100,-677.611300,1.302063000,1.416032
1044,1045,1043,1044,0.901962742,True,528.767100,-677.611300,1.302063000,528.391100,-678.976500,1.302063000,1.416032
1045,1046,1044,1045,0.917756440,True,529.143000,-676.246100,1.302063000,528.767100,-677.611300,1.302063000,1.416006
1046,1047,1047,1048,0.916712487,True,529.519000,-674.880800,1.302063000,529.895000,-673.515600,1.302063000,1.416032
1047,1048,1047,1048,0.916387908,True,529.895000,-673.515600,1.302063000,529.895000,-673.515600,1.302063000,0.000000
1048,1049,1047,1048,0.900028621,True,530.271000,-672.150400,1.302063000,529.895000,-673.515600,1.302063000,1.416032
1049,1050,1048,1049,0.893770287,True,530.646900,-670.785200,1.302063000,530.271000,-672.150400,1.302063000,1.416006
1050,1051,1049,1050,0.886370190,True,531.022900,-669.419900,1.357850000,530.646900,-670.785200,1.302063000,1.416129
1051,1052,1050,1051,0.885651912,True,531.398900,-668.054700,1.464923000,531.022900,-669.419900,1.357850000,1.416032
1052,1053,1051,1052,0.913831797,True,531.774900,-666.689500,1.572577000,531.398900,-668.054700,1.464923000,1.416032
1053,1054,1054,1055,0.909723967,True,532.150800,-665.324300,1.678358000,531.990000,-663.834800,1.678358000,1.498154
1054,1055,1054,1055,0.907279991,True,531.990000,-663.834800,1.678358000,531.990000,-663.834800,1.678358000,0.000000
1055,1056,1056,1057,0.882653055,True,531.829200,-662.345400,1.678358000,531.668400,-660.855900,1.678358000,1.498154
1056,1057,1056,1057,0.885766638,True,531.668400,-660.855900,1.678358000,531.668400,-660.855900,1.678358000,0.000000
1057,1058,1058,1059,0.885684332,True,531.507500,-659.366500,1.678358000,531.346700,-657.877000,1.678358000,1.498154
1058,1059,1058,1059,0.878080908,True,531.346700,-657.877000,1.678358000,531.346700,-657.877000,1.678358000,0.000000
1059,1060,1060,1061,0.859685806,True,531.185900,-656.387600,1.678358000,531.025100,-654.898100,1.678358000,1.498154
1060,1061,1061,1062,0.865059192,True,531.025100,-654.898100,1.678358000,530.864200,-653.408700,1.678358000,1.498066
1061,1062,1061,1062,0.855905583,True,530.864200,-653.408700,1.678358000,530.864200,-653.408700,1.678358000,0.000000
1062,1063,1063,1064,0.837861881,True,530.703400,-651.919200,1.678358000,530.542600,-650.429800,1.678358000,1.498055
1063,1064,1063,1064,0.842625392,True,530.542600,-650.429800,1.678358000,530.542600,-650.429800,1.678358000,0.000000
1064,1065,1064,1065,0.849588719,True,530.381700,-648.940300,1.678358000,530.381700,-648.940300,1.678358000,0.000000
1065,1066,1066,1067,0.840429291,True,530.220900,-647.450900,1.678358000,530.060100,-645.961400,1.705912000,1.498154
1066,1067,1066,1067,0.820365486,True,530.060100,-645.961400,1.705912000,530.060100,-645.961400,1.705912000,0.000000
1067,1068,1067,1068,0.808529369,True,529.899300,-644.472000,1.788373000,529.899300,-644.472000,1.788373000,0.000000
1068,1069,1069,1070,0.798357926,True,529.738400,-642.982500,1.871209000,529.577600,-641.493100,1.953292000,1.498055
1069,1070,1069,1070,0.807523359,True,529.577600,-641.493100,1.953292000,529.577600,-641.493100,1.953292000,0.000000
1070,1071,1070,1071,0.799271812,True,529.027100,-640.124700,1.953292000,529.027100,-640.124700,1.953292000,0.000000
1071,1072,1071,1072,0.774941752,True,528.476600,-638.756300,1.953292000,528.476600,-638.756300,1.953292000,0.000000
1072,1073,1072,1073,0.770698856,True,527.926100,-637.387900,1.953292000,527.926100,-637.387900,1.953292000,0.000000
1073,1074,1073,1074,0.766838972,True,527.375500,-636.019500,1.953292000,527.375500,-636.019500,1.953292000,0.000000
1074,1075,1075,1076,0.753456412,True,526.825000,-634.651100,1.953292000,526.274500,-633.282800,1.953292000,1.474888
1075,1076,1075,1076,0.751529223,True,526.274500,-633.282800,1.953292000,526.274500,-633.282800,1.953292000,0.000000
1076,1077,1076,1077,0.749271026,True,525.724000,-631.914400,1.953292000,525.724000,-631.914400,1.953292000,0.000000
1077,1078,1077,1078,0.740334464,True,525.173500,-630.546000,1.953292000,525.173500,-630.546000,1.953292000,0.000000
1078,1079,1078,1079,0.755423019,True,524.623000,-629.177600,1.953292000,524.623000,-629.177600,1.953292000,0.000000
1079,1080,1080,1081,0.743260497,True,524.072500,-627.809200,1.953292000,523.521900,-626.440800,1.953292000,1.475018
1080,1081,1080,1081,0.755100933,True,523.521900,-626.440800,1.953292000,523.521900,-626.440800,1.953292000,0.000000
1081,1082,1081,1082,0.750072954,True,522.971400,-625.072500,1.953292000,522.971400,-625.072500,1.953292000,0.000000
1082,1083,1082,1083,0.755937057,True,522.420900,-623.704100,1.953292000,522.420900,-623.704100,1.953292000,0.000000
1083,1084,1083,1084,0.745800060,True,521.870400,-622.335700,1.953292000,521.870400,-622.335700,1.953292000,0.000000
1084,1085,1084,1085,0.753596663,True,521.319900,-620.967300,1.953292000,521.319900,-620.967300,1.953292000,0.000000
1085,1086,1085,1086,0.741754469,True,520.769400,-619.598900,1.953292000,520.769400,-619.598900,1.953292000,0.000000
1086,1087,1086,1087,0.751977129,True,520.218900,-618.230500,1.953292000,520.218900,-618.230500,1.953292000,0.000000
1087,1088,1087,1088,0.767074154,True,519.668400,-616.862100,1.953292000,519.668400,-616.862100,1.953292000,0.000000
1088,1089,1088,1089,0.751563331,True,519.117800,-615.493800,1.962096000,519.117800,-615.493800,1.962096000,0.000000
1089,1090,1089,1090,0.752164380,True,518.567300,-614.125400,1.984694000,518.567300,-614.125400,1.984694000,0.000000
1090,1091,1091,1092,0.750600406,True,518.016800,-612.757000,2.007299000,517.466300,-611.388600,2.029888000,1.474981
1091,1092,-1,-1,nan,False,517.466300,-611.388600,2.029888000,,,,
1092,1093,-1,-1,nan,False,516.823800,-610.088800,2.029888000,,,,
1093,1094,-1,-1,nan,False,516.181300,-608.789000,2.029888000,,,,
1094,1095,-1,-1,nan,False,515.538800,-607.489300,2.029888000,,,,
1095,1096,-1,-1,nan,False,514.896300,-606.189500,2.029888000,,,,
1096,1097,-1,-1,nan,False,514.253800,-604.889700,2.029888000,,,,
1097,1098,-1,-1,nan,False,513.611300,-603.589900,2.029888000,,,,
1098,1099,-1,-1,nan,False,512.968800,-602.290100,2.029888000,,,,
1099,1100,-1,-1,nan,False,512.326300,-600.990400,2.029888000,,,,
1100,1101,-1,-1,nan,False,511.683800,-599.690600,2.029888000,,,,
1101,1102,-1,-1,nan,False,511.041300,-598.390800,2.029888000,,,,
1102,1103,-1,-1,nan,False,510.398700,-597.091000,2.029888000,,,,
1103,1104,-1,-1,nan,False,509.756200,-595.791300,2.029888000,,,,
1104,1105,-1,-1,nan,False,509.113700,-594.491500,2.029888000,,,,
1105,1106,-1,-1,nan,False,508.471200,-593.191700,2.042942000,,,,
1106,1107,-1,-1,nan,False,507.828700,-591.891900,2.106551000,,,,
1107,1108,-1,-1,nan,False,507.186200,-590.592100,2.253244000,,,,
1108,1109,-1,-1,nan,False,506.543700,-589.292400,2.518664000,,,,
1109,1110,-1,-1,nan,False,505.838700,-588.166800,2.833372000,,,,
1110,1111,-1,-1,nan,False,504.999200,-587.326600,3.134448000,,,,
1111,1112,-1,-1,nan,False,504.059200,-586.775300,-2.878761000,,,,
1112,1113,-1,-1,nan,False,503.053000,-586.516700,-2.653393000,,,,
1113,1114,-1,-1,nan,False,502.014700,-586.554500,-2.474969000,,,,
1114,1115,-1,-1,nan,False,500.978700,-586.892300,-2.348879000,,,,
1115,1116,-1,-1,nan,False,499.979000,-587.533800,-2.271778000,,,,
