query_array_index,query_frame_id,matched_ref_index,matched_ref_frame_id,quality,valid,gt_x,gt_y,gt_yaw_rad,est_x,est_y,est_yaw_rad,xy_error
0,1,-1,-1,nan,False,499.050000,-588.482800,-2.245104000,,,,
1,2,-1,-1,nan,False,498.143000,-589.617400,-2.245104000,,,,
2,3,-1,-1,nan,False,497.236100,-590.752100,-2.245104000,,,,
3,4,-1,-1,nan,False,496.329200,-591.886700,-2.245104000,,,,
4,5,-1,-1,nan,False,495.422300,-593.021400,-2.245104000,,,,
5,6,-1,-1,nan,False,494.515400,-594.156000,-2.245104000,,,,
6,7,-1,-1,nan,False,493.608500,-595.290700,-2.312361000,,,,
7,8,-1,-1,nan,False,492.701600,-596.425300,-2.470564000,,,,
8,9,-1,-1,nan,False,491.794700,-597.560000,-2.631028000,,,,
9,10,-1,-1,nan,False,490.887800,-598.694600,-2.785773000,,,,
10,11,-1,-1,nan,False,489.539800,-599.195600,-2.785773000,,,,
11,12,-1,-1,nan,False,488.191800,-599.696500,-2.785773000,,,,
12,13,-1,-1,nan,False,486.843800,-600.197500,-2.785773000,,,,
13,14,-1,-1,nan,False,485.495800,-600.698400,-2.785773000,,,,
14,15,-1,-1,nan,False,484.147800,-601.199400,-2.785773000,,,,
15,16,-1,-1,nan,False,482.799900,-601.700400,-2.785773000,,,,
16,17,-1,-1,nan,False,481.451900,-602.201300,-2.785773000,,,,
17,18,-1,-1,nan,False,480.103900,-602.702300,-2.785773000,,,,
18,19,-1,-1,nan,False,478.755900,-603.203300,-2.785773000,,,,
19,20,-1,-1,nan,False,477.407900,-603.704200,-2.770426000,,,,
20,21,-1,-1,nan,False,476.059900,-604.205200,-2.738189000,,,,
21,22,-1,-1,nan,False,474.711900,-604.706100,-2.705935000,,,,
22,23,-1,-1,nan,False,473.363900,-605.207100,-2.673730000,,,,
23,24,-1,-1,nan,False,472.107200,-605.842100,-2.673730000,,,,
24,25,-1,-1,nan,False,470.850400,-606.477200,-2.673730000,,,,
25,26,402,403,0.999328190,True,469.593600,-607.112200,-2.673730000,274.495300,-317.075300,3.028709000,349.549353
26,27,152,153,0.989457967,True,468.336800,-607.747200,-2.673730000,357.689700,-534.280700,2.406516000,132.816066
27,28,1078,1079,0.992595728,True,467.080000,-608.382200,-2.675408000,524.623000,-629.177600,1.953292000,61.185337
28,29,57,58,0.998308026,True,465.823300,-609.017300,-2.678456000,432.856900,-631.779600,-2.763816000,40.061276
29,30,720,721,0.987927869,True,464.566500,-609.652300,-2.681503000,118.327700,-604.304300,-0.918441000,346.280100
30,31,278,279,0.998252325,True,463.309700,-610.287300,-2.684551000,336.982600,-387.602600,1.036594000,256.021507
31,32,279,280,0.985069137,True,462.053400,-610.905100,-2.684551000,337.731300,-386.337000,1.036594000,256.684273
32,33,31,32,0.990537571,True,460.797200,-611.522900,-2.684551000,462.053400,-610.905100,-2.684551000,1.399898
33,34,61,62,0.993955761,True,459.540900,-612.140700,-2.684551000,427.359000,-633.444800,2.980449000,38.594551
34,35,33,34,0.967816833,True,458.284700,-612.758500,-2.684551000,459.540900,-612.140700,-2.684551000,1.399898
35,36,34,35,0.949492866,True,457.028400,-613.376300,-2.684551000,458.284700,-612.758500,-2.684551000,1.399988
36,37,35,36,0.953732415,True,455.772100,-613.994100,-2.684551000,457.028400,-613.376300,-2.684551000,1.399988
37,38,256,257,0.999146764,True,454.515900,-614.611900,-2.684551000,324.654800,-417.810000,1.237245000,235.785693
38,39,65,66,0.990578296,True,453.259600,-615.229600,-2.684551000,421.685300,-632.522500,2.980449000,35.999733
39,40,257,258,0.991797517,True,452.003400,-615.847400,-2.614261000,325.144500,-416.396600,1.237245000,236.376399
40,41,257,258,0.985602378,True,450.747100,-616.465200,-2.487948000,325.144500,-416.396600,1.237245000,236.227555
41,42,259,260,0.972601750,True,449.490800,-617.083000,-2.360761000,326.124000,-413.569900,1.237245000,237.985187
42,43,259,260,0.994587039,True,448.234600,-617.700800,-2.236720000,326.124000,-413.569900,1.237245000,237.866397
43,44,259,260,0.999158017,True,447.376700,-618.792700,-2.236720000,326.124000,-413.569900,1.237245000,238.366556
44,45,260,261,0.980837688,True,446.518900,-619.884600,-2.236720000,326.613700,-412.156500,1.237245000,239.850413
45,46,275,276,0.992399307,True,445.661000,-620.976500,-2.236720000,334.736500,-391.399400,1.036594000,254.970370
46,47,263,264,0.989473183,True,444.803200,-622.068500,-2.236720000,328.082900,-407.916400,1.237245000,243.894958
47,48,48,49,0.998797327,True,443.945300,-623.160400,-2.236720000,443.087500,-624.252300,-2.236720000,1.388548
48,49,264,265,0.999502714,True,443.087500,-624.252300,-2.236720000,328.572600,-406.503100,1.237245000,246.025154
49,50,50,51,0.978681726,True,442.229600,-625.344200,-2.313501000,441.371800,-626.436100,-2.445115000,1.388548
50,51,51,52,0.942083617,True,441.371800,-626.436100,-2.445115000,440.513900,-627.528000,-2.577650000,1.388610
51,52,51,52,0.936844809,True,440.513900,-627.528000,-2.577650000,440.513900,-627.528000,-2.577650000,0.000000
52,53,52,53,0.895257281,True,439.656100,-628.619900,-2.706569000,439.656100,-628.619900,-2.706569000,0.000000
53,54,53,54,0.858697104,True,438.296300,-629.251800,-2.706569000,438.296300,-629.251800,-2.706569000,0.000000
54,55,54,55,0.843007684,True,436.936400,-629.883800,-2.706569000,436.936400,-629.883800,-2.706569000,0.000000
55,56,56,57,0.817311978,True,435.576600,-630.515700,-2.706569000,434.216800,-631.147600,-2.706569000,1.499451
56,57,57,58,0.794434626,True,434.216800,-631.147600,-2.706569000,432.856900,-631.779600,-2.763816000,1.499584
57,58,57,58,0.822432584,True,432.856900,-631.779600,-2.763816000,432.856900,-631.779600,-2.763816000,0.000000
58,59,58,59,0.810405341,True,431.497100,-632.411500,-2.943406000,431.497100,-632.411500,-2.943406000,0.000000
59,60,59,60,0.782295754,True,430.137300,-633.043400,-3.126996000,430.137300,-633.043400,-3.126996000,0.000000
60,61,60,61,0.751120751,True,428.777400,-633.675400,2.980449000,428.777400,-633.675400,2.980449000,0.000000
61,62,61,62,0.773461184,True,427.359000,-633.444800,2.980449000,427.359000,-633.444800,2.980449000,0.000000
62,63,62,63,0.761169667,True,425.940600,-633.214200,2.980449000,425.940600,-633.214200,2.980449000,0.000000
63,64,64,65,0.741239585,True,424.522200,-632.983700,2.980449000,423.103700,-632.753100,2.980449000,1.437122
64,65,65,66,0.722412707,True,423.103700,-632.753100,2.980449000,421.685300,-632.522500,2.980449000,1.437023
65,66,65,66,0.722792681,True,421.685300,-632.522500,2.980449000,421.685300,-632.522500,2.980449000,0.000000
66,67,67,68,0.701405158,True,420.266900,-632.292000,2.980449000,418.848500,-632.061400,2.980449000,1.437023
67,68,67,68,0.694015794,True,418.848500,-632.061400,2.980449000,418.848500,-632.061400,2.980449000,0.000000
68,69,69,70,0.678708262,True,417.430100,-631.830800,2.901273000,416.011600,-631.600300,2.727963000,1.437106
69,70,70,71,0.668091625,True,416.011600,-631.600300,2.727963000,414.593200,-631.369700,2.551872000,1.437023
70,71,70,71,0.666286422,True,414.593200,-631.369700,2.551872000,414.593200,-631.369700,2.551872000,0.000000
71,72,72,73,0.669770315,True,413.174800,-631.139100,2.383463000,412.143100,-630.162200,2.383463000,1.420823
72,73,72,73,0.688776334,True,412.143100,-630.162200,2.383463000,412.143100,-630.162200,2.383463000,0.000000
73,74,73,74,0.691023539,True,411.111300,-629.185200,2.383463000,411.111300,-629.185200,2.383463000,0.000000
74,75,74,75,0.667365298,True,410.079600,-628.208300,2.383463000,410.079600,-628.208300,2.383463000,0.000000
75,76,75,76,0.667151773,True,409.047900,-627.231300,2.293741000,409.047900,-627.231300,2.293741000,0.000000
76,77,76,77,0.665336396,True,408.016100,-626.254400,2.111198000,408.016100,-626.254400,2.111198000,0.000000
77,78,77,78,0.658853585,True,406.984400,-625.277500,1.925649000,406.984400,-625.277500,1.925649000,0.000000
78,79,78,79,0.642646501,True,405.952700,-624.300500,1.749272000,405.952700,-624.300500,1.749272000,0.000000
79,80,80,81,0.616411553,True,405.704900,-622.927200,1.749272000,405.457200,-621.553900,1.749272000,1.395460
80,81,80,81,0.616141527,True,405.457200,-621.553900,1.749272000,405.457200,-621.553900,1.749272000,0.000000
81,82,82,83,0.628026973,True,405.209500,-620.180600,1.749272000,404.961700,-618.807300,1.749272000,1.395478
82,83,83,84,0.592614480,True,404.961700,-618.807300,1.749272000,404.714000,-617.433900,1.749272000,1.395558
83,84,83,84,0.593900735,True,404.714000,-617.433900,1.749272000,404.714000,-617.433900,1.749272000,0.000000
84,85,84,85,0.599551009,True,404.466200,-616.060600,1.749272000,404.466200,-616.060600,1.749272000,0.000000
85,86,85,86,0.584244360,True,404.218500,-614.687300,1.726706000,404.218500,-614.687300,1.726706000,0.000000
86,87,87,88,0.590323456,True,403.970800,-613.314000,1.687900000,403.723000,-611.940700,1.649070000,1.395478
87,88,87,88,0.575310424,True,403.723000,-611.940700,1.649070000,403.723000,-611.940700,1.649070000,0.000000
88,89,88,89,0.578923751,True,403.475300,-610.567400,1.610332000,403.475300,-610.567400,1.610332000,0.000000
89,90,89,90,0.569743640,True,403.416500,-609.082400,1.610332000,403.416500,-609.082400,1.610332000,0.000000
90,91,91,92,0.569121273,True,403.357800,-607.597500,1.610332000,403.299100,-606.112500,1.610332000,1.486160
91,92,91,92,0.563305433,True,403.299100,-606.112500,1.610332000,403.299100,-606.112500,1.610332000,0.000000
92,93,92,93,0.567992678,True,403.240300,-604.627600,1.610332000,403.240300,-604.627600,1.610332000,0.000000
93,94,93,94,0.562129392,True,403.181600,-603.142700,1.610332000,403.181600,-603.142700,1.610332000,0.000000
94,95,94,95,0.568548492,True,403.122900,-601.657700,1.610332000,403.122900,-601.657700,1.610332000,0.000000
95,96,95,96,0.563842476,True,403.064100,-600.172800,1.610332000,403.064100,-600.172800,1.610332000,0.000000
96,97,96,97,0.570383902,True,403.005400,-598.687900,1.610332000,403.005400,-598.687900,1.610332000,0.000000
97,98,97,98,0.574583461,True,402.946600,-597.202900,1.656553000,402.946600,-597.202900,1.656553000,0.000000
98,99,98,99,0.568390193,True,402.887900,-595.718000,1.786641000,402.887900,-595.718000,1.786641000,0.000000
99,100,99,100,0.564264030,True,402.829200,-594.233000,1.918154000,402.829200,-594.233000,1.918154000,0.000000
100,101,100,101,0.581814295,True,402.770400,-592.748100,2.046645000,402.770400,-592.748100,2.046645000,0.000000
101,102,101,102,0.593642085,True,402.120500,-591.486900,2.046645000,402.120500,-591.486900,2.046645000,0.000000
102,103,102,103,0.604708212,True,401.470600,-590.225800,2.046645000,401.470600,-590.225800,2.046645000,0.000000
103,104,103,104,0.617543656,True,400.820600,-588.964600,2.046645000,400.820600,-588.964600,2.046645000,0.000000
104,105,104,105,0.619926471,True,400.170700,-587.703400,2.046645000,400.170700,-587.703400,2.046645000,0.000000
105,106,105,106,0.633033471,True,399.520700,-586.442300,2.046645000,399.520700,-586.442300,2.046645000,0.000000
106,107,106,107,0.631243135,True,398.870800,-585.181100,2.082659000,398.870800,-585.181100,2.082659000,0.000000
107,108,107,108,0.636077313,True,398.220900,-583.919900,2.151916000,398.220900,-583.919900,2.151916000,0.000000
108,109,108,109,0.633716432,True,397.570900,-582.658800,2.221330000,397.570900,-582.658800,2.221330000,0.000000
109,110,109,110,0.641570093,True,396.921000,-581.397600,2.290240000,396.921000,-581.397600,2.290240000,0.000000
110,111,110,111,0.631110528,True,395.990100,-580.335000,2.290240000,395.990100,-580.335000,2.290240000,0.000000
111,112,111,112,0.646373327,True,395.059100,-579.272400,2.290240000,395.059100,-579.272400,2.290240000,0.000000
112,113,112,113,0.651120090,True,394.128200,-578.209800,2.290240000,394.128200,-578.209800,2.290240000,0.000000
113,114,113,114,0.678539005,True,393.197200,-577.147200,2.290240000,393.197200,-577.147200,2.290240000,0.000000
114,115,114,115,0.682288499,True,392.266300,-576.084500,2.290240000,392.266300,-576.084500,2.290240000,0.000000
115,116,115,116,0.691598409,True,391.335400,-575.021900,2.290240000,391.335400,-575.021900,2.290240000,0.000000
116,117,116,117,0.724302592,True,390.404400,-573.959300,2.290240000,390.404400,-573.959300,2.290240000,0.000000
117,118,117,118,0.717456766,True,389.473500,-572.896700,2.290240000,389.473500,-572.896700,2.290240000,0.000000
118,119,118,119,0.728206352,True,388.542600,-571.834100,2.302303000,388.542600,-571.834100,2.302303000,0.000000
119,120,119,120,0.735311012,True,387.611600,-570.771500,2.324690000,387.611600,-570.771500,2.324690000,0.000000
120,121,120,121,0.746605292,True,386.680700,-569.708900,2.347083000,386.680700,-569.708900,2.347083000,0.000000
121,122,121,122,0.751522297,True,385.749800,-568.646300,2.369459000,385.749800,-568.646300,2.369459000,0.000000
122,123,122,123,0.751824492,True,384.747500,-567.670200,2.369459000,384.747500,-567.670200,2.369459000,0.000000
123,124,123,124,0.765827933,True,383.745200,-566.694200,2.369459000,383.745200,-566.694200,2.369459000,0.000000
124,125,124,125,0.760919730,True,382.742900,-565.718100,2.369459000,382.742900,-565.718100,2.369459000,0.000000
125,126,126,127,0.739125418,True,381.740600,-564.742100,2.369459000,380.738300,-563.766000,2.369459000,1.399063
126,127,126,127,0.763487039,True,380.738300,-563.766000,2.369459000,380.738300,-563.766000,2.369459000,0.000000
127,128,128,129,0.758823753,True,379.736000,-562.790000,2.369459000,378.733700,-561.813900,2.369459000,1.399063
128,129,128,129,0.782817115,True,378.733700,-561.813900,2.369459000,378.733700,-561.813900,2.369459000,0.000000
129,130,129,130,0.781211860,True,377.731400,-560.837900,2.369459000,377.731400,-560.837900,2.369459000,0.000000
130,131,131,132,0.737377710,True,376.729100,-559.861800,2.369459000,375.726900,-558.885800,2.369459000,1.398921
131,132,132,133,0.739489839,True,375.726900,-558.885800,2.369459000,374.724600,-557.909800,2.316618000,1.398993
132,133,132,133,0.762492182,True,374.724600,-557.909800,2.316618000,374.724600,-557.909800,2.316618000,0.000000
133,134,133,134,0.763435484,True,373.722300,-556.933700,2.223190000,373.722300,-556.933700,2.223190000,0.000000
134,135,134,135,0.789528740,True,372.720000,-555.957700,2.129412000,372.720000,-555.957700,2.129412000,0.000000
135,136,136,137,0.769876608,True,371.717700,-554.981600,2.036912000,371.045000,-553.644500,2.036912000,1.496784
136,137,136,137,0.781746942,True,371.045000,-553.644500,2.036912000,371.045000,-553.644500,2.036912000,0.000000
137,138,137,138,0.799192361,True,370.372300,-552.307400,2.036912000,370.372300,-552.307400,2.036912000,0.000000
138,139,140,141,0.784891223,True,369.699700,-550.970300,2.036912000,368.354300,-548.296200,2.036912000,2.993478
139,140,141,142,0.793320246,True,369.027000,-549.633200,2.036912000,367.681600,-546.959100,2.036912000,2.993478
140,141,142,143,0.781393854,True,368.354300,-548.296200,2.036912000,367.009000,-545.622000,2.036912000,2.993523
141,142,142,143,0.800994391,True,367.681600,-546.959100,2.036912000,367.009000,-545.622000,2.036912000,1.496739
142,143,143,144,0.817062739,True,367.009000,-545.622000,2.036912000,366.336300,-544.284900,2.073976000,1.496784
143,144,144,145,0.829225923,True,366.336300,-544.284900,2.073976000,365.663600,-542.947800,2.184828000,1.496784
144,145,145,146,0.828942453,True,365.663600,-542.947800,2.184828000,364.990900,-541.610700,2.296590000,1.496784
145,146,146,147,0.830164241,True,364.990900,-541.610700,2.296590000,364.318300,-540.273600,2.406516000,1.496739
146,147,147,148,0.842814428,True,364.318300,-540.273600,2.406516000,363.213500,-539.274800,2.406516000,1.489357
147,148,148,149,0.854842327,True,363.213500,-539.274800,2.406516000,362.108700,-538.276000,2.406516000,1.489357
148,149,149,150,0.848579818,True,362.108700,-538.276000,2.406516000,361.004000,-537.277200,2.406516000,1.489283
149,150,150,151,0.850462691,True,361.004000,-537.277200,2.406516000,359.899200,-536.278400,2.406516000,1.489357
150,151,151,152,0.862332125,True,359.899200,-536.278400,2.406516000,358.794500,-535.279500,2.406516000,1.489350
151,152,152,153,0.854146545,True,358.794500,-535.279500,2.406516000,357.689700,-534.280700,2.406516000,1.489357
152,153,153,154,0.847182537,True,357.689700,-534.280700,2.406516000,356.585000,-533.281900,2.406516000,1.489283
153,154,154,155,0.835046972,True,356.585000,-533.281900,2.406516000,355.480200,-532.283100,2.406516000,1.489357
154,155,155,156,0.844039824,True,355.480200,-532.283100,2.406516000,354.375500,-531.284300,2.447274000,1.489283
155,156,156,157,0.875312640,True,354.375500,-531.284300,2.447274000,353.270700,-530.285500,2.563726000,1.489357
156,157,157,158,0.902905791,True,353.270700,-530.285500,2.563726000,352.165900,-529.286700,2.681207000,1.489357
157,158,158,159,0.960638361,True,352.165900,-529.286700,2.681207000,351.061200,-528.287900,2.796535000,1.489283
158,159,158,159,0.948824607,True,351.061200,-528.287900,2.796535000,351.061200,-528.287900,2.796535000,0.000000
159,160,159,160,0.988205360,True,349.700500,-527.798800,2.796535000,349.700500,-527.798800,2.796535000,0.000000
160,161,160,161,0.983077711,True,348.339800,-527.309700,2.796535000,348.339800,-527.309700,2.796535000,0.000000
161,162,161,162,0.976682194,True,346.979200,-526.820600,2.796535000,346.979200,-526.820600,2.796535000,0.000000
162,163,162,163,0.957604792,True,345.618500,-526.331600,2.796535000,345.618500,-526.331600,2.796535000,0.000000
163,164,163,164,0.988500127,True,344.257800,-525.842500,2.796535000,344.257800,-525.842500,2.796535000,0.000000
164,165,163,164,0.952926356,True,342.897200,-525.353400,2.796535000,344.257800,-525.842500,2.796535000,1.445839
165,166,164,165,0.911419281,True,341.536500,-524.864300,2.796535000,342.897200,-525.353400,2.796535000,1.445933
166,167,168,169,0.893116919,True,340.175800,-524.375300,2.796535000,337.454500,-523.397100,2.663859000,2.891773
167,168,166,167,0.874355606,True,338.815200,-523.886200,2.755232000,340.175800,-524.375300,2.796535000,1.445839
168,169,167,168,0.851434799,True,337.454500,-523.397100,2.663859000,338.815200,-523.886200,2.755232000,1.445933
169,170,168,169,0.860270223,True,336.093800,-522.908000,2.572069000,337.454500,-523.397100,2.663859000,1.445933
170,171,169,170,0.873900890,True,334.733200,-522.419000,2.481392000,336.093800,-522.908000,2.572069000,1.445805
171,172,170,171,0.859384975,True,333.624300,-521.558000,2.481392000,334.733200,-522.419000,2.481392000,1.403916
172,173,171,172,0.870033218,True,332.515400,-520.697000,2.481392000,333.624300,-521.558000,2.481392000,1.403916
173,174,172,173,0.887090539,True,331.406500,-519.836100,2.481392000,332.515400,-520.697000,2.481392000,1.403855
174,175,173,174,0.894164369,True,330.297700,-518.975100,2.481392000,331.406500,-519.836100,2.481392000,1.403837
175,176,174,175,0.899693072,True,329.188800,-518.114200,2.504698000,330.297700,-518.975100,2.481392000,1.403855
176,177,175,176,0.906687683,True,328.079900,-517.253200,2.546319000,329.188800,-518.114200,2.504698000,1.403916
177,178,176,177,0.934540058,True,326.971000,-516.392200,2.587971000,328.079900,-517.253200,2.546319000,1.403916
178,179,177,178,0.932012555,True,325.862200,-515.531300,2.629511000,326.971000,-516.392200,2.587971000,1.403776
179,180,178,179,0.927311514,True,324.695600,-514.875600,2.629511000,325.862200,-515.531300,2.629511000,1.338244
180,181,179,180,0.895218793,True,323.529000,-514.219800,2.629511000,324.695600,-514.875600,2.629511000,1.338293
181,182,180,181,0.925539717,True,322.362400,-513.564100,2.629511000,323.529000,-514.219800,2.629511000,1.338244
182,183,181,182,0.931584076,True,321.195800,-512.908400,2.629511000,322.362400,-513.564100,2.629511000,1.338244
183,184,182,183,0.940946638,True,320.029300,-512.252600,2.538597000,321.195800,-512.908400,2.629511000,1.338206
184,185,184,185,0.928043796,True,318.862700,-511.596900,2.411477000,318.862700,-511.596900,2.411477000,0.000000
185,186,186,187,0.918029550,True,317.696100,-510.941200,2.283812000,316.529500,-510.285500,2.159654000,1.338244
186,187,187,188,0.908572742,True,316.529500,-510.285500,2.159654000,315.789100,-509.176800,2.159654000,1.333195
187,188,188,189,0.850197967,True,315.789100,-509.176800,2.159654000,315.048600,-508.068200,2.159654000,1.333167
188,189,189,190,0.824587585,True,315.048600,-508.068200,2.159654000,314.308100,-506.959600,2.159654000,1.333167
189,190,190,191,0.833549105,True,314.308100,-506.959600,2.159654000,313.567700,-505.850900,2.159654000,1.333195
190,191,191,192,0.786639326,True,313.567700,-505.850900,2.159654000,312.827200,-504.742300,2.039703000,1.333167
191,192,192,193,0.782687069,True,312.827200,-504.742300,2.039703000,312.086800,-503.633700,1.871549000,1.333111
192,193,193,194,0.768936369,True,312.086800,-503.633700,1.871549000,311.346300,-502.525000,1.702195000,1.333250
193,194,193,194,0.780972104,True,311.346300,-502.525000,1.702195000,311.346300,-502.525000,1.702195000,0.000000
194,195,194,195,0.774913417,True,310.605900,-501.416400,1.540916000,310.605900,-501.416400,1.540916000,0.000000
195,196,195,196,0.762588117,True,310.647400,-500.025400,1.540916000,310.647400,-500.025400,1.540916000,0.000000
196,197,196,197,0.753190562,True,310.689000,-498.634400,1.540916000,310.689000,-498.634400,1.540916000,0.000000
197,198,197,198,0.735586736,True,310.730600,-497.243500,1.540916000,310.730600,-497.243500,1.540916000,0.000000
198,199,198,199,0.754038237,True,310.772200,-495.852500,1.540916000,310.772200,-495.852500,1.540916000,0.000000
199,200,199,200,0.762636700,True,310.813700,-494.461500,1.540916000,310.813700,-494.461500,1.540916000,0.000000
200,201,200,201,0.762371143,True,310.855300,-493.070500,1.540916000,310.855300,-493.070500,1.540916000,0.000000
201,202,201,202,0.746313829,True,310.896900,-491.679500,1.540916000,310.896900,-491.679500,1.540916000,0.000000
202,203,203,204,0.760115780,True,310.938500,-490.288600,1.456758000,310.980000,-488.897600,1.309543000,1.391619
203,204,203,204,0.759725734,True,310.980000,-488.897600,1.309543000,310.980000,-488.897600,1.309543000,0.000000
204,205,204,205,0.770505719,True,311.021600,-487.506600,1.161010000,311.021600,-487.506600,1.161010000,0.000000
205,206,205,206,0.768429548,True,311.063200,-486.115600,1.017504000,311.063200,-486.115600,1.017504000,0.000000
206,207,206,207,0.769851387,True,311.744500,-485.012500,1.017504000,311.744500,-485.012500,1.017504000,0.000000
207,208,207,208,0.777568656,True,312.425800,-483.909400,1.017504000,312.425800,-483.909400,1.017504000,0.000000
208,209,208,209,0.767958027,True,313.107100,-482.806300,1.017504000,313.107100,-482.806300,1.017504000,0.000000
209,210,209,210,0.769092408,True,313.788500,-481.703300,1.126862000,313.788500,-481.703300,1.126862000,0.000000
210,211,211,212,0.758090776,True,314.469800,-480.600200,1.258790000,315.151100,-479.497100,1.391050000,1.296534
211,212,211,212,0.755450771,True,315.151100,-479.497100,1.391050000,315.151100,-479.497100,1.391050000,0.000000
212,213,212,213,0.758294974,True,315.832400,-478.394000,1.519153000,315.832400,-478.394000,1.519153000,0.000000
213,214,214,215,0.750148929,True,315.909700,-476.899500,1.519256000,315.986900,-475.405000,1.519600000,1.496493
214,215,214,215,0.759807839,True,315.986900,-475.405000,1.519600000,315.986900,-475.405000,1.519600000,0.000000
215,216,215,216,0.752674025,True,316.064200,-473.910500,1.520218000,316.064200,-473.910500,1.520218000,0.000000
216,217,216,217,0.757375008,True,316.141400,-472.415900,1.519983000,316.141400,-472.415900,1.519983000,0.000000
217,218,217,218,0.760090475,True,316.187800,-471.500900,1.518393000,316.187800,-471.500900,1.518393000,0.000000
218,219,218,219,0.762223590,True,316.234200,-470.585800,1.515466000,316.234200,-470.585800,1.515466000,0.000000
219,220,219,220,0.753396987,True,316.305500,-469.143000,1.507882000,316.305500,-469.143000,1.507882000,0.000000
220,221,220,221,0.744865136,True,316.365500,-467.958600,1.500641000,316.365500,-467.958600,1.500641000,0.000000
221,222,221,222,0.738337157,True,316.424300,-466.903700,1.494522000,316.424300,-466.903700,1.494522000,0.000000
222,223,222,223,0.731555989,True,316.491900,-465.849400,1.490031000,316.491900,-465.849400,1.490031000,0.000000
223,224,223,224,0.723695574,True,316.578600,-464.666800,1.486970000,316.578600,-464.666800,1.486970000,0.000000
224,225,224,225,0.728986664,True,316.694300,-463.227100,1.485282000,316.694300,-463.227100,1.485282000,0.000000
225,226,225,226,0.725299778,True,316.771700,-462.314100,1.485023000,316.771700,-462.314100,1.485023000,0.000000
226,227,226,227,0.723471754,True,316.849100,-461.401200,1.484764000,316.849100,-461.401200,1.484764000,0.000000
227,228,227,228,0.721754549,True,316.976400,-459.925200,1.484764000,316.976400,-459.925200,1.484764000,0.000000
228,229,228,229,0.708364572,True,317.103700,-458.449200,1.484764000,317.103700,-458.449200,1.484764000,0.000000
229,230,229,230,0.704306397,True,317.231000,-456.973200,1.484764000,317.231000,-456.973200,1.484764000,0.000000
230,231,230,231,0.713757865,True,317.358300,-455.497100,1.484764000,317.358300,-455.497100,1.484764000,0.000000
231,232,231,232,0.725071579,True,317.485600,-454.021100,1.484764000,317.485600,-454.021100,1.484764000,0.000000
232,233,232,233,0.704045577,True,317.612900,-452.545100,1.484764000,317.612900,-452.545100,1.484764000,0.000000
233,234,234,235,0.691168929,True,317.740200,-451.069100,1.484764000,317.867500,-449.593100,1.484764000,1.481479
234,235,235,236,0.664874354,True,317.867500,-449.593100,1.484764000,317.994800,-448.117100,1.484764000,1.481479
235,236,235,236,0.660805856,True,317.994800,-448.117100,1.484764000,317.994800,-448.117100,1.484764000,0.000000
236,237,236,237,0.662326234,True,318.122100,-446.641100,1.484764000,318.122100,-446.641100,1.484764000,0.000000
237,238,238,239,0.665599217,True,318.249400,-445.165100,1.484764000,318.376700,-443.689000,1.484764000,1.481579
238,239,238,239,0.649626532,True,318.376700,-443.689000,1.484764000,318.376700,-443.689000,1.484764000,0.000000
239,240,239,240,0.660394367,True,318.504000,-442.213000,1.484764000,318.504000,-442.213000,1.484764000,0.000000
240,241,240,241,0.673694889,True,318.631300,-440.737000,1.484764000,318.631300,-440.737000,1.484764000,0.000000
241,242,241,242,0.664989432,True,318.758600,-439.261000,1.484764000,318.758600,-439.261000,1.484764000,0.000000
242,243,243,244,0.656203830,True,318.885900,-437.785000,1.457458000,319.013200,-436.309000,1.384038000,1.481479
243,244,243,244,0.658019238,True,319.013200,-436.309000,1.384038000,319.013200,-436.309000,1.384038000,0.000000
244,245,244,245,0.649627240,True,319.140500,-434.833000,1.310369000,319.140500,-434.833000,1.310369000,0.000000
245,246,245,246,0.645870752,True,319.267800,-433.356900,1.237245000,319.267800,-433.356900,1.237245000,0.000000
246,247,246,247,0.619125490,True,319.757500,-431.943600,1.237245000,319.757500,-431.943600,1.237245000,0.000000
247,248,247,248,0.607367094,True,320.247300,-430.530200,1.237245000,320.247300,-430.530200,1.237245000,0.000000
248,249,248,249,0.612720355,True,320.737000,-429.116900,1.237245000,320.737000,-429.116900,1.237245000,0.000000
249,250,249,250,0.607102820,True,321.226700,-427.703500,1.237245000,321.226700,-427.703500,1.237245000,0.000000
250,251,250,251,0.602753934,True,321.716400,-426.290100,1.237245000,321.716400,-426.290100,1.237245000,0.000000
251,252,251,252,0.595230663,True,322.206200,-424.876800,1.237245000,322.206200,-424.876800,1.237245000,0.000000
252,253,252,253,0.596947330,True,322.695900,-423.463400,1.237245000,322.695900,-423.463400,1.237245000,0.000000
253,254,253,254,0.600762825,True,323.185600,-422.050000,1.237245000,323.185600,-422.050000,1.237245000,0.000000
254,255,254,255,0.592454726,True,323.675300,-420.636700,1.237245000,323.675300,-420.636700,1.237245000,0.000000
255,256,255,256,0.592464429,True,324.165100,-419.223300,1.237245000,324.165100,-419.223300,1.237245000,0.000000
256,257,256,257,0.598534345,True,324.654800,-417.810000,1.237245000,324.654800,-417.810000,1.237245000,0.000000
257,258,258,259,0.614423834,True,325.144500,-416.396600,1.237245000,325.634200,-414.983200,1.237245000,1.495829
258,259,258,259,0.609076431,True,325.634200,-414.983200,1.237245000,325.634200,-414.983200,1.237245000,0.000000
259,260,259,260,0.609110930,True,326.124000,-413.569900,1.237245000,326.124000,-413.569900,1.237245000,0.000000
260,261,261,262,0.599109831,True,326.613700,-412.156500,1.237245000,327.103400,-410.743200,1.237245000,1.495735
261,262,261,262,0.613566152,True,327.103400,-410.743200,1.237245000,327.103400,-410.743200,1.237245000,0.000000
262,263,263,264,0.630226315,True,327.593200,-409.329800,1.237245000,328.082900,-407.916400,1.237245000,1.495829
263,264,264,265,0.626013317,True,328.082900,-407.916400,1.237245000,328.572600,-406.503100,1.237245000,1.495735
264,265,264,265,0.635010025,True,328.572600,-406.503100,1.237245000,328.572600,-406.503100,1.237245000,0.000000
265,266,265,266,0.643318404,True,329.062300,-405.089700,1.237245000,329.062300,-405.089700,1.237245000,0.000000
266,267,267,268,0.656222805,True,329.552100,-403.676300,1.237245000,330.041800,-402.263000,1.237245000,1.495735
267,268,267,268,0.670810345,True,330.041800,-402.263000,1.237245000,330.041800,-402.263000,1.237245000,0.000000
268,269,268,269,0.694751120,True,330.531500,-400.849600,1.237245000,330.531500,-400.849600,1.237245000,0.000000
269,270,269,270,0.689783614,True,331.021200,-399.436300,1.216773000,331.021200,-399.436300,1.216773000,0.000000
270,271,270,271,0.690635246,True,331.511000,-398.022900,1.156712000,331.511000,-398.022900,1.156712000,0.000000
271,272,271,272,0.700343986,True,332.000700,-396.609500,1.096507000,332.000700,-396.609500,1.096507000,0.000000
272,273,272,273,0.688448877,True,332.490400,-395.196200,1.036594000,332.490400,-395.196200,1.036594000,0.000000
273,274,273,274,0.713461554,True,333.239100,-393.930600,1.036594000,333.239100,-393.930600,1.036594000,0.000000
274,275,274,275,0.698982450,True,333.987800,-392.665000,1.036594000,333.987800,-392.665000,1.036594000,0.000000
275,276,275,276,0.692672146,True,334.736500,-391.399400,1.036594000,334.736500,-391.399400,1.036594000,0.000000
276,277,276,277,0.683461360,True,335.485200,-390.133800,1.036594000,335.485200,-390.133800,1.036594000,0.000000
277,278,277,278,0.671070210,True,336.233900,-388.868200,1.036594000,336.233900,-388.868200,1.036594000,0.000000
278,279,278,279,0.694409762,True,336.982600,-387.602600,1.036594000,336.982600,-387.602600,1.036594000,0.000000
279,280,279,280,0.693955105,True,337.731300,-386.337000,1.036594000,337.731300,-386.337000,1.036594000,0.000000
280,281,280,281,0.697278768,True,338.480000,-385.071400,1.036594000,338.480000,-385.071400,1.036594000,0.000000
281,282,281,282,0.708351730,True,339.228700,-383.805800,1.036594000,339.228700,-383.805800,1.036594000,0.000000
282,283,282,283,0.712294630,True,339.977400,-382.540200,1.036594000,339.977400,-382.540200,1.036594000,0.000000
283,284,283,284,0.719674714,True,340.726000,-381.274700,1.036594000,340.726000,-381.274700,1.036594000,0.000000
284,285,284,285,0.713515279,True,341.474700,-380.009100,1.036594000,341.474700,-380.009100,1.036594000,0.000000
285,286,285,286,0.718171232,True,342.223400,-378.743500,1.036594000,342.223400,-378.743500,1.036594000,0.000000
286,287,286,287,0.725930376,True,342.972100,-377.477900,1.036594000,342.972100,-377.477900,1.036594000,0.000000
287,288,287,288,0.749428857,True,343.720800,-376.212300,1.036594000,343.720800,-376.212300,1.036594000,0.000000
288,289,288,289,0.765416667,True,344.469500,-374.946700,1.036594000,344.469500,-374.946700,1.036594000,0.000000
289,290,289,290,0.786016710,True,345.218200,-373.681100,1.036594000,345.218200,-373.681100,1.036594000,0.000000
290,291,290,291,0.808647778,True,345.966900,-372.415500,1.036594000,345.966900,-372.415500,1.036594000,0.000000
291,292,291,292,0.813257366,True,346.715600,-371.149900,1.036594000,346.715600,-371.149900,1.036594000,0.000000
292,293,292,293,0.808542107,True,347.464300,-369.884300,1.036594000,347.464300,-369.884300,1.036594000,0.000000
293,294,293,294,0.825760428,True,348.213000,-368.618700,1.036594000,348.213000,-368.618700,1.036594000,0.000000
294,295,294,295,0.819725165,True,348.961700,-367.353100,1.036594000,348.961700,-367.353100,1.036594000,0.000000
295,296,295,296,0.847034000,True,349.710400,-366.087600,1.036594000,349.710400,-366.087600,1.036594000,0.000000
296,297,296,297,0.831486892,True,350.459100,-364.822000,1.036594000,350.459100,-364.822000,1.036594000,0.000000
297,298,297,298,0.832877150,True,351.207800,-363.556400,1.036594000,351.207800,-363.556400,1.036594000,0.000000
298,299,298,299,0.851521170,True,351.956500,-362.290800,1.036594000,351.956500,-362.290800,1.036594000,0.000000
299,300,299,300,0.845594238,True,352.705200,-361.025200,1.036594000,352.705200,-361.025200,1.036594000,0.000000
300,301,300,301,0.886833438,True,353.453900,-359.759600,1.036594000,353.453900,-359.759600,1.036594000,0.000000
301,302,301,302,0.867897918,True,354.202500,-358.494000,1.036594000,354.202500,-358.494000,1.036594000,0.000000
302,303,302,303,0.886703944,True,354.951200,-357.228400,1.036594000,354.951200,-357.228400,1.036594000,0.000000
303,304,303,304,0.887248161,True,355.699900,-355.962800,1.036594000,355.699900,-355.962800,1.036594000,0.000000
304,305,304,305,0.892834059,True,356.448600,-354.697200,1.036594000,356.448600,-354.697200,1.036594000,0.000000
305,306,305,306,0.899191656,True,357.197300,-353.431600,1.036594000,357.197300,-353.431600,1.036594000,0.000000
306,307,306,307,0.885188814,True,357.946000,-352.166000,1.107397000,357.946000,-352.166000,1.107397000,0.000000
307,308,307,308,0.875457122,True,358.694700,-350.900500,1.294040000,358.694700,-350.900500,1.294040000,0.000000
308,309,308,309,0.890015806,True,359.443400,-349.634900,1.484724000,359.443400,-349.634900,1.484724000,0.000000
309,310,309,310,0.890234976,True,360.192100,-348.369300,1.666232000,360.192100,-348.369300,1.666232000,0.000000
310,311,310,311,0.877801034,True,360.054400,-346.931200,1.666232000,360.054400,-346.931200,1.666232000,0.000000
311,312,311,312,0.877484368,True,359.916800,-345.493100,1.666232000,359.916800,-345.493100,1.666232000,0.000000
312,313,312,313,0.881513645,True,359.779100,-344.055100,1.666232000,359.779100,-344.055100,1.666232000,0.000000
313,314,313,314,0.862600178,True,359.641500,-342.617000,1.666232000,359.641500,-342.617000,1.666232000,0.000000
314,315,314,315,0.839787589,True,359.503800,-341.178900,1.666232000,359.503800,-341.178900,1.666232000,0.000000
315,316,315,316,0.827004614,True,359.366100,-339.740800,1.666232000,359.366100,-339.740800,1.666232000,0.000000
316,317,316,317,0.821599302,True,359.228500,-338.302800,1.666232000,359.228500,-338.302800,1.666232000,0.000000
317,318,317,318,0.817108496,True,359.090800,-336.864700,1.666232000,359.090800,-336.864700,1.666232000,0.000000
318,319,318,319,0.818477795,True,358.953100,-335.426600,1.666232000,358.953100,-335.426600,1.666232000,0.000000
319,320,319,320,0.829610034,True,358.815500,-333.988500,1.666232000,358.815500,-333.988500,1.666232000,0.000000
320,321,320,321,0.835578933,True,358.677800,-332.550500,1.666232000,358.677800,-332.550500,1.666232000,0.000000
321,322,321,322,0.815312451,True,358.540200,-331.112400,1.666232000,358.540200,-331.112400,1.666232000,0.000000
322,323,322,323,0.833234951,True,358.402500,-329.674300,1.666232000,358.402500,-329.674300,1.666232000,0.000000
323,324,323,324,0.842057985,True,358.264800,-328.236200,1.666232000,358.264800,-328.236200,1.666232000,0.000000
324,325,324,325,0.830721064,True,358.127200,-326.798200,1.666232000,358.127200,-326.798200,1.666232000,0.000000
325,326,325,326,0.841339267,True,357.989500,-325.360100,1.666232000,357.989500,-325.360100,1.666232000,0.000000
326,327,326,327,0.848380790,True,357.851900,-323.922000,1.666232000,357.851900,-323.922000,1.666232000,0.000000
327,328,327,328,0.884476451,True,357.714200,-322.484000,1.666232000,357.714200,-322.484000,1.666232000,0.000000
328,329,328,329,0.900970773,True,357.576500,-321.045900,1.742773000,357.576500,-321.045900,1.742773000,0.000000
329,330,329,330,0.912689594,True,357.438900,-319.607800,1.916987000,357.438900,-319.607800,1.916987000,0.000000
330,331,330,331,0.927803447,True,357.301200,-318.169700,2.094130000,357.301200,-318.169700,2.094130000,0.000000
331,332,331,332,0.925128204,True,357.163600,-316.731700,2.263549000,357.163600,-316.731700,2.263549000,0.000000
332,333,332,333,0.937918578,True,356.217000,-315.591200,2.263549000,356.217000,-315.591200,2.263549000,0.000000
333,334,333,334,0.947206187,True,355.270400,-314.450700,2.263549000,355.270400,-314.450700,2.263549000,0.000000
334,335,334,335,0.951724727,True,354.323900,-313.310300,2.263549000,354.323900,-313.310300,2.263549000,0.000000
335,336,335,336,0.988449079,True,353.377300,-312.169800,2.263549000,353.377300,-312.169800,2.263549000,0.000000
336,337,336,337,0.989874580,True,352.430700,-311.029300,2.263549000,352.430700,-311.029300,2.263549000,0.000000
337,338,596,597,0.993937169,True,351.484200,-309.888800,2.263549000,88.168800,-432.233800,-1.831098000,290.350304
338,339,597,598,0.987320272,True,350.537600,-308.748400,2.263549000,87.787200,-433.666800,-1.831098000,290.933634
339,340,598,599,0.999786437,True,349.591100,-307.607900,2.263549000,87.405500,-435.099800,-1.831098000,291.539832
340,341,929,930,0.995312390,True,348.644500,-306.467400,2.263549000,386.532800,-673.554900,-0.467132000,369.037608
341,342,930,931,0.988988304,True,347.697900,-305.327000,2.263549000,387.852900,-674.220800,-0.467132000,371.072850
342,343,931,932,0.983358454,True,346.751400,-304.186500,2.263549000,389.173100,-674.886600,-0.467132000,373.119505
343,344,930,931,0.997499509,True,345.804800,-303.046000,2.263549000,387.852900,-674.220800,-0.467132000,373.548892
344,345,931,932,0.989625287,True,344.858300,-301.905600,2.263549000,389.173100,-674.886600,-0.467132000,375.604350
345,346,933,934,0.995341489,True,343.911700,-300.765100,2.271182000,391.813400,-676.218300,-0.467132000,378.496603
346,347,933,934,0.987171577,True,342.965100,-299.624600,2.312862000,391.813400,-676.218300,-0.467132000,379.748563
347,348,935,936,0.971136682,True,342.018600,-298.484200,2.416515000,394.453700,-677.549900,-0.467132000,382.675116
348,349,935,936,0.980306330,True,341.072000,-297.343700,2.613796000,394.453700,-677.549900,-0.467132000,383.935360
349,350,935,936,0.993641592,True,340.125500,-296.351200,2.873196000,394.453700,-677.549900,-0.467132000,385.050649
350,351,822,823,0.992684867,True,339.150600,-295.612600,3.136989000,244.851300,-604.992000,-0.393477000,323.431556
351,352,854,855,0.993683581,True,338.157000,-295.127700,-2.902244000,287.869500,-622.787700,-0.391148000,331.496468
352,353,354,355,0.975296994,True,337.154400,-294.896200,-2.692361000,335.161000,-295.192700,-2.388495000,2.015330
353,354,606,607,0.979203942,True,336.152500,-294.917900,-2.522212000,84.352100,-446.563800,-1.831098000,293.938634
354,355,287,288,0.995104397,True,335.161000,-295.192700,-2.388495000,343.720800,-376.212300,1.036594000,81.470521
355,356,861,862,0.994861281,True,334.189500,-295.720300,-2.294979000,297.267500,-626.663400,-0.391148000,332.996351
356,357,1026,1027,0.992778383,True,333.247700,-296.500600,-2.238895000,514.747500,-698.661400,0.807407000,441.220451
357,358,1062,1063,0.998490724,True,332.345300,-297.533300,-2.219980000,530.703400,-651.919200,1.678358000,406.122275
358,359,863,864,0.995247817,True,331.515800,-298.626300,-2.219980000,299.952600,-627.770800,-0.391148000,330.654408
359,360,864,865,0.994248256,True,330.686200,-299.719300,-2.219980000,301.295200,-628.324400,-0.406057000,329.916872
360,361,679,680,0.982409588,True,329.856700,-300.812400,-2.219980000,98.612100,-548.159500,-1.324871000,338.606930
361,362,680,681,0.979692765,True,329.027200,-301.905400,-2.219980000,98.970700,-549.588100,-1.324871000,338.042472
362,363,389,390,0.994906051,True,328.197700,-302.998400,-2.219980000,293.632600,-318.091800,-3.099910000,37.716798
363,364,389,390,0.955083641,True,327.368200,-304.091400,-2.219980000,293.632600,-318.091800,-3.099910000,36.525360
364,365,390,391,0.997733758,True,326.538700,-305.184500,-2.219980000,292.145500,-318.153800,-3.099910000,36.757243
365,366,390,391,0.970006618,True,325.709100,-306.277500,-2.313787000,292.145500,-318.153800,-3.099910000,35.602833
366,367,390,391,0.983364758,True,324.879600,-307.370500,-2.465364000,292.145500,-318.153800,-3.099910000,34.464487
367,368,685,686,0.990401283,True,324.050100,-308.463500,-2.618196000,100.763600,-556.731000,-1.324871000,333.906593
368,369,393,394,0.968030104,True,323.220600,-309.556600,-2.765395000,287.684300,-318.339900,3.074667000,36.605669
369,370,687,688,0.992054944,True,321.842900,-310.100800,-2.765395000,101.480700,-559.588200,-1.305426000,332.871540
370,371,627,628,0.988429039,True,320.465200,-310.645000,-2.765395000,81.762300,-473.135000,-1.381090000,288.759545
371,372,688,689,0.999158333,True,319.087500,-311.189200,-2.765395000,101.839300,-561.016800,-1.291481000,331.074931
372,373,628,629,0.987482245,True,317.709800,-311.733400,-2.765395000,82.042700,-474.595600,-1.381090000,286.466539
373,374,600,601,0.993505765,True,316.332100,-312.277600,-2.765395000,86.642200,-437.965800,-1.831098000,261.830048
374,375,629,630,0.985693414,True,314.954400,-312.821800,-2.765395000,82.323200,-476.056300,-1.381090000,284.187926
375,376,630,631,0.993219641,True,313.576600,-313.366000,-2.765395000,82.603700,-477.517000,-1.381090000,283.362015
376,377,632,633,0.984381325,True,312.198900,-313.910200,-2.765395000,83.164600,-480.438300,-1.381090000,283.175420
377,378,633,634,0.967524183,True,310.821200,-314.454400,-2.765395000,83.445100,-481.899000,-1.381090000,282.378443
378,379,633,634,0.958631875,True,309.443500,-314.998700,-2.765395000,83.445100,-481.899000,-1.381090000,280.946591
379,380,633,634,0.974240662,True,308.065800,-315.542900,-2.765395000,83.445100,-481.899000,-1.381090000,279.515314
380,381,635,636,0.993770946,True,306.688100,-316.087100,-2.802120000,84.006000,-484.820300,-1.381090000,279.388995
381,382,635,636,0.993150839,True,305.310400,-316.631300,-2.901422000,84.006000,-484.820300,-1.381090000,277.962546
382,383,638,639,0.956527239,True,303.932700,-317.175500,-3.001341000,84.847400,-489.202300,-1.381090000,278.552668
383,384,639,640,0.946076502,True,302.555000,-317.719700,-3.099910000,85.127900,-490.663000,-1.381090000,277.819958
384,385,639,640,0.978091228,True,301.067900,-317.781700,-3.099910000,85.127900,-490.663000,-1.381090000,276.618921
385,386,640,641,0.984612947,True,299.580800,-317.843700,-3.099910000,85.408400,-492.123700,-1.381090000,276.121957
386,387,642,643,0.986590901,True,298.093800,-317.905800,-3.099910000,85.969300,-495.045000,-1.381090000,276.360452
387,388,642,643,0.931537275,True,296.606700,-317.967800,-3.099910000,85.969300,-495.045000,-1.381090000,275.180757
388,389,643,644,0.935480425,True,295.119600,-318.029800,-3.099910000,86.249800,-496.505700,-1.381090000,274.736674
389,390,643,644,0.974860171,True,293.632600,-318.091800,-3.099910000,86.249800,-496.505700,-1.381090000,273.567442
390,391,644,645,0.986411241,True,292.145500,-318.153800,-3.099910000,86.530300,-497.966300,-1.381090000,273.148578
391,392,645,646,0.968944199,True,290.658400,-318.215900,-3.116399000,86.810700,-499.427000,-1.381090000,272.747773
392,393,134,135,0.995438505,True,289.171300,-318.277900,3.120758000,372.720000,-555.957700,2.129412000,251.936644
393,394,647,648,0.991085748,True,287.684300,-318.339900,3.074667000,87.371700,-502.348300,-1.375044000,272.000421
394,395,241,242,0.984912951,True,286.197200,-318.401900,3.028709000,318.758600,-439.261000,1.484764000,125.168554
395,396,242,243,0.997342389,True,284.734500,-318.236100,3.028709000,318.885900,-437.785000,1.457458000,124.331242
396,397,241,242,0.965230706,True,283.271700,-318.070300,3.028709000,318.758600,-439.261000,1.484764000,126.279475
397,398,242,243,0.963224067,True,281.809000,-317.904500,3.028709000,318.885900,-437.785000,1.457458000,125.483189
398,399,243,244,0.970192955,True,280.346300,-317.738600,3.028709000,319.013200,-436.309000,1.384038000,124.715953
399,400,244,245,0.974547586,True,278.883500,-317.572800,3.028709000,319.140500,-434.833000,1.310369000,123.978145
400,401,244,245,0.965803482,True,277.420800,-317.407000,3.028709000,319.140500,-434.833000,1.310369000,124.617009
401,402,244,245,0.988540740,True,275.958100,-317.241200,3.028709000,319.140500,-434.833000,1.310369000,125.269913
402,403,142,143,0.988705909,True,274.495300,-317.075300,3.028709000,367.009000,-545.622000,2.036912000,246.561106
403,404,249,250,0.998421085,True,273.032600,-316.909500,3.028709000,321.226700,-427.703500,1.237245000,120.822108
404,405,1088,1089,0.996058167,True,271.569900,-316.743700,3.028709000,519.117800,-615.493800,1.962096000,387.984001
405,406,249,250,0.992060042,True,270.107100,-316.577900,3.028709000,321.226700,-427.703500,1.237245000,122.319714
406,407,249,250,0.999038740,True,268.644400,-316.412100,3.028709000,321.226700,-427.703500,1.237245000,123.088074
407,408,608,609,0.990600840,True,267.181700,-316.246200,3.028709000,83.588800,-449.429800,-1.831098000,226.813192
408,409,984,985,0.999319459,True,265.718900,-316.080400,3.028709000,459.734400,-707.650300,-0.320988000,437.000001
409,410,1092,1093,0.968969359,True,264.256200,-315.914600,3.024555000,516.823800,-610.088800,2.029888000,387.722649
410,411,1092,1093,0.963137374,True,262.793500,-315.748800,2.999861000,516.823800,-610.088800,2.029888000,388.802558
411,412,1093,1094,0.982563226,True,261.330700,-315.582900,2.912166000,516.181300,-608.789000,2.029888000,388.482490
412,413,1094,1095,0.975753639,True,259.868000,-315.417100,2.705987000,515.538800,-607.489300,2.029888000,388.167139
413,414,1094,1095,0.984379597,True,259.119600,-315.305200,2.567921000,515.538800,-607.489300,2.029888000,388.744588
414,415,1096,1097,0.987568784,True,258.371300,-315.193200,2.413760000,514.253800,-604.889700,2.029888000,386.522853
415,416,1096,1097,0.980939470,True,257.224800,-314.863700,2.195106000,514.253800,-604.889700,2.029888000,387.529338
416,417,1097,1098,0.999292371,True,256.345900,-314.363500,2.054505000,513.611300,-603.589900,2.029888000,387.088357
417,418,1098,1099,0.995433654,True,255.652000,-313.627900,1.973216000,512.968800,-602.290100,2.029888000,386.701178
418,419,394,395,0.998163764,True,255.060500,-312.591900,1.933439000,286.197200,-318.401900,3.028709000,31.674125
419,420,1100,1101,0.974917173,True,254.774600,-311.891300,2.016152000,511.683800,-599.690600,2.029888000,385.785917
420,421,264,265,0.996642384,True,254.488700,-311.190700,2.128387000,328.572600,-406.503100,1.237245000,120.718175
421,422,264,265,0.998221110,True,254.070300,-310.051100,2.327298000,328.572600,-406.503100,1.237245000,121.875268
422,423,998,999,0.998924615,True,253.651900,-308.911600,2.525868000,478.876600,-712.277100,0.093525000,461.984731
423,424,398,399,0.998288105,True,253.233500,-307.772000,2.712850000,280.346300,-317.738600,3.028709000,28.886624
424,425,267,268,0.989761289,True,252.137100,-307.264400,2.733382000,330.041800,-402.263000,1.237245000,122.857138
425,426,268,269,0.983317121,True,251.040700,-306.756900,2.791019000,330.531500,-400.849600,1.237245000,123.175580
426,427,269,270,0.998769041,True,249.944300,-306.249300,2.912004000,331.021200,-399.436300,1.216773000,123.520365
427,428,61,62,0.999506295,True,249.205700,-305.922900,3.020110000,427.359000,-633.444800,2.980449000,372.839367
428,429,319,320,0.997733953,True,248.467000,-305.596600,3.136790000,358.815500,-333.988500,1.666232000,113.942492
429,430,1003,1004,0.993774501,True,247.297800,-305.193700,-2.980240000,485.670600,-711.639900,0.126642000,471.190095
430,431,607,608,0.979839443,True,246.277800,-305.034300,-2.875693000,83.970500,-447.996800,-1.831098000,216.291322
431,432,1019,1020,0.997564289,True,245.248400,-305.112100,-2.818339000,507.170800,-704.997800,0.636338000,478.029201
432,433,321,322,0.997380374,True,244.050900,-305.420800,-2.793171000,358.540200,-331.112400,1.666232000,117.336517
433,434,151,152,0.998385108,True,243.288600,-305.687400,-2.707585000,358.794500,-535.279500,2.406516000,257.010010
434,435,279,280,0.996161887,True,242.526400,-305.954100,-2.579073000,337.731300,-386.337000,1.036594000,124.600897
435,436,730,731,0.995309878,True,241.393100,-306.373100,-2.380974000,127.194100,-615.910500,-0.808232000,329.931529
436,437,208,209,0.998143586,True,240.259700,-306.792000,-2.185197000,313.107100,-482.806300,1.017504000,190.493510
437,438,799,800,0.998029743,True,239.126300,-307.211000,-2.012961000,217.470300,-611.457100,0.615218000,305.015855
438,439,733,734,0.978487758,True,238.618900,-308.313700,-2.053357000,130.071800,-619.076700,-0.653071000,329.174900
439,440,211,212,0.999005853,True,238.111500,-309.416400,-2.158785000,315.151100,-479.497100,1.391050000,186.715143
440,441,734,735,0.998991537,True,237.604100,-310.519100,-2.352112000,131.176300,-619.921700,-0.653071000,327.195424
441,442,735,736,0.986885957,True,236.928100,-311.845300,-2.655502000,132.280800,-620.766700,-0.653071000,326.164818
442,443,80,81,0.995564835,True,236.248700,-312.810900,-2.882923000,405.457200,-621.553900,1.749272000,352.070670
443,444,80,81,0.998270430,True,235.486300,-313.465400,-3.029859000,405.457200,-621.553900,1.749272000,351.864506
444,445,264,265,0.997130465,True,234.561400,-313.857900,-3.115771000,328.572600,-406.503100,1.237245000,131.989541
445,446,86,87,0.995093706,True,233.394500,-314.037700,3.124508000,403.970800,-613.314000,1.687900000,344.474350
446,447,1043,1044,0.998239006,True,231.906100,-314.054300,3.112554000,528.391100,-678.976500,1.302063000,470.182483
447,448,207,208,0.997765867,True,230.427800,-314.011400,3.112554000,312.425800,-483.909400,1.017504000,188.650477
448,449,585,586,0.962201090,True,228.949500,-313.968400,3.112554000,92.367200,-416.470800,-1.831098000,170.767288
449,450,586,587,0.997635465,True,227.471300,-313.925500,3.112554000,91.985600,-417.903800,-1.831098000,170.786012
450,451,722,723,0.973381907,True,225.993000,-313.882500,3.112554000,120.101000,-606.625500,-0.918441000,311.306247
451,452,95,96,0.990874095,True,224.514700,-313.839600,3.112554000,403.064100,-600.172800,1.610332000,337.441239
452,453,96,97,0.981864311,True,223.036400,-313.796700,3.112554000,403.005400,-598.687900,1.610332000,336.974534
453,454,97,98,0.989374113,True,221.558100,-313.753700,3.112554000,402.946600,-597.202900,1.656553000,336.519296
454,455,98,99,0.987288895,True,220.079800,-313.710800,3.112554000,402.887900,-595.718000,1.786641000,336.075679
455,456,467,468,0.996976198,True,218.601600,-313.667800,3.112554000,200.862100,-313.152600,3.112554000,17.746980
456,457,468,469,0.996863302,True,217.123300,-313.624900,3.112554000,199.383800,-313.109600,3.112554000,17.746983
457,458,96,97,0.992038966,True,215.645000,-313.582000,3.112554000,403.005400,-598.687900,1.610332000,341.158751
458,459,1050,1051,0.987029862,True,214.166700,-313.539000,3.112554000,531.022900,-669.419900,1.357850000,476.496659
459,460,1051,1052,0.994656247,True,212.688400,-313.496100,3.112554000,531.398900,-668.054700,1.464923000,476.747505
460,461,467,468,0.985551298,True,211.210100,-313.453100,3.112554000,200.862100,-313.152600,3.112554000,10.352362
461,462,467,468,0.991932832,True,209.731800,-313.410200,3.112554000,200.862100,-313.152600,3.112554000,8.873440
462,463,1055,1056,0.998385170,True,208.253600,-313.367300,3.112554000,531.829200,-662.345400,1.678358000,475.906381
463,464,1056,1057,0.989502482,True,206.775300,-313.324300,3.112554000,531.668400,-660.855900,1.678358000,475.745457
464,465,1056,1057,0.979847150,True,205.297000,-313.281400,3.112554000,531.668400,-660.855900,1.678358000,476.787504
465,466,1060,1061,0.972468388,True,203.818700,-313.238400,3.112554000,531.025100,-654.898100,1.678358000,473.070163
466,467,1060,1061,0.968357863,True,202.340400,-313.195500,3.112554000,531.025100,-654.898100,1.678358000,474.124771
467,468,1062,1063,0.969600975,True,200.862100,-313.152600,3.112554000,530.703400,-651.919200,1.678358000,472.819302
468,469,1060,1061,0.959173871,True,199.383800,-313.109600,3.112554000,531.025100,-654.898100,1.678358000,476.240833
469,470,1062,1063,0.972526444,True,197.905600,-313.066700,3.112554000,530.703400,-651.919200,1.678358000,474.947779
470,471,1066,1067,0.977415251,True,196.427300,-313.023700,3.112554000,530.060100,-645.961400,1.705912000,471.336777
471,472,1065,1066,0.970063939,True,194.949000,-312.980800,3.112554000,530.220900,-647.450900,1.678358000,473.579449
472,473,1067,1068,0.966274144,True,193.470700,-312.937900,3.121133000,529.899300,-644.472000,1.788373000,472.333635
473,474,1066,1067,0.982920396,True,191.992400,-312.894900,-3.139511000,530.060100,-645.961400,1.705912000,474.576720
474,475,1067,1068,0.973949338,True,190.514100,-312.852000,-3.116962000,529.899300,-644.472000,1.788373000,474.504097
475,476,1070,1071,0.988964822,True,189.035800,-312.809000,-3.094429000,529.027100,-640.124700,1.953292000,471.942424
476,477,1072,1073,0.979206439,True,187.540500,-312.879600,-3.094429000,527.926100,-637.387900,1.953292000,470.285013
477,478,1073,1074,0.958813996,True,186.045200,-312.950200,-3.094429000,527.375500,-636.019500,1.953292000,469.978879
478,479,1074,1075,0.966781581,True,184.549800,-313.020800,-3.094429000,526.825000,-634.651100,1.953292000,469.678999
479,480,1070,1071,0.998603990,True,183.054500,-313.091300,-3.094429000,529.027100,-640.124700,1.953292000,476.075503
480,481,1075,1076,0.963525646,True,181.559100,-313.161900,-3.094429000,526.274500,-633.282800,1.953292000,470.431820
481,482,1075,1076,0.956342911,True,180.063800,-313.232500,-3.094429000,526.274500,-633.282800,1.953292000,471.480692
482,483,1078,1079,0.956360093,True,178.568400,-313.303100,-3.094429000,524.623000,-629.177600,1.953292000,468.540805
483,484,1078,1079,0.950236649,True,177.073100,-313.373700,-3.094429000,524.623000,-629.177600,1.953292000,469.598803
484,485,1079,1080,0.944182309,True,175.577700,-313.444200,-3.094429000,524.072500,-627.809200,1.953292000,469.333548
485,486,1079,1080,0.958926576,True,174.082400,-313.514800,-3.094429000,524.072500,-627.809200,1.953292000,470.397747
486,487,1078,1079,0.970041711,True,172.587000,-313.585400,-3.094429000,524.623000,-629.177600,1.953292000,472.787248
487,488,1079,1080,0.975383318,True,171.091700,-313.656000,-3.094429000,524.072500,-627.809200,1.953292000,472.533256
488,489,1082,1083,0.969839953,True,169.596400,-313.726600,-3.094429000,522.420900,-623.704100,1.953292000,469.650059
489,490,1083,1084,0.972765758,True,168.101000,-313.797100,-3.094429000,521.870400,-622.335700,1.953292000,469.413310
490,491,1085,1086,0.990045922,True,166.605700,-313.867700,-3.094429000,520.769400,-619.598900,1.953292000,467.871236
491,492,1085,1086,0.997731520,True,165.110300,-313.938300,-3.094429000,520.769400,-619.598900,1.953292000,468.958205
492,493,1089,1090,0.986886991,True,163.615000,-314.008900,-3.094429000,518.567300,-614.125400,1.984694000,464.823675
493,494,83,84,0.993265112,True,162.119600,-314.079400,-3.094429000,404.714000,-617.433900,1.749272000,388.427594
494,495,1092,1093,0.997724432,True,160.624300,-314.150000,-3.094429000,516.823800,-610.088800,2.029888000,463.095948
495,496,1092,1093,0.989199619,True,159.128900,-314.220600,-3.094429000,516.823800,-610.088800,2.029888000,464.202147
496,497,1093,1094,0.994828204,True,157.633600,-314.291200,-3.094429000,516.181300,-608.789000,2.029888000,463.988585
497,498,624,625,0.989934234,True,156.138200,-314.361800,-3.094429000,80.920900,-468.753000,-1.381090000,171.739002
498,499,624,625,0.984584757,True,154.642900,-314.432300,-3.094429000,80.920900,-468.753000,-1.381090000,171.025763
499,500,624,625,0.991652289,True,153.147600,-314.502900,-3.094429000,80.920900,-468.753000,-1.381090000,170.322604
500,501,416,417,0.990580687,True,151.652200,-314.573500,-3.094429000,256.345900,-314.363500,2.054505000,104.693911
501,502,627,628,0.996059071,True,150.156900,-314.644100,-3.034439000,81.762300,-473.135000,-1.381090000,172.618616
502,503,393,394,0.986874958,True,148.661500,-314.714700,-2.848650000,287.684300,-318.339900,3.074667000,139.070058
503,504,393,394,0.997096700,True,147.166200,-314.785200,-2.658459000,287.684300,-318.339900,3.074667000,140.563055
504,505,629,630,0.983767152,True,145.670800,-314.855800,-2.476999000,82.323200,-476.056300,-1.381090000,173.200807
505,506,393,394,0.993037073,True,144.512000,-315.763700,-2.476999000,287.684300,-318.339900,3.074667000,143.195476
506,507,631,632,0.993311605,True,143.353200,-316.671700,-2.476999000,82.884200,-478.977700,-1.381090000,173.204323
507,508,632,633,0.998695259,True,142.194400,-317.579600,-2.476999000,83.164600,-480.438300,-1.381090000,173.226653
508,509,633,634,0.999783014,True,141.035600,-318.487500,-2.476999000,83.445100,-481.899000,-1.381090000,173.262760
509,510,633,634,0.971353613,True,139.876700,-319.395400,-2.476999000,83.445100,-481.899000,-1.381090000,172.023096
510,511,633,634,0.986812408,True,138.717900,-320.303400,-2.476999000,83.445100,-481.899000,-1.381090000,170.787061
511,512,635,636,0.989733932,True,137.559100,-321.211300,-2.476999000,84.006000,-484.820300,-1.381090000,172.150630
512,513,635,636,0.996347558,True,136.400300,-322.119200,-2.476999000,84.006000,-484.820300,-1.381090000,170.929256
513,514,998,999,0.999994661,True,135.241500,-323.027100,-2.476999000,478.876600,-712.277100,0.093525000,519.230820
514,515,734,735,0.984087547,True,134.082700,-323.935000,-2.476999000,131.176300,-619.921700,-0.653071000,296.000969
515,516,638,639,0.989155177,True,132.923800,-324.843000,-2.476999000,84.847400,-489.202300,-1.381090000,171.246371
516,517,562,563,0.994147432,True,131.765000,-325.750900,-2.476999000,101.624800,-383.688700,-1.869313000,65.308654
517,518,1001,1002,0.998282415,True,130.606200,-326.658800,-2.476999000,482.953000,-711.894800,0.093525000,522.068045
518,519,563,564,0.988856941,True,129.447400,-327.566700,-2.476999000,101.189900,-385.102100,-1.869313000,64.099989
519,520,564,565,0.990236460,True,128.288600,-328.474700,-2.476999000,100.755000,-386.515400,-1.869313000,64.240345
520,521,642,643,0.984722350,True,127.129800,-329.382600,-2.476999000,85.969300,-495.045000,-1.381090000,170.699202
521,522,642,643,0.993297044,True,125.970900,-330.290500,-2.476999000,85.969300,-495.045000,-1.381090000,169.541067
522,523,528,529,0.994700501,True,124.812100,-331.198400,-2.476999000,117.859200,-336.646000,-2.228819000,8.832846
523,524,529,530,0.995029053,True,123.653300,-332.106400,-2.476999000,116.700400,-337.553900,-2.044947000,8.832784
524,525,535,536,0.987248147,True,122.494500,-333.014300,-2.476999000,113.367100,-345.528500,-1.869313000,15.489178
525,526,534,535,0.975205674,True,121.335700,-333.922200,-2.476999000,113.802000,-344.115200,-1.869313000,12.674931
526,527,535,536,0.950188637,True,120.176900,-334.830100,-2.476999000,113.367100,-345.528500,-1.869313000,12.681843
527,528,536,537,0.953238611,True,119.018000,-335.738100,-2.409039000,112.932200,-346.941900,-1.869313000,12.749984
528,529,537,538,0.952817091,True,117.859200,-336.646000,-2.228819000,112.497300,-348.355200,-1.869313000,12.878483
529,530,542,543,0.979172329,True,116.700400,-337.553900,-2.044947000,110.322800,-355.421900,-1.869313000,18.972064
530,531,540,541,0.961945058,True,115.541600,-338.461800,-1.869313000,111.192600,-352.595200,-1.869313000,14.787386
531,532,541,542,0.987032338,True,115.106700,-339.875200,-1.869313000,110.757700,-354.008600,-1.869313000,14.787386
532,533,542,543,0.971828879,True,114.671800,-341.288500,-1.869313000,110.322800,-355.421900,-1.869313000,14.787386
533,534,544,545,0.982034708,True,114.236900,-342.701900,-1.869313000,109.453000,-358.248600,-1.869313000,16.266087
534,535,545,546,0.997084977,True,113.802000,-344.115200,-1.869313000,109.018100,-359.661900,-1.869313000,16.266087
535,536,542,543,0.980530511,True,113.367100,-345.528500,-1.869313000,110.322800,-355.421900,-1.869313000,10.351190
536,537,547,548,0.992107293,True,112.932200,-346.941900,-1.869313000,108.148300,-362.488600,-1.869313000,16.266087
537,538,544,545,0.975573131,True,112.497300,-348.355200,-1.869313000,109.453000,-358.248600,-1.869313000,10.351190
538,539,551,552,0.997131308,True,112.062400,-349.768600,-1.869313000,106.408700,-368.142000,-1.869313000,19.223583
539,540,551,552,0.981281394,True,111.627500,-351.181900,-1.869313000,106.408700,-368.142000,-1.869313000,17.744883
540,541,550,551,0.999493133,True,111.192600,-352.595200,-1.869313000,106.843600,-366.728600,-1.869313000,14.787386
541,542,551,552,0.999393237,True,110.757700,-354.008600,-1.869313000,106.408700,-368.142000,-1.869313000,14.787386
542,543,552,553,0.989414919,True,110.322800,-355.421900,-1.869313000,105.973800,-369.555300,-1.869313000,14.787386
543,544,540,541,0.986717371,True,109.887900,-356.835300,-1.869313000,111.192600,-352.595200,-1.869313000,4.436292
544,545,539,540,0.982630209,True,109.453000,-358.248600,-1.869313000,111.627500,-351.181900,-1.869313000,7.393693
545,546,556,557,0.995622715,True,109.018100,-359.661900,-1.869313000,104.234200,-375.208700,-1.869313000,16.266182
546,547,553,554,0.991093874,True,108.583200,-361.075300,-1.869313000,105.538900,-370.968700,-1.869313000,10.351190
547,548,554,555,0.986440491,True,108.148300,-362.488600,-1.869313000,105.104000,-372.382000,-1.869313000,10.351190
548,549,553,554,0.978293745,True,107.713400,-363.902000,-1.869313000,105.538900,-370.968700,-1.869313000,7.393693
549,550,555,556,0.993147138,True,107.278500,-365.315300,-1.869313000,104.669100,-373.795300,-1.869313000,8.872394
550,551,555,556,0.985194075,True,106.843600,-366.728600,-1.869313000,104.669100,-373.795300,-1.869313000,7.393693
551,552,566,567,0.978229820,True,106.408700,-368.142000,-1.869313000,99.885200,-389.342100,-1.869313000,22.181080
552,553,563,564,0.983274838,True,105.973800,-369.555300,-1.869313000,101.189900,-385.102100,-1.869313000,16.266182
553,554,569,570,0.990362625,True,105.538900,-370.968700,-1.869313000,98.580500,-393.582100,-1.853702000,23.659780
554,555,560,561,0.996169817,True,105.104000,-372.382000,-1.869313000,102.494600,-380.862000,-1.869313000,8.872394
555,556,561,562,0.989960927,True,104.669100,-373.795300,-1.869313000,102.059700,-382.275400,-1.869313000,8.872489
556,557,567,568,0.971624077,True,104.234200,-375.208700,-1.869313000,99.450300,-390.755400,-1.869313000,16.266087
557,558,563,564,0.979401656,True,103.799300,-376.622000,-1.869313000,101.189900,-385.102100,-1.869313000,8.872489
558,559,564,565,0.990743363,True,103.364400,-378.035400,-1.869313000,100.755000,-386.515400,-1.869313000,8.872394
559,560,576,577,0.999248819,True,102.929500,-379.448700,-1.869313000,95.802300,-403.573800,-1.831098000,25.155863
560,561,566,567,0.960696278,True,102.494600,-380.862000,-1.869313000,99.885200,-389.342100,-1.869313000,8.872489
561,562,567,568,0.949630983,True,102.059700,-382.275400,-1.869313000,99.450300,-390.755400,-1.869313000,8.872394
562,563,568,569,0.946085805,True,101.624800,-383.688700,-1.869313000,99.015400,-392.168800,-1.865005000,8.872489
563,564,569,570,0.957151890,True,101.189900,-385.102100,-1.869313000,98.580500,-393.582100,-1.853702000,8.872394
564,565,570,571,0.956663638,True,100.755000,-386.515400,-1.869313000,98.145600,-394.995400,-1.842399000,8.872394
565,566,571,572,0.970860700,True,100.320100,-387.928700,-1.869313000,97.710600,-396.408800,-1.831098000,8.872519
566,567,572,573,0.972980407,True,99.885200,-389.342100,-1.869313000,97.329000,-397.841800,-1.831098000,8.875757
567,568,573,574,0.992815757,True,99.450300,-390.755400,-1.869313000,96.947300,-399.274800,-1.831098000,8.879481
568,569,564,565,0.998634574,True,99.015400,-392.168800,-1.865005000,100.755000,-386.515400,-1.869313000,5.914993
569,570,575,576,0.985565278,True,98.580500,-393.582100,-1.853702000,96.184000,-402.140800,-1.831098000,8.887888
570,571,566,567,0.992769145,True,98.145600,-394.995400,-1.842399000,99.885200,-389.342100,-1.869313000,5.914897
571,572,567,568,0.989038037,True,97.710600,-396.408800,-1.831098000,99.450300,-390.755400,-1.869313000,5.915022
572,573,568,569,0.926993114,True,97.329000,-397.841800,-1.831098000,99.015400,-392.168800,-1.865005000,5.918351
573,574,569,570,0.928718296,True,96.947300,-399.274800,-1.831098000,98.580500,-393.582100,-1.853702000,5.922345
574,575,570,571,0.914324932,True,96.565600,-400.707800,-1.831098000,98.145600,-394.995400,-1.842399000,5.926881
575,576,571,572,0.910956102,True,96.184000,-402.140800,-1.831098000,97.710600,-396.408800,-1.831098000,5.931807
576,577,572,573,0.903621717,True,95.802300,-403.573800,-1.831098000,97.329000,-397.841800,-1.831098000,5.931833
577,578,573,574,0.925341340,True,95.420600,-405.006800,-1.831098000,96.947300,-399.274800,-1.831098000,5.931833
578,579,574,575,0.909681531,True,95.038900,-406.439800,-1.831098000,96.565600,-400.707800,-1.831098000,5.931833
579,580,575,576,0.895682021,True,94.657300,-407.872800,-1.831098000,96.184000,-402.140800,-1.831098000,5.931833
580,581,576,577,0.923643381,True,94.275600,-409.305800,-1.831098000,95.802300,-403.573800,-1.831098000,5.931833
581,582,577,578,0.923527823,True,93.893900,-410.738800,-1.831098000,95.420600,-405.006800,-1.831098000,5.931833
582,583,578,579,0.935069543,True,93.512300,-412.171800,-1.831098000,95.038900,-406.439800,-1.831098000,5.931807
583,584,579,580,0.923724831,True,93.130600,-413.604800,-1.831098000,94.657300,-407.872800,-1.831098000,5.931833
584,585,580,581,0.947566380,True,92.748900,-415.037800,-1.831098000,94.275600,-409.305800,-1.831098000,5.931833
585,586,581,582,0.948546154,True,92.367200,-416.470800,-1.831098000,93.893900,-410.738800,-1.831098000,5.931833
586,587,581,582,0.946588395,True,91.985600,-417.903800,-1.831098000,93.893900,-410.738800,-1.831098000,7.414771
587,588,582,583,0.966619297,True,91.603900,-419.336800,-1.831098000,93.512300,-412.171800,-1.831098000,7.414797
588,589,582,583,0.949423273,True,91.222200,-420.769800,-1.831098000,93.512300,-412.171800,-1.831098000,8.897762
589,590,584,585,0.962800266,True,90.840600,-422.202800,-1.831098000,92.748900,-415.037800,-1.831098000,7.414771
590,591,584,585,0.946087695,True,90.458900,-423.635800,-1.831098000,92.748900,-415.037800,-1.831098000,8.897736
591,592,584,585,0.970620083,True,90.077200,-425.068800,-1.831098000,92.748900,-415.037800,-1.831098000,10.380700
592,593,586,587,0.972669456,True,89.695500,-426.501800,-1.831098000,91.985600,-417.903800,-1.831098000,8.897762
593,594,587,588,0.963739968,True,89.313900,-427.934800,-1.831098000,91.603900,-419.336800,-1.831098000,8.897736
594,595,587,588,0.972661400,True,88.932200,-429.367800,-1.831098000,91.603900,-419.336800,-1.831098000,10.380700
595,596,589,590,0.964242350,True,88.550500,-430.800800,-1.831098000,90.840600,-422.202800,-1.831098000,8.897762
596,597,589,590,0.963067433,True,88.168800,-432.233800,-1.831098000,90.840600,-422.202800,-1.831098000,10.380726
597,598,591,592,0.985167235,True,87.787200,-433.666800,-1.831098000,90.077200,-425.068800,-1.831098000,8.897736
598,599,591,592,0.985264822,True,87.405500,-435.099800,-1.831098000,90.077200,-425.068800,-1.831098000,10.380700
599,600,593,594,0.977314425,True,87.023800,-436.532800,-1.831098000,89.313900,-427.934800,-1.831098000,8.897762
600,601,593,594,0.967225115,True,86.642200,-437.965800,-1.831098000,89.313900,-427.934800,-1.831098000,10.380700
601,602,594,595,0.987836713,True,86.260500,-439.398800,-1.831098000,88.932200,-429.367800,-1.831098000,10.380700
602,603,595,596,0.986042746,True,85.878800,-440.831800,-1.831098000,88.550500,-430.800800,-1.831098000,10.380700
603,604,596,597,0.982275874,True,85.497100,-442.264800,-1.831098000,88.168800,-432.233800,-1.831098000,10.380700
604,605,584,585,0.994881731,True,85.115500,-443.697800,-1.831098000,92.748900,-415.037800,-1.831098000,29.659137
605,606,599,600,0.989959252,True,84.733800,-445.130800,-1.831098000,87.023800,-436.532800,-1.831098000,8.897736
606,607,600,601,0.988253229,True,84.352100,-446.563800,-1.831098000,86.642200,-437.965800,-1.831098000,8.897762
607,608,601,602,0.984774761,True,83.970500,-447.996800,-1.831098000,86.260500,-439.398800,-1.831098000,8.897736
608,609,602,603,0.995080965,True,83.588800,-449.429800,-1.831098000,85.878800,-440.831800,-1.831098000,8.897736
609,610,124,125,0.992606017,True,83.207100,-450.862800,-1.831098000,382.742900,-565.718100,2.369459000,320.801240
610,611,125,126,0.994027913,True,82.825400,-452.295800,-1.831098000,381.740600,-564.742100,2.369459000,319.365726
611,612,126,127,0.993790242,True,82.443800,-453.728800,-1.831098000,380.738300,-563.766000,2.369459000,317.943067
612,613,614,615,0.970237307,True,82.062100,-455.161800,-1.830367000,81.298800,-458.027800,-1.798331000,2.965903
613,614,593,594,0.997124875,True,81.680400,-456.594800,-1.825315000,89.313900,-427.934800,-1.831098000,29.659163
614,615,669,670,0.979114424,True,81.298800,-458.027800,-1.798331000,95.026200,-533.873600,-1.324871000,77.078057
615,616,669,670,0.992816488,True,80.917100,-459.460800,-1.723924000,95.026200,-533.873600,-1.324871000,75.738573
616,617,618,619,0.995430316,True,80.706100,-460.274600,-1.658288000,80.233000,-462.318900,-1.489468000,2.098329
617,618,1082,1083,0.992259012,True,80.495100,-461.088400,-1.588468000,522.420900,-623.704100,1.953292000,470.895189
618,619,620,621,0.994962729,True,80.233000,-462.318900,-1.489468000,80.159700,-464.393100,-1.396011000,2.075495
619,620,1084,1085,0.994860918,True,80.123500,-463.353400,-1.428217000,521.319900,-620.967300,1.953292000,468.504434
620,621,1085,1086,0.997743420,True,80.159700,-464.393100,-1.396011000,520.769400,-619.598900,1.953292000,467.146388
621,622,623,624,0.998877021,True,80.334300,-465.639100,-1.383323000,80.640400,-467.292300,-1.381090000,1.681299
622,623,1086,1087,0.990330227,True,80.487400,-466.465700,-1.382207000,520.218900,-618.230500,1.953292000,465.184207
623,624,624,625,0.997001870,True,80.640400,-467.292300,-1.381090000,80.920900,-468.753000,-1.381090000,1.487389
624,625,625,626,0.987720399,True,80.920900,-468.753000,-1.381090000,81.201300,-470.213600,-1.381090000,1.487272
625,626,626,627,0.981987832,True,81.201300,-470.213600,-1.381090000,81.481800,-471.674300,-1.381090000,1.487389
626,627,627,628,0.967775132,True,81.481800,-471.674300,-1.381090000,81.762300,-473.135000,-1.381090000,1.487389
627,628,628,629,0.942124563,True,81.762300,-473.135000,-1.381090000,82.042700,-474.595600,-1.381090000,1.487272
628,629,628,629,0.966700321,True,82.042700,-474.595600,-1.381090000,82.042700,-474.595600,-1.381090000,0.000000
629,630,630,631,0.946731939,True,82.323200,-476.056300,-1.381090000,82.603700,-477.517000,-1.381090000,1.487389
630,631,630,631,0.934646499,True,82.603700,-477.517000,-1.381090000,82.603700,-477.517000,-1.381090000,0.000000
631,632,632,633,0.933227500,True,82.884200,-478.977700,-1.381090000,83.164600,-480.438300,-1.381090000,1.487272
632,633,633,634,0.902412032,True,83.164600,-480.438300,-1.381090000,83.445100,-481.899000,-1.381090000,1.487389
633,634,633,634,0.914955291,True,83.445100,-481.899000,-1.381090000,83.445100,-481.899000,-1.381090000,0.000000
634,635,635,636,0.906469938,True,83.725600,-483.359700,-1.381090000,84.006000,-484.820300,-1.381090000,1.487272
635,636,636,637,0.857368330,True,84.006000,-484.820300,-1.381090000,84.286500,-486.281000,-1.381090000,1.487389
636,637,637,638,0.864261869,True,84.286500,-486.281000,-1.381090000,84.567000,-487.741700,-1.381090000,1.487389
637,638,638,639,0.844379679,True,84.567000,-487.741700,-1.381090000,84.847400,-489.202300,-1.381090000,1.487272
638,639,638,639,0.837417193,True,84.847400,-489.202300,-1.381090000,84.847400,-489.202300,-1.381090000,0.000000
639,640,639,640,0.823528351,True,85.127900,-490.663000,-1.381090000,85.127900,-490.663000,-1.381090000,0.000000
640,641,640,641,0.814649648,True,85.408400,-492.123700,-1.381090000,85.408400,-492.123700,-1.381090000,0.000000
641,642,642,643,0.792231754,True,85.688900,-493.584300,-1.381090000,85.969300,-495.045000,-1.381090000,1.487370
642,643,642,643,0.799925524,True,85.969300,-495.045000,-1.381090000,85.969300,-495.045000,-1.381090000,0.000000
643,644,644,645,0.791166390,True,86.249800,-496.505700,-1.381090000,86.530300,-497.966300,-1.381090000,1.487290
644,645,644,645,0.805885903,True,86.530300,-497.966300,-1.381090000,86.530300,-497.966300,-1.381090000,0.000000
645,646,645,646,0.801097134,True,86.810700,-499.427000,-1.381090000,86.810700,-499.427000,-1.381090000,0.000000
646,647,647,648,0.765760897,True,87.091200,-500.887700,-1.381090000,87.371700,-502.348300,-1.375044000,1.487290
647,648,647,648,0.783437939,True,87.371700,-502.348300,-1.375044000,87.371700,-502.348300,-1.375044000,0.000000
648,649,648,649,0.789737052,True,87.652100,-503.809000,-1.358319000,87.652100,-503.809000,-1.358319000,0.000000
649,650,650,651,0.755345311,True,87.932600,-505.269700,-1.341592000,88.213100,-506.730300,-1.324871000,1.487290
650,651,650,651,0.754747446,True,88.213100,-506.730300,-1.324871000,88.213100,-506.730300,-1.324871000,0.000000
651,652,652,653,0.758548289,True,88.571700,-508.158900,-1.324871000,88.930300,-509.587500,-1.324871000,1.472920
652,653,653,654,0.727388264,True,88.930300,-509.587500,-1.324871000,89.288800,-511.016100,-1.324871000,1.472895
653,654,653,654,0.726729540,True,89.288800,-511.016100,-1.324871000,89.288800,-511.016100,-1.324871000,0.000000
654,655,655,656,0.704373877,True,89.647400,-512.444700,-1.324871000,90.006000,-513.873300,-1.324871000,1.472920
655,656,655,656,0.709659917,True,90.006000,-513.873300,-1.324871000,90.006000,-513.873300,-1.324871000,0.000000
656,657,656,657,0.712712971,True,90.364600,-515.301900,-1.324871000,90.364600,-515.301900,-1.324871000,0.000000
657,658,657,658,0.711350187,True,90.723200,-516.730500,-1.324871000,90.723200,-516.730500,-1.324871000,0.000000
658,659,658,659,0.716105499,True,91.081800,-518.159100,-1.324871000,91.081800,-518.159100,-1.324871000,0.000000
659,660,660,661,0.708231665,True,91.440400,-519.587700,-1.324871000,91.798900,-521.016200,-1.324871000,1.472798
660,661,660,661,0.697721220,True,91.798900,-521.016200,-1.324871000,91.798900,-521.016200,-1.324871000,0.000000
661,662,661,662,0.696469573,True,92.157500,-522.444800,-1.324871000,92.157500,-522.444800,-1.324871000,0.000000
662,663,662,663,0.696001591,True,92.516100,-523.873400,-1.324871000,92.516100,-523.873400,-1.324871000,0.000000
663,664,663,664,0.674523441,True,92.874700,-525.302000,-1.324871000,92.874700,-525.302000,-1.324871000,0.000000
664,665,665,666,0.647961537,True,93.233300,-526.730600,-1.324871000,93.591900,-528.159200,-1.324871000,1.472920
665,666,666,667,0.627239337,True,93.591900,-528.159200,-1.324871000,93.950500,-529.587800,-1.324871000,1.472920
666,667,666,667,0.634893165,True,93.950500,-529.587800,-1.324871000,93.950500,-529.587800,-1.324871000,0.000000
667,668,667,668,0.614245726,True,94.309000,-531.016400,-1.324871000,94.309000,-531.016400,-1.324871000,0.000000
668,669,669,670,0.607175483,True,94.667600,-532.445000,-1.324871000,95.026200,-533.873600,-1.324871000,1.472920
669,670,669,670,0.611451356,True,95.026200,-533.873600,-1.324871000,95.026200,-533.873600,-1.324871000,0.000000
670,671,670,671,0.606693036,True,95.384800,-535.302200,-1.324871000,95.384800,-535.302200,-1.324871000,0.000000
671,672,671,672,0.588669050,True,95.743400,-536.730700,-1.324871000,95.743400,-536.730700,-1.324871000,0.000000
672,673,673,674,0.577053925,True,96.102000,-538.159300,-1.324871000,96.460600,-539.587900,-1.324871000,1.472920
673,674,673,674,0.580369876,True,96.460600,-539.587900,-1.324871000,96.460600,-539.587900,-1.324871000,0.000000
674,675,674,675,0.573975916,True,96.819100,-541.016500,-1.324871000,96.819100,-541.016500,-1.324871000,0.000000
675,676,675,676,0.569961285,True,97.177700,-542.445100,-1.324871000,97.177700,-542.445100,-1.324871000,0.000000
676,677,676,677,0.576572028,True,97.536300,-543.873700,-1.324871000,97.536300,-543.873700,-1.324871000,0.000000
677,678,677,678,0.576940329,True,97.894900,-545.302300,-1.324871000,97.894900,-545.302300,-1.324871000,0.000000
678,679,678,679,0.558469422,True,98.253500,-546.730900,-1.324871000,98.253500,-546.730900,-1.324871000,0.000000
679,680,679,680,0.555231378,True,98.612100,-548.159500,-1.324871000,98.612100,-548.159500,-1.324871000,0.000000
680,681,680,681,0.544008428,True,98.970700,-549.588100,-1.324871000,98.970700,-549.588100,-1.324871000,0.000000
681,682,681,682,0.557494718,True,99.329200,-551.016600,-1.324871000,99.329200,-551.016600,-1.324871000,0.000000
682,683,682,683,0.536076807,True,99.687800,-552.445200,-1.324871000,99.687800,-552.445200,-1.324871000,0.000000
683,684,683,684,0.530059023,True,100.046400,-553.873800,-1.324871000,100.046400,-553.873800,-1.324871000,0.000000
684,685,685,686,0.528264479,True,100.405000,-555.302400,-1.324871000,100.763600,-556.731000,-1.324871000,1.472920
685,686,685,686,0.508350323,True,100.763600,-556.731000,-1.324871000,100.763600,-556.731000,-1.324871000,0.000000
686,687,686,687,0.509186369,True,101.122200,-558.159600,-1.319370000,101.122200,-558.159600,-1.319370000,0.000000
687,688,687,688,0.510398933,True,101.480700,-559.588200,-1.305426000,101.480700,-559.588200,-1.305426000,0.000000
688,689,688,689,0.516796541,True,101.839300,-561.016800,-1.291481000,101.839300,-561.016800,-1.291481000,0.000000
689,690,689,690,0.508466180,True,102.197900,-562.445400,-1.277540000,102.197900,-562.445400,-1.277540000,0.000000
690,691,690,691,0.518215091,True,102.624100,-563.856800,-1.277540000,102.624100,-563.856800,-1.277540000,0.000000
691,692,691,692,0.517229371,True,103.050300,-565.268200,-1.277540000,103.050300,-565.268200,-1.277540000,0.000000
692,693,692,693,0.515392238,True,103.476500,-566.679600,-1.277540000,103.476500,-566.679600,-1.277540000,0.000000
693,694,693,694,0.514570193,True,103.902700,-568.091100,-1.277540000,103.902700,-568.091100,-1.277540000,0.000000
694,695,694,695,0.522877495,True,104.328900,-569.502500,-1.277540000,104.328900,-569.502500,-1.277540000,0.000000
695,696,695,696,0.524106978,True,104.755100,-570.913900,-1.277540000,104.755100,-570.913900,-1.277540000,0.000000
696,697,696,697,0.536422660,True,105.181300,-572.325300,-1.277540000,105.181300,-572.325300,-1.277540000,0.000000
697,698,697,698,0.562755422,True,105.607500,-573.736800,-1.277540000,105.607500,-573.736800,-1.277540000,0.000000
698,699,698,699,0.575491658,True,106.033700,-575.148200,-1.277540000,106.033700,-575.148200,-1.277540000,0.000000
699,700,699,700,0.583962159,True,106.459900,-576.559600,-1.277540000,106.459900,-576.559600,-1.277540000,0.000000
700,701,700,701,0.595495514,True,106.886100,-577.971000,-1.277540000,106.886100,-577.971000,-1.277540000,0.000000
701,702,701,702,0.599183321,True,107.312300,-579.382400,-1.277540000,107.312300,-579.382400,-1.277540000,0.000000
702,703,702,703,0.600911574,True,107.738500,-580.793900,-1.261192000,107.738500,-580.793900,-1.261192000,0.000000
703,704,704,705,0.601264386,True,108.164700,-582.205300,-1.219298000,108.590900,-583.616700,-1.177360000,1.474346
704,705,704,705,0.627265081,True,108.590900,-583.616700,-1.177360000,108.590900,-583.616700,-1.177360000,0.000000
705,706,706,707,0.635448941,True,109.017100,-585.028100,-1.135524000,109.618800,-586.322100,-1.135524000,1.427053
706,707,706,707,0.643069008,True,109.618800,-586.322100,-1.135524000,109.618800,-586.322100,-1.135524000,0.000000
707,708,707,708,0.651080169,True,110.220500,-587.616100,-1.135524000,110.220500,-587.616100,-1.135524000,0.000000
708,709,708,709,0.670057837,True,110.822200,-588.910000,-1.135524000,110.822200,-588.910000,-1.135524000,0.000000
709,710,709,710,0.679648231,True,111.423900,-590.204000,-1.135524000,111.423900,-590.204000,-1.135524000,0.000000
710,711,710,711,0.687705116,True,112.025700,-591.498000,-1.135524000,112.025700,-591.498000,-1.135524000,0.000000
711,712,711,712,0.714443123,True,112.627400,-592.791900,-1.135524000,112.627400,-592.791900,-1.135524000,0.000000
712,713,712,713,0.747240526,True,113.229100,-594.085900,-1.135524000,113.229100,-594.085900,-1.135524000,0.000000
713,714,713,714,0.741725060,True,113.830800,-595.379900,-1.135524000,113.830800,-595.379900,-1.135524000,0.000000
714,715,714,715,0.775772999,True,114.432500,-596.673800,-1.135524000,114.432500,-596.673800,-1.135524000,0.000000
715,716,715,716,0.782190024,True,115.034200,-597.967800,-1.135524000,115.034200,-597.967800,-1.135524000,0.000000
716,717,716,717,0.786012484,True,115.636000,-599.261700,-1.104461000,115.636000,-599.261700,-1.104461000,0.000000
717,718,717,718,0.785238478,True,116.237700,-600.555700,-1.042414000,116.237700,-600.555700,-1.042414000,0.000000
718,719,718,719,0.798474942,True,116.839400,-601.849700,-0.980248000,116.839400,-601.849700,-0.980248000,0.000000
719,720,719,720,0.807298517,True,117.441100,-603.143600,-0.918441000,117.441100,-603.143600,-0.918441000,0.000000
720,721,720,721,0.830531345,True,118.327700,-604.304300,-0.918441000,118.327700,-604.304300,-0.918441000,0.000000
721,722,721,722,0.859112430,True,119.214400,-605.464900,-0.918441000,119.214400,-605.464900,-0.918441000,0.000000
722,723,723,724,0.858506107,True,120.101000,-606.625500,-0.918441000,120.987600,-607.786100,-0.918441000,1.460497
723,724,724,725,0.866994684,True,120.987600,-607.786100,-0.918441000,121.874300,-608.946800,-0.918441000,1.460637
724,725,725,726,0.875423352,True,121.874300,-608.946800,-0.918441000,122.760900,-610.107400,-0.918441000,1.460497
725,726,726,727,0.900617929,True,122.760900,-610.107400,-0.918441000,123.647500,-611.268000,-0.918441000,1.460497
726,727,726,727,0.898995333,True,123.647500,-611.268000,-0.918441000,123.647500,-611.268000,-0.918441000,0.000000
727,728,728,729,0.900159268,True,124.534200,-612.428600,-0.918441000,125.420800,-613.589200,-0.918441000,1.460497
728,729,729,730,0.903484881,True,125.420800,-613.589200,-0.918441000,126.307400,-614.749900,-0.885875000,1.460577
729,730,729,730,0.904497747,True,126.307400,-614.749900,-0.885875000,126.307400,-614.749900,-0.885875000,0.000000
730,731,730,731,0.908960673,True,127.194100,-615.910500,-0.808232000,127.194100,-615.910500,-0.808232000,0.000000
731,732,731,732,0.894566697,True,128.080700,-617.071100,-0.730318000,128.080700,-617.071100,-0.730318000,0.000000
732,733,732,733,0.918205951,True,128.967300,-618.231700,-0.653071000,128.967300,-618.231700,-0.653071000,0.000000
733,734,734,735,0.908933044,True,130.071800,-619.076700,-0.653071000,131.176300,-619.921700,-0.653071000,1.390664
734,735,735,736,0.913533315,True,131.176300,-619.921700,-0.653071000,132.280800,-620.766700,-0.653071000,1.390664
735,736,735,736,0.910040127,True,132.280800,-620.766700,-0.653071000,132.280800,-620.766700,-0.653071000,0.000000
736,737,736,737,0.931224335,True,133.385300,-621.611700,-0.653071000,133.385300,-621.611700,-0.653071000,0.000000
737,738,737,738,0.924974464,True,134.489800,-622.456800,-0.587390000,134.489800,-622.456800,-0.587390000,0.000000
738,739,738,739,0.929032734,True,135.594300,-623.301800,-0.474678000,135.594300,-623.301800,-0.474678000,0.000000
739,740,739,740,0.919312312,True,136.698700,-624.146800,-0.361382000,136.698700,-624.146800,-0.361382000,0.000000
740,741,740,741,0.918148804,True,137.803200,-624.991800,-0.250355000,137.803200,-624.991800,-0.250355000,0.000000
741,742,741,742,0.937266499,True,139.242900,-625.359900,-0.250355000,139.242900,-625.359900,-0.250355000,0.000000
742,743,742,743,0.903631316,True,140.682600,-625.728100,-0.250355000,140.682600,-625.728100,-0.250355000,0.000000
743,744,743,744,0.918397837,True,142.122200,-626.096200,-0.250355000,142.122200,-626.096200,-0.250355000,0.000000
744,745,744,745,0.892747418,True,143.561900,-626.464400,-0.227471000,143.561900,-626.464400,-0.227471000,0.000000
745,746,745,746,0.901308262,True,145.001600,-626.832500,-0.164357000,145.001600,-626.832500,-0.164357000,0.000000
746,747,746,747,0.883561254,True,146.441200,-627.200700,-0.101083000,146.441200,-627.200700,-0.101083000,0.000000
747,748,747,748,0.899022435,True,147.880900,-627.568800,-0.038152000,147.880900,-627.568800,-0.038152000,0.000000
748,749,747,748,0.877782461,True,149.302900,-627.623100,-0.038152000,147.880900,-627.568800,-0.038152000,1.423036
749,750,748,749,0.895983718,True,150.725000,-627.677400,-0.038152000,149.302900,-627.623100,-0.038152000,1.423136
750,751,749,750,0.877975008,True,152.147000,-627.731700,-0.031159000,150.725000,-627.677400,-0.038152000,1.423036
751,752,750,751,0.872238717,True,153.569100,-627.785900,-0.017535000,152.147000,-627.731700,-0.031159000,1.423132
752,753,753,754,0.833197552,True,154.991200,-627.840200,-0.003910000,156.413200,-627.894500,0.009711000,1.423036
753,754,753,754,0.831858170,True,156.413200,-627.894500,0.009711000,156.413200,-627.894500,0.009711000,0.000000
754,755,755,756,0.811923313,True,157.813100,-627.880900,0.009711000,159.213000,-627.867300,0.009711000,1.399966
755,756,756,757,0.793499345,True,159.213000,-627.867300,0.009711000,160.612800,-627.853700,0.009711000,1.399866
756,757,756,757,0.778262495,True,160.612800,-627.853700,0.009711000,160.612800,-627.853700,0.009711000,0.000000
757,758,758,759,0.765922581,True,162.012700,-627.840100,0.009711000,163.412600,-627.826500,0.009711000,1.399966
758,759,759,760,0.741760573,True,163.412600,-627.826500,0.009711000,164.812500,-627.812900,0.026705000,1.399966
759,760,758,759,0.774974547,True,164.812500,-627.812900,0.026705000,163.412600,-627.826500,0.009711000,1.399966
760,761,760,761,0.739922396,True,166.212300,-627.799300,0.056482000,166.212300,-627.799300,0.056482000,0.000000
761,762,761,762,0.755493880,True,167.612200,-627.785700,0.086270000,167.612200,-627.785700,0.086270000,0.000000
762,763,763,764,0.750350153,True,169.012100,-627.772100,0.116017000,170.375900,-627.613200,0.116017000,1.373026
763,764,764,765,0.712872076,True,170.375900,-627.613200,0.116017000,171.739700,-627.454300,0.116017000,1.373026
764,765,764,765,0.746422246,True,171.739700,-627.454300,0.116017000,171.739700,-627.454300,0.116017000,0.000000
765,766,765,766,0.775466496,True,173.103500,-627.295300,0.116017000,173.103500,-627.295300,0.116017000,0.000000
766,767,766,767,0.798428962,True,174.467300,-627.136400,0.127794000,174.467300,-627.136400,0.127794000,0.000000
767,768,767,768,0.777106487,True,175.831000,-626.977500,0.146159000,175.831000,-626.977500,0.146159000,0.000000
768,769,769,770,0.737464286,True,177.194800,-626.818500,0.164527000,178.558600,-626.659600,0.182885000,1.373026
769,770,769,770,0.753564652,True,178.558600,-626.659600,0.182885000,178.558600,-626.659600,0.182885000,0.000000
770,771,770,771,0.770743286,True,179.976400,-626.397400,0.182885000,179.976400,-626.397400,0.182885000,0.000000
771,772,771,772,0.770034514,True,181.394100,-626.135200,0.182885000,181.394100,-626.135200,0.182885000,0.000000
772,773,773,774,0.754264665,True,182.811800,-625.873000,0.182885000,184.229600,-625.610700,0.182885000,1.441859
773,774,773,774,0.740346182,True,184.229600,-625.610700,0.182885000,184.229600,-625.610700,0.182885000,0.000000
774,775,775,776,0.722795543,True,185.647300,-625.348500,0.182885000,187.065000,-625.086300,0.182885000,1.441743
775,776,776,777,0.709506527,True,187.065000,-625.086300,0.182885000,188.482700,-624.824100,0.182885000,1.441743
776,777,776,777,0.701033652,True,188.482700,-624.824100,0.182885000,188.482700,-624.824100,0.182885000,0.000000
777,778,777,778,0.693101657,True,189.900500,-624.561900,0.182885000,189.900500,-624.561900,0.182885000,0.000000
778,779,778,779,0.695195812,True,191.318200,-624.299700,0.215945000,191.318200,-624.299700,0.215945000,0.000000
779,780,779,780,0.682518273,True,192.735900,-624.037500,0.287168000,192.735900,-624.037500,0.287168000,0.000000
780,781,780,781,0.679256168,True,194.153700,-623.775300,0.358585000,194.153700,-623.775300,0.358585000,0.000000
781,782,782,783,0.666391369,True,195.571400,-623.513100,0.429472000,196.821500,-622.940500,0.429472000,1.374998
782,783,783,784,0.660402458,True,196.821500,-622.940500,0.429472000,198.071600,-622.368000,0.429472000,1.374957
783,784,783,784,0.648328824,True,198.071600,-622.368000,0.429472000,198.071600,-622.368000,0.429472000,0.000000
784,785,784,785,0.647582969,True,199.321700,-621.795500,0.429472000,199.321700,-621.795500,0.429472000,0.000000
785,786,785,786,0.654745278,True,200.571800,-621.223000,0.429472000,200.571800,-621.223000,0.429472000,0.000000
786,787,786,787,0.636674751,True,201.821900,-620.650400,0.429472000,201.821900,-620.650400,0.429472000,0.000000
787,788,787,788,0.626359943,True,203.072000,-620.077900,0.429472000,203.072000,-620.077900,0.429472000,0.000000
788,789,788,789,0.623442706,True,204.322100,-619.505400,0.429472000,204.322100,-619.505400,0.429472000,0.000000
789,790,789,790,0.614825794,True,205.572200,-618.932900,0.461880000,205.572200,-618.932900,0.461880000,0.000000
790,791,791,792,0.617177518,True,206.822300,-618.360300,0.513033000,208.072400,-617.787800,0.564235000,1.374957
791,792,792,793,0.619755602,True,208.072400,-617.787800,0.564235000,209.322500,-617.215300,0.615218000,1.374957
792,793,792,793,0.609097969,True,209.322500,-617.215300,0.615218000,209.322500,-617.215300,0.615218000,0.000000
793,794,793,794,0.613198810,True,210.486500,-616.392700,0.615218000,210.486500,-616.392700,0.615218000,0.000000
794,795,794,795,0.621979797,True,211.650500,-615.570100,0.615218000,211.650500,-615.570100,0.615218000,0.000000
795,796,795,796,0.618747941,True,212.814400,-614.747500,0.615218000,212.814400,-614.747500,0.615218000,0.000000
796,797,796,797,0.629912987,True,213.978400,-613.924900,0.615218000,213.978400,-613.924900,0.615218000,0.000000
797,798,797,798,0.635084502,True,215.142400,-613.102300,0.615218000,215.142400,-613.102300,0.615218000,0.000000
798,799,798,799,0.653626425,True,216.306300,-612.279700,0.615218000,216.306300,-612.279700,0.615218000,0.000000
799,800,799,800,0.631874534,True,217.470300,-611.457100,0.615218000,217.470300,-611.457100,0.615218000,0.000000
800,801,800,801,0.616320164,True,218.634300,-610.634600,0.615218000,218.634300,-610.634600,0.615218000,0.000000
801,802,801,802,0.630363869,True,219.798200,-609.812000,0.634304000,219.798200,-609.812000,0.634304000,0.000000
802,803,802,803,0.624028765,True,220.962200,-608.989400,0.671960000,220.962200,-608.989400,0.671960000,0.000000
803,804,803,804,0.642439520,True,222.126200,-608.166800,0.709642000,222.126200,-608.166800,0.709642000,0.000000
804,805,804,805,0.622941541,True,223.290200,-607.344200,0.747244000,223.290200,-607.344200,0.747244000,0.000000
805,806,805,806,0.626842740,True,224.385500,-606.329400,0.747244000,224.385500,-606.329400,0.747244000,0.000000
806,807,806,807,0.613034204,True,225.480800,-605.314600,0.743281000,225.480800,-605.314600,0.743281000,0.000000
807,808,807,808,0.607231576,True,226.576100,-604.299900,0.717865000,226.576100,-604.299900,0.717865000,0.000000
808,809,808,809,0.634983360,True,227.671400,-603.285100,0.626114000,227.671400,-603.285100,0.626114000,0.000000
809,810,809,810,0.622667088,True,228.766800,-602.270300,0.409468000,228.766800,-602.270300,0.409468000,0.000000
810,811,810,811,0.624755734,True,229.904800,-601.293800,0.110979000,229.904800,-601.293800,0.110979000,0.000000
811,812,812,813,0.600648224,True,230.902100,-600.651600,-0.112582000,231.855900,-600.326500,-0.256714000,1.007683
812,813,813,814,0.599381461,True,231.855900,-600.326500,-0.256714000,232.863200,-600.301100,-0.340563000,1.007620
813,814,813,814,0.603645044,True,232.863200,-600.301100,-0.340563000,232.863200,-600.301100,-0.340563000,0.000000
814,815,814,815,0.591550541,True,234.021200,-600.558000,-0.382062000,234.021200,-600.558000,-0.382062000,0.000000
815,816,816,817,0.577077680,True,235.427100,-601.079800,-0.393477000,236.773400,-601.638700,-0.393477000,1.457701
816,817,816,817,0.561164120,True,236.773400,-601.638700,-0.393477000,236.773400,-601.638700,-0.393477000,0.000000
817,818,817,818,0.553701598,True,238.119800,-602.197600,-0.393477000,238.119800,-602.197600,-0.393477000,0.000000
818,819,818,819,0.548492724,True,239.466100,-602.756500,-0.393477000,239.466100,-602.756500,-0.393477000,0.000000
819,820,820,821,0.508311121,True,240.812400,-603.315400,-0.393477000,242.158700,-603.874200,-0.393477000,1.457663
820,821,820,821,0.501058019,True,242.158700,-603.874200,-0.393477000,242.158700,-603.874200,-0.393477000,0.000000
821,822,822,823,0.504036002,True,243.505000,-604.433100,-0.393477000,244.851300,-604.992000,-0.393477000,1.457701
822,823,823,824,0.477048092,True,244.851300,-604.992000,-0.393477000,246.197600,-605.550900,-0.393477000,1.457701
823,824,823,824,0.462753665,True,246.197600,-605.550900,-0.393477000,246.197600,-605.550900,-0.393477000,0.000000
824,825,824,825,0.470875098,True,247.543900,-606.109800,-0.393477000,247.543900,-606.109800,-0.393477000,0.000000
825,826,825,826,0.472157711,True,248.890200,-606.668700,-0.393477000,248.890200,-606.668700,-0.393477000,0.000000
826,827,826,827,0.473105477,True,250.236500,-607.227600,-0.393477000,250.236500,-607.227600,-0.393477000,0.000000
827,828,827,828,0.485079031,True,251.582800,-607.786400,-0.393477000,251.582800,-607.786400,-0.393477000,0.000000
828,829,828,829,0.469400369,True,252.929100,-608.345300,-0.393477000,252.929100,-608.345300,-0.393477000,0.000000
829,830,829,830,0.466728416,True,254.275400,-608.904200,-0.393477000,254.275400,-608.904200,-0.393477000,0.000000
830,831,830,831,0.478088307,True,255.621700,-609.463100,-0.393477000,255.621700,-609.463100,-0.393477000,0.000000
831,832,831,832,0.485587127,True,256.968000,-610.022000,-0.393477000,256.968000,-610.022000,-0.393477000,0.000000
832,833,832,833,0.477797142,True,258.314300,-610.580900,-0.393477000,258.314300,-610.580900,-0.393477000,0.000000
833,834,833,834,0.489684363,True,259.660600,-611.139800,-0.393477000,259.660600,-611.139800,-0.393477000,0.000000
834,835,834,835,0.486420233,True,261.007000,-611.698600,-0.393185000,261.007000,-611.698600,-0.393185000,0.000000
835,836,835,836,0.487232644,True,262.353300,-612.257500,-0.392506000,262.353300,-612.257500,-0.392506000,0.000000
836,837,836,837,0.490895987,True,263.699600,-612.816400,-0.391827000,263.699600,-612.816400,-0.391827000,0.000000
837,838,837,838,0.499445019,True,265.045900,-613.375300,-0.391148000,265.045900,-613.375300,-0.391148000,0.000000
838,839,838,839,0.505605141,True,266.388400,-613.929000,-0.391148000,266.388400,-613.929000,-0.391148000,0.000000
839,840,839,840,0.510310769,True,267.731000,-614.482600,-0.391148000,267.731000,-614.482600,-0.391148000,0.000000
840,841,840,841,0.506856107,True,269.073600,-615.036300,-0.391148000,269.073600,-615.036300,-0.391148000,0.000000
841,842,841,842,0.515100123,True,270.416100,-615.590000,-0.391148000,270.416100,-615.590000,-0.391148000,0.000000
842,843,842,843,0.505280833,True,271.758700,-616.143700,-0.391148000,271.758700,-616.143700,-0.391148000,0.000000
843,844,843,844,0.504624443,True,273.101300,-616.697300,-0.391148000,273.101300,-616.697300,-0.391148000,0.000000
844,845,844,845,0.505861684,True,274.443800,-617.251000,-0.391148000,274.443800,-617.251000,-0.391148000,0.000000
845,846,845,846,0.522984491,True,275.786400,-617.804700,-0.391148000,275.786400,-617.804700,-0.391148000,0.000000
846,847,846,847,0.536417657,True,277.129000,-618.358400,-0.391148000,277.129000,-618.358400,-0.391148000,0.000000
847,848,847,848,0.561936065,True,278.471500,-618.912000,-0.391148000,278.471500,-618.912000,-0.391148000,0.000000
848,849,848,849,0.572577454,True,279.814100,-619.465700,-0.391148000,279.814100,-619.465700,-0.391148000,0.000000
849,850,849,850,0.579326554,True,281.156700,-620.019400,-0.391148000,281.156700,-620.019400,-0.391148000,0.000000
850,851,850,851,0.605630669,True,282.499300,-620.573000,-0.391148000,282.499300,-620.573000,-0.391148000,0.000000
851,852,851,852,0.609349361,True,283.841800,-621.126700,-0.391148000,283.841800,-621.126700,-0.391148000,0.000000
852,853,852,853,0.624981571,True,285.184400,-621.680400,-0.391148000,285.184400,-621.680400,-0.391148000,0.000000
853,854,853,854,0.653351463,True,286.527000,-622.234100,-0.391148000,286.527000,-622.234100,-0.391148000,0.000000
854,855,854,855,0.651247237,True,287.869500,-622.787700,-0.391148000,287.869500,-622.787700,-0.391148000,0.000000
855,856,855,856,0.652419767,True,289.212100,-623.341400,-0.391148000,289.212100,-623.341400,-0.391148000,0.000000
856,857,856,857,0.653029392,True,290.554700,-623.895100,-0.391148000,290.554700,-623.895100,-0.391148000,0.000000
857,858,857,858,0.653526174,True,291.897200,-624.448700,-0.391148000,291.897200,-624.448700,-0.391148000,0.000000
858,859,858,859,0.667093852,True,293.239800,-625.002400,-0.391148000,293.239800,-625.002400,-0.391148000,0.000000
859,860,859,860,0.686400827,True,294.582400,-625.556100,-0.391148000,294.582400,-625.556100,-0.391148000,0.000000
860,861,860,861,0.680869677,True,295.924900,-626.109800,-0.391148000,295.924900,-626.109800,-0.391148000,0.000000
861,862,861,862,0.685543978,True,297.267500,-626.663400,-0.391148000,297.267500,-626.663400,-0.391148000,0.000000
862,863,862,863,0.692932760,True,298.610100,-627.217100,-0.391148000,298.610100,-627.217100,-0.391148000,0.000000
863,864,863,864,0.689810799,True,299.952600,-627.770800,-0.391148000,299.952600,-627.770800,-0.391148000,0.000000
864,865,864,865,0.708321336,True,301.295200,-628.324400,-0.406057000,301.295200,-628.324400,-0.406057000,0.000000
865,866,865,866,0.696285942,True,302.637800,-628.878100,-0.439778000,302.637800,-628.878100,-0.439778000,0.000000
866,867,867,868,0.707632063,True,303.980300,-629.431800,-0.473521000,305.322900,-629.985500,-0.507208000,1.452294
867,868,867,868,0.716273734,True,305.322900,-629.985500,-0.507208000,305.322900,-629.985500,-0.507208000,0.000000
868,869,868,869,0.719510742,True,306.626700,-630.710000,-0.507208000,306.626700,-630.710000,-0.507208000,0.000000
869,870,869,870,0.740142515,True,307.930400,-631.434500,-0.507208000,307.930400,-631.434500,-0.507208000,0.000000
870,871,870,871,0.767542799,True,309.234200,-632.158900,-0.507208000,309.234200,-632.158900,-0.507208000,0.000000
871,872,871,872,0.775301950,True,310.537900,-632.883400,-0.507208000,310.537900,-632.883400,-0.507208000,0.000000
872,873,872,873,0.776224602,True,311.841700,-633.607900,-0.507208000,311.841700,-633.607900,-0.507208000,0.000000
873,874,874,875,0.771289857,True,313.145400,-634.332400,-0.507208000,314.449200,-635.056900,-0.507208000,1.491575
874,875,875,876,0.777741787,True,314.449200,-635.056900,-0.507208000,315.753000,-635.781400,-0.507208000,1.491575
875,876,876,877,0.780976743,True,315.753000,-635.781400,-0.507208000,317.056700,-636.505900,-0.507208000,1.491487
876,877,877,878,0.807751504,True,317.056700,-636.505900,-0.507208000,318.360500,-637.230400,-0.507208000,1.491575
877,878,877,878,0.810564406,True,318.360500,-637.230400,-0.507208000,318.360500,-637.230400,-0.507208000,0.000000
878,879,878,879,0.796680080,True,319.664200,-637.954900,-0.507208000,319.664200,-637.954900,-0.507208000,0.000000
879,880,879,880,0.798447112,True,320.968000,-638.679400,-0.507208000,320.968000,-638.679400,-0.507208000,0.000000
880,881,880,881,0.810815434,True,322.271700,-639.403900,-0.507208000,322.271700,-639.403900,-0.507208000,0.000000
881,882,881,882,0.799668828,True,323.575500,-640.128400,-0.507208000,323.575500,-640.128400,-0.507208000,0.000000
882,883,882,883,0.795392842,True,324.879300,-640.852900,-0.507208000,324.879300,-640.852900,-0.507208000,0.000000
883,884,883,884,0.804331821,True,326.183000,-641.577400,-0.507208000,326.183000,-641.577400,-0.507208000,0.000000
884,885,884,885,0.809495827,True,327.486800,-642.301900,-0.507208000,327.486800,-642.301900,-0.507208000,0.000000
885,886,885,886,0.808208371,True,328.790500,-643.026400,-0.507208000,328.790500,-643.026400,-0.507208000,0.000000
886,887,886,887,0.830487043,True,330.094300,-643.750900,-0.507208000,330.094300,-643.750900,-0.507208000,0.000000
887,888,887,888,0.829362381,True,331.398000,-644.475400,-0.507208000,331.398000,-644.475400,-0.507208000,0.000000
888,889,888,889,0.831834927,True,332.701800,-645.199900,-0.507208000,332.701800,-645.199900,-0.507208000,0.000000
889,890,889,890,0.840947868,True,334.005500,-645.924400,-0.507208000,334.005500,-645.924400,-0.507208000,0.000000
890,891,893,894,0.841468518,True,335.309300,-646.648800,-0.507208000,339.220600,-648.822300,-0.507208000,4.474636
891,892,894,895,0.829105032,True,336.613100,-647.373300,-0.507208000,340.524300,-649.546800,-0.507208000,4.474549
892,893,895,896,0.807034344,True,337.916800,-648.097800,-0.507208000,341.828100,-650.271300,-0.507208000,4.474636
893,894,896,897,0.773143158,True,339.220600,-648.822300,-0.507208000,343.131800,-650.995800,-0.507208000,4.474549
894,895,897,898,0.785590898,True,340.524300,-649.546800,-0.507208000,344.435600,-651.720300,-0.507208000,4.474636
895,896,898,899,0.791264698,True,341.828100,-650.271300,-0.507208000,345.739400,-652.444800,-0.507208000,4.474636
896,897,899,900,0.820858427,True,343.131800,-650.995800,-0.507208000,347.043100,-653.169300,-0.507208000,4.474636
897,898,900,901,0.795324104,True,344.435600,-651.720300,-0.507208000,348.346900,-653.893800,-0.507208000,4.474636
898,899,901,902,0.778212852,True,345.739400,-652.444800,-0.507208000,349.650600,-654.618300,-0.507208000,4.474549
899,900,902,903,0.798483124,True,347.043100,-653.169300,-0.507208000,350.954400,-655.342800,-0.507208000,4.474636
900,901,903,904,0.819336191,True,348.346900,-653.893800,-0.507208000,352.258100,-656.067300,-0.502997000,4.474549
901,902,900,901,0.848878281,True,349.650600,-654.618300,-0.507208000,348.346900,-653.893800,-0.507208000,1.491487
902,903,901,902,0.848910992,True,350.954400,-655.342800,-0.507208000,349.650600,-654.618300,-0.507208000,1.491575
903,904,902,903,0.850587612,True,352.258100,-656.067300,-0.502997000,350.954400,-655.342800,-0.507208000,1.491487
904,905,904,905,0.791166384,True,353.561900,-656.791800,-0.491042000,353.561900,-656.791800,-0.491042000,0.000000
905,906,905,906,0.813882728,True,354.865600,-657.516300,-0.479086000,354.865600,-657.516300,-0.479086000,0.000000
906,907,906,907,0.809079868,True,356.169400,-658.240800,-0.467132000,356.169400,-658.240800,-0.467132000,0.000000
907,908,908,909,0.798399637,True,357.489500,-658.906600,-0.467132000,358.809700,-659.572400,-0.467132000,1.478586
908,909,908,909,0.799085989,True,358.809700,-659.572400,-0.467132000,358.809700,-659.572400,-0.467132000,0.000000
909,910,909,910,0.790743210,True,360.129800,-660.238300,-0.467132000,360.129800,-660.238300,-0.467132000,0.000000
910,911,910,911,0.778827657,True,361.450000,-660.904100,-0.467132000,361.450000,-660.904100,-0.467132000,0.000000
911,912,911,912,0.767308351,True,362.770100,-661.569900,-0.467132000,362.770100,-661.569900,-0.467132000,0.000000
912,913,912,913,0.768374906,True,364.090300,-662.235800,-0.467132000,364.090300,-662.235800,-0.467132000,0.000000
913,914,913,914,0.760204037,True,365.410400,-662.901600,-0.467132000,365.410400,-662.901600,-0.467132000,0.000000
914,915,914,915,0.758297119,True,366.730600,-663.567400,-0.467132000,366.730600,-663.567400,-0.467132000,0.000000
915,916,915,916,0.756366141,True,368.050700,-664.233300,-0.467132000,368.050700,-664.233300,-0.467132000,0.000000
916,917,916,917,0.762799257,True,369.370900,-664.899100,-0.467132000,369.370900,-664.899100,-0.467132000,0.000000
917,918,918,919,0.749655332,True,370.691000,-665.564900,-0.467132000,372.011200,-666.230800,-0.467132000,1.478631
918,919,918,919,0.734899424,True,372.011200,-666.230800,-0.467132000,372.011200,-666.230800,-0.467132000,0.000000
919,920,920,921,0.728504403,True,373.331300,-666.896600,-0.467132000,374.651500,-667.562400,-0.467132000,1.478586
920,921,920,921,0.704363762,True,374.651500,-667.562400,-0.467132000,374.651500,-667.562400,-0.467132000,0.000000
921,922,922,923,0.666855883,True,375.971600,-668.228300,-0.467132000,377.291700,-668.894100,-0.467132000,1.478497
922,923,922,923,0.670865842,True,377.291700,-668.894100,-0.467132000,377.291700,-668.894100,-0.467132000,0.000000
923,924,924,925,0.665038938,True,378.611900,-669.559900,-0.467132000,379.932000,-670.225800,-0.467132000,1.478542
924,925,924,925,0.643148756,True,379.932000,-670.225800,-0.467132000,379.932000,-670.225800,-0.467132000,0.000000
925,926,926,927,0.630444432,True,381.252200,-670.891600,-0.467132000,382.572300,-671.557400,-0.467132000,1.478497
926,927,927,928,0.617268658,True,382.572300,-671.557400,-0.467132000,383.892500,-672.223300,-0.467132000,1.478631
927,928,927,928,0.602584625,True,383.892500,-672.223300,-0.467132000,383.892500,-672.223300,-0.467132000,0.000000
928,929,928,929,0.593362396,True,385.212600,-672.889100,-0.467132000,385.212600,-672.889100,-0.467132000,0.000000
929,930,929,930,0.600593494,True,386.532800,-673.554900,-0.467132000,386.532800,-673.554900,-0.467132000,0.000000
930,931,930,931,0.625514017,True,387.852900,-674.220800,-0.467132000,387.852900,-674.220800,-0.467132000,0.000000
931,932,931,932,0.645335415,True,389.173100,-674.886600,-0.467132000,389.173100,-674.886600,-0.467132000,0.000000
932,933,932,933,0.662624803,True,390.493200,-675.552400,-0.467132000,390.493200,-675.552400,-0.467132000,0.000000
933,934,933,934,0.687298068,True,391.813400,-676.218300,-0.467132000,391.813400,-676.218300,-0.467132000,0.000000
934,935,934,935,0.695977722,True,393.133500,-676.884100,-0.467132000,393.133500,-676.884100,-0.467132000,0.000000
935,936,935,936,0.692500644,True,394.453700,-677.549900,-0.467132000,394.453700,-677.549900,-0.467132000,0.000000
936,937,936,937,0.700262870,True,395.773800,-678.215800,-0.467132000,395.773800,-678.215800,-0.467132000,0.000000
937,938,937,938,0.709375649,True,397.093900,-678.881600,-0.467132000,397.093900,-678.881600,-0.467132000,0.000000
938,939,938,939,0.718110049,True,398.414100,-679.547400,-0.467132000,398.414100,-679.547400,-0.467132000,0.000000
939,940,939,940,0.732096848,True,399.734200,-680.213300,-0.467132000,399.734200,-680.213300,-0.467132000,0.000000
940,941,940,941,0.755113721,True,401.054400,-680.879100,-0.467132000,401.054400,-680.879100,-0.467132000,0.000000
941,942,941,942,0.774957414,True,402.374500,-681.544900,-0.467132000,402.374500,-681.544900,-0.467132000,0.000000
942,943,942,943,0.801075722,True,403.694700,-682.210800,-0.467132000,403.694700,-682.210800,-0.467132000,0.000000
943,944,943,944,0.804885118,True,405.014800,-682.876600,-0.467132000,405.014800,-682.876600,-0.467132000,0.000000
944,945,943,944,0.822814421,True,406.335000,-683.542400,-0.467132000,405.014800,-682.876600,-0.467132000,1.478586
945,946,945,946,0.821174412,True,407.655100,-684.208300,-0.467132000,407.655100,-684.208300,-0.467132000,0.000000
946,947,945,946,0.858880652,True,408.975300,-684.874100,-0.467132000,407.655100,-684.208300,-0.467132000,1.478586
947,948,946,947,0.887492851,True,410.295400,-685.539900,-0.467132000,408.975300,-684.874100,-0.467132000,1.478497
948,949,949,950,0.848682636,True,411.615600,-686.205800,-0.467132000,412.935700,-686.871600,-0.467132000,1.478497
949,950,949,950,0.834724659,True,412.935700,-686.871600,-0.467132000,412.935700,-686.871600,-0.467132000,0.000000
950,951,951,952,0.819973521,True,414.255900,-687.537400,-0.467132000,415.576000,-688.203300,-0.467132000,1.478542
951,952,952,953,0.820110514,True,415.576000,-688.203300,-0.467132000,416.896100,-688.869100,-0.467132000,1.478497
952,953,953,954,0.810014760,True,416.896100,-688.869100,-0.467132000,418.216300,-689.534900,-0.467132000,1.478586
953,954,954,955,0.836348811,True,418.216300,-689.534900,-0.467132000,419.536400,-690.200800,-0.467132000,1.478542
954,955,954,955,0.798812034,True,419.536400,-690.200800,-0.467132000,419.536400,-690.200800,-0.467132000,0.000000
955,956,955,956,0.760518059,True,420.856600,-690.866600,-0.467132000,420.856600,-690.866600,-0.467132000,0.000000
956,957,956,957,0.772269630,True,422.176700,-691.532500,-0.467132000,422.176700,-691.532500,-0.467132000,0.000000
957,958,957,958,0.776427686,True,423.496900,-692.198300,-0.467132000,423.496900,-692.198300,-0.467132000,0.000000
958,959,958,959,0.795327017,True,424.817000,-692.864100,-0.467132000,424.817000,-692.864100,-0.467132000,0.000000
959,960,959,960,0.789945387,True,426.137200,-693.530000,-0.467132000,426.137200,-693.530000,-0.467132000,0.000000
960,961,960,961,0.793199994,True,427.457300,-694.195800,-0.467132000,427.457300,-694.195800,-0.467132000,0.000000
961,962,961,962,0.811515867,True,428.777500,-694.861600,-0.467132000,428.777500,-694.861600,-0.467132000,0.000000
962,963,962,963,0.805287361,True,430.097600,-695.527500,-0.467132000,430.097600,-695.527500,-0.467132000,0.000000
963,964,963,964,0.829654415,True,431.417800,-696.193300,-0.467132000,431.417800,-696.193300,-0.467132000,0.000000
964,965,965,966,0.804254037,True,432.737900,-696.859100,-0.467132000,434.058100,-697.525000,-0.467132000,1.478631
965,966,965,966,0.802483425,True,434.058100,-697.525000,-0.467132000,434.058100,-697.525000,-0.467132000,0.000000
966,967,966,967,0.812933045,True,435.378200,-698.190800,-0.467132000,435.378200,-698.190800,-0.467132000,0.000000
967,968,967,968,0.822168454,True,436.698300,-698.856600,-0.467132000,436.698300,-698.856600,-0.467132000,0.000000
968,969,968,969,0.811652853,True,438.018500,-699.522500,-0.467132000,438.018500,-699.522500,-0.467132000,0.000000
969,970,969,970,0.834582781,True,439.338600,-700.188300,-0.450678000,439.338600,-700.188300,-0.450678000,0.000000
970,971,970,971,0.840675747,True,440.658800,-700.854100,-0.407444000,440.658800,-700.854100,-0.407444000,0.000000
971,972,971,972,0.814800042,True,441.978900,-701.520000,-0.364160000,441.978900,-701.520000,-0.364160000,0.000000
972,973,972,973,0.824025393,True,443.299100,-702.185800,-0.320988000,443.299100,-702.185800,-0.320988000,0.000000
973,974,975,976,0.806559686,True,444.668700,-702.641200,-0.320988000,447.407900,-703.551900,-0.320988000,2.886623
974,975,973,974,0.811599777,True,446.038300,-703.096500,-0.320988000,444.668700,-702.641200,-0.320988000,1.443296
975,976,974,975,0.798449746,True,447.407900,-703.551900,-0.320988000,446.038300,-703.096500,-0.320988000,1.443327
976,977,975,976,0.798403596,True,448.777500,-704.007300,-0.320988000,447.407900,-703.551900,-0.320988000,1.443327
977,978,976,977,0.809617735,True,450.147100,-704.462700,-0.320988000,448.777500,-704.007300,-0.320988000,1.443327
978,979,977,978,0.838285982,True,451.516800,-704.918100,-0.320988000,450.147100,-704.462700,-0.320988000,1.443422
979,980,981,982,0.835980853,True,452.886400,-705.373400,-0.320988000,455.625600,-706.284200,-0.320988000,2.886654
980,981,982,983,0.774825859,True,454.256000,-705.828800,-0.320988000,456.995200,-706.739600,-0.320988000,2.886654
981,982,983,984,0.784287263,True,455.625600,-706.284200,-0.320988000,458.364800,-707.194900,-0.320988000,2.886623
982,983,984,985,0.801903620,True,456.995200,-706.739600,-0.320988000,459.734400,-707.650300,-0.320988000,2.886623
983,984,985,986,0.783364905,True,458.364800,-707.194900,-0.320988000,461.104100,-708.105700,-0.320988000,2.886749
984,985,986,987,0.805951878,True,459.734400,-707.650300,-0.320988000,462.473700,-708.561100,-0.320988000,2.886749
985,986,987,988,0.780413798,True,461.104100,-708.105700,-0.320988000,463.843300,-709.016500,-0.320988000,2.886654
986,987,987,988,0.788108327,True,462.473700,-708.561100,-0.320988000,463.843300,-709.016500,-0.320988000,1.443327
987,988,988,989,0.768786992,True,463.843300,-709.016500,-0.320988000,465.212900,-709.471800,-0.320988000,1.443296
988,989,989,990,0.763880074,True,465.212900,-709.471800,-0.320988000,466.582500,-709.927200,-0.320988000,1.443327
989,990,990,991,0.759230031,True,466.582500,-709.927200,-0.320988000,467.952100,-710.382600,-0.320988000,1.443327
990,991,991,992,0.741672630,True,467.952100,-710.382600,-0.320988000,469.321700,-710.838000,-0.320988000,1.443327
991,992,991,992,0.746550192,True,469.321700,-710.838000,-0.320988000,469.321700,-710.838000,-0.320988000,0.000000
992,993,993,994,0.727000453,True,470.691300,-711.293400,-0.266455000,472.061000,-711.748700,-0.146243000,1.443391
993,994,994,995,0.719461121,True,472.061000,-711.748700,-0.146243000,473.430600,-712.204100,-0.025088000,1.443327
994,995,994,995,0.731386392,True,473.430600,-712.204100,-0.025088000,473.430600,-712.204100,-0.025088000,0.000000
995,996,996,997,0.692192846,True,474.800200,-712.659500,0.093525000,476.159000,-712.532000,0.093525000,1.364769
996,997,996,997,0.703883474,True,476.159000,-712.532000,0.093525000,476.159000,-712.532000,0.093525000,0.000000
997,998,998,999,0.666510642,True,477.517800,-712.404600,0.093525000,478.876600,-712.277100,0.093525000,1.364769
998,999,999,1000,0.659592904,True,478.876600,-712.277100,0.093525000,480.235400,-712.149700,0.093525000,1.364759
999,1000,999,1000,0.651680025,True,480.235400,-712.149700,0.093525000,480.235400,-712.149700,0.093525000,0.000000
1000,1001,1001,1002,0.645912196,True,481.594200,-712.022200,0.093525000,482.953000,-711.894800,0.093525000,1.364759
1001,1002,1001,1002,0.635130962,True,482.953000,-711.894800,0.093525000,482.953000,-711.894800,0.093525000,0.000000
1002,1003,1002,1003,0.629603169,True,484.311800,-711.767300,0.093525000,484.311800,-711.767300,0.093525000,0.000000
1003,1004,1003,1004,0.650989370,True,485.670600,-711.639900,0.126642000,485.670600,-711.639900,0.126642000,0.000000
1004,1005,1004,1005,0.653199830,True,487.029400,-711.512400,0.176763000,487.029400,-711.512400,0.176763000,0.000000
1005,1006,1005,1006,0.650908838,True,488.388200,-711.385000,0.226927000,488.388200,-711.385000,0.226927000,0.000000
1006,1007,1006,1007,0.660923135,True,489.747000,-711.257500,0.276882000,489.747000,-711.257500,0.276882000,0.000000
1007,1008,1007,1008,0.679892547,True,491.186200,-710.848500,0.276882000,491.186200,-710.848500,0.276882000,0.000000
1008,1009,1008,1009,0.698902054,True,492.625400,-710.439500,0.276882000,492.625400,-710.439500,0.276882000,0.000000
1009,1010,1009,1010,0.699984200,True,494.064600,-710.030500,0.276882000,494.064600,-710.030500,0.276882000,0.000000
1010,1011,1010,1011,0.700284942,True,495.503900,-709.621500,0.276882000,495.503900,-709.621500,0.276882000,0.000000
1011,1012,1011,1012,0.708600252,True,496.943100,-709.212500,0.276882000,496.943100,-709.212500,0.276882000,0.000000
1012,1013,1012,1013,0.721250165,True,498.382300,-708.803500,0.301888000,498.382300,-708.803500,0.301888000,0.000000
1013,1014,1013,1014,0.737700611,True,499.821600,-708.394500,0.375650000,499.821600,-708.394500,0.375650000,0.000000
1014,1015,1014,1015,0.707099759,True,501.260800,-707.985500,0.449679000,501.260800,-707.985500,0.449679000,0.000000
1015,1016,1015,1016,0.709405481,True,502.700000,-707.576500,0.523167000,502.700000,-707.576500,0.523167000,0.000000
1016,1017,1016,1017,0.703837189,True,503.817700,-706.931800,0.523167000,503.817700,-706.931800,0.523167000,0.000000
1017,1018,1017,1018,0.692172509,True,504.935400,-706.287100,0.523167000,504.935400,-706.287100,0.523167000,0.000000
1018,1019,1018,1019,0.694709352,True,506.053100,-705.642500,0.575786000,506.053100,-705.642500,0.575786000,0.000000
1019,1020,1019,1020,0.702470052,True,507.170800,-704.997800,0.636338000,507.170800,-704.997800,0.636338000,0.000000
1020,1021,1021,1022,0.710349447,True,508.288500,-704.353200,0.696917000,509.406200,-703.708500,0.757082000,1.290307
1021,1022,1021,1022,0.717595284,True,509.406200,-703.708500,0.757082000,509.406200,-703.708500,0.757082000,0.000000
1022,1023,1022,1023,0.723089345,True,510.474500,-702.699100,0.757082000,510.474500,-702.699100,0.757082000,0.000000
1023,1024,1024,1025,0.741529028,True,511.542800,-701.689700,0.757082000,512.611000,-700.680300,0.757082000,1.469673
1024,1025,1024,1025,0.742264332,True,512.611000,-700.680300,0.757082000,512.611000,-700.680300,0.757082000,0.000000
1025,1026,1025,1026,0.744521763,True,513.679300,-699.670800,0.771491000,513.679300,-699.670800,0.771491000,0.000000
1026,1027,1026,1027,0.747925872,True,514.747500,-698.661400,0.807407000,514.747500,-698.661400,0.807407000,0.000000
1027,1028,1027,1028,0.746114787,True,515.815800,-697.652000,0.843351000,515.815800,-697.652000,0.843351000,0.000000
1028,1029,1028,1029,0.749105355,True,516.884100,-696.642600,0.879230000,516.884100,-696.642600,0.879230000,0.000000
1029,1030,1029,1030,0.755186871,True,517.760700,-695.583900,0.879230000,517.760700,-695.583900,0.879230000,0.000000
1030,1031,1030,1031,0.730268740,True,518.637300,-694.525100,0.898068000,518.637300,-694.525100,0.898068000,0.000000
1031,1032,1031,1032,0.748566733,True,519.513900,-693.466400,0.927660000,519.513900,-693.466400,0.927660000,0.000000
1032,1033,1032,1033,0.759023043,True,520.390500,-692.407600,0.957262000,520.390500,-692.407600,0.957262000,0.000000
1033,1034,1033,1034,0.769187181,True,521.267100,-691.348900,0.986822000,521.267100,-691.348900,0.986822000,0.000000
1034,1035,1034,1035,0.783220558,True,522.063600,-690.143600,0.986822000,522.063600,-690.143600,0.986822000,0.000000
1035,1036,1036,1037,0.771526585,True,522.860100,-688.938400,0.986822000,523.656600,-687.733200,0.986822000,1.444617
1036,1037,1037,1038,0.781014760,True,523.656600,-687.733200,0.986822000,524.453100,-686.527900,0.986822000,1.444701
1037,1038,1037,1038,0.790260600,True,524.453100,-686.527900,0.986822000,524.453100,-686.527900,0.986822000,0.000000
1038,1039,1038,1039,0.798950071,True,525.249600,-685.322700,1.028372000,525.249600,-685.322700,1.028372000,0.000000
1039,1040,1039,1040,0.800088948,True,526.046100,-684.117400,1.119697000,526.046100,-684.117400,1.119697000,0.000000
1040,1041,1040,1041,0.794895767,True,526.842600,-682.912200,1.211436000,526.842600,-682.912200,1.211436000,0.000000
1041,1042,1041,1042,0.795026026,True,527.639100,-681.707000,1.302063000,527.639100,-681.707000,1.302063000,0.000000
1042,1043,1042,1043,0.810893054,True,528.015100,-680.341700,1.302063000,528.015100,-680.341700,1.302063000,0.000000
1043,1044,1043,1044,0.807883761,True,528.391100,-678.976500,1.302063000,528.391100,-678.976500,1.302063000,0.000000
1044,1045,1044,1045,0.819060001,True,528.767100,-677.611300,1.302063000,528.767100,-677.611300,1.302063000,0.000000
1045,1046,1045,1046,0.814149713,True,529.143000,-676.246100,1.302063000,529.143000,-676.246100,1.302063000,0.000000
1046,1047,1047,1048,0.807116839,True,529.519000,-674.880800,1.302063000,529.895000,-673.515600,1.302063000,1.416032
1047,1048,1047,1048,0.809468781,True,529.895000,-673.515600,1.302063000,529.895000,-673.515600,1.302063000,0.000000
1048,1049,1048,1049,0.813937497,True,530.271000,-672.150400,1.302063000,530.271000,-672.150400,1.302063000,0.000000
1049,1050,1049,1050,0.821604520,True,530.646900,-670.785200,1.302063000,530.646900,-670.785200,1.302063000,0.000000
1050,1051,1050,1051,0.850390701,True,531.022900,-669.419900,1.357850000,531.022900,-669.419900,1.357850000,0.000000
1051,1052,1051,1052,0.853042225,True,531.398900,-668.054700,1.464923000,531.398900,-668.054700,1.464923000,0.000000
1052,1053,1053,1054,0.844468494,True,531.774900,-666.689500,1.572577000,532.150800,-665.324300,1.678358000,1.416006
1053,1054,1053,1054,0.825887174,True,532.150800,-665.324300,1.678358000,532.150800,-665.324300,1.678358000,0.000000
1054,1055,1054,1055,0.831182694,True,531.990000,-663.834800,1.678358000,531.990000,-663.834800,1.678358000,0.000000
1055,1056,1056,1057,0.834714000,True,531.829200,-662.345400,1.678358000,531.668400,-660.855900,1.678358000,1.498154
1056,1057,1056,1057,0.822039593,True,531.668400,-660.855900,1.678358000,531.668400,-660.855900,1.678358000,0.000000
1057,1058,1058,1059,0.832601974,True,531.507500,-659.366500,1.678358000,531.346700,-657.877000,1.678358000,1.498154
1058,1059,1058,1059,0.830160574,True,531.346700,-657.877000,1.678358000,531.346700,-657.877000,1.678358000,0.000000
1059,1060,1059,1060,0.806243462,True,531.185900,-656.387600,1.678358000,531.185900,-656.387600,1.678358000,0.000000
1060,1061,1060,1061,0.803428074,True,531.025100,-654.898100,1.678358000,531.025100,-654.898100,1.678358000,0.000000
1061,1062,1062,1063,0.801840636,True,530.864200,-653.408700,1.678358000,530.703400,-651.919200,1.678358000,1.498154
1062,1063,1062,1063,0.821587581,True,530.703400,-651.919200,1.678358000,530.703400,-651.919200,1.678358000,0.000000
1063,1064,1063,1064,0.817648509,True,530.542600,-650.429800,1.678358000,530.542600,-650.429800,1.678358000,0.000000
1064,1065,1064,1065,0.829476092,True,530.381700,-648.940300,1.678358000,530.381700,-648.940300,1.678358000,0.000000
1065,1066,1065,1066,0.828327635,True,530.220900,-647.450900,1.678358000,530.220900,-647.450900,1.678358000,0.000000
1066,1067,1066,1067,0.837448362,True,530.060100,-645.961400,1.705912000,530.060100,-645.961400,1.705912000,0.000000
1067,1068,1067,1068,0.846707637,True,529.899300,-644.472000,1.788373000,529.899300,-644.472000,1.788373000,0.000000
1068,1069,1069,1070,0.833782432,True,529.738400,-642.982500,1.871209000,529.577600,-641.493100,1.953292000,1.498055
1069,1070,1070,1071,0.851373310,True,529.577600,-641.493100,1.953292000,529.027100,-640.124700,1.953292000,1.474981
1070,1071,1071,1072,0.862367538,True,529.027100,-640.124700,1.953292000,528.476600,-638.756300,1.953292000,1.474981
1071,1072,1072,1073,0.861124697,True,528.476600,-638.756300,1.953292000,527.926100,-637.387900,1.953292000,1.474981
1072,1073,1073,1074,0.866373749,True,527.926100,-637.387900,1.953292000,527.375500,-636.019500,1.953292000,1.475018
1073,1074,1074,1075,0.860555103,True,527.375500,-636.019500,1.953292000,526.825000,-634.651100,1.953292000,1.474981
1074,1075,1075,1076,0.875489529,True,526.825000,-634.651100,1.953292000,526.274500,-633.282800,1.953292000,1.474888
1075,1076,1076,1077,0.901286590,True,526.274500,-633.282800,1.953292000,525.724000,-631.914400,1.953292000,1.474981
1076,1077,1078,1079,0.893263150,True,525.724000,-631.914400,1.953292000,524.623000,-629.177600,1.953292000,2.949962
1077,1078,1078,1079,0.911148100,True,525.173500,-630.546000,1.953292000,524.623000,-629.177600,1.953292000,1.474981
1078,1079,1079,1080,0.925321185,True,524.623000,-629.177600,1.953292000,524.072500,-627.809200,1.953292000,1.474981
1079,1080,1080,1081,0.918853021,True,524.072500,-627.809200,1.953292000,523.521900,-626.440800,1.953292000,1.475018
1080,1081,1081,1082,0.908340618,True,523.521900,-626.440800,1.953292000,522.971400,-625.072500,1.953292000,1.474888
1081,1082,1082,1083,0.972887315,True,522.971400,-625.072500,1.953292000,522.420900,-623.704100,1.953292000,1.474981
1082,1083,1083,1084,0.935390331,True,522.420900,-623.704100,1.953292000,521.870400,-622.335700,1.953292000,1.474981
1083,1084,1084,1085,0.946677450,True,521.870400,-622.335700,1.953292000,521.319900,-620.967300,1.953292000,1.474981
1084,1085,1085,1086,0.943968460,True,521.319900,-620.967300,1.953292000,520.769400,-619.598900,1.953292000,1.474981
1085,1086,1086,1087,0.950551836,True,520.769400,-619.598900,1.953292000,520.218900,-618.230500,1.953292000,1.474981
1086,1087,1087,1088,0.957323461,True,520.218900,-618.230500,1.953292000,519.668400,-616.862100,1.953292000,1.474981
1087,1088,1088,1089,0.959213795,True,519.668400,-616.862100,1.953292000,519.117800,-615.493800,1.962096000,1.474926
1088,1089,1089,1090,0.967763648,True,519.117800,-615.493800,1.962096000,518.567300,-614.125400,1.984694000,1.474981
1089,1090,1090,1091,0.989408366,True,518.567300,-614.125400,1.984694000,518.016800,-612.757000,2.007299000,1.474981
1090,1091,125,126,0.988754452,True,518.016800,-612.757000,2.007299000,381.740600,-564.742100,2.369459000,144.487485
1091,1092,-1,-1,nan,False,517.466300,-611.388600,2.029888000,,,,
1092,1093,-1,-1,nan,False,516.823800,-610.088800,2.029888000,,,,
1093,1094,-1,-1,nan,False,516.181300,-608.789000,2.029888000,,,,
1094,1095,-1,-1,nan,False,515.538800,-607.489300,2.029888000,,,,
1095,1096,-1,-1,nan,False,514.896300,-606.189500,2.029888000,,,,
1096,1097,-1,-1,nan,False,514.253800,-604.889700,2.029888000,,,,
1097,1098,-1,-1,nan,False,513.611300,-603.589900,2.029888000,,,,
1098,1099,-1,-1,nan,False,512.968800,-602.290100,2.029888000,,,,
1099,1100,-1,-1,nan,False,512.326300,-600.990400,2.029888000,,,,
1100,1101,-1,-1,nan,False,511.683800,-599.690600,2.029888000,,,,
1101,1102,-1,-1,nan,False,511.041300,-598.390800,2.029888000,,,,
1102,1103,-1,-1,nan,False,510.398700,-597.091000,2.029888000,,,,
1103,1104,-1,-1,nan,False,509.756200,-595.791300,2.029888000,,,,
1104,1105,-1,-1,nan,False,509.113700,-594.491500,2.029888000,,,,
1105,1106,-1,-1,nan,False,508.471200,-593.191700,2.042942000,,,,
1106,1107,-1,-1,nan,False,507.828700,-591.891900,2.106551000,,,,
1107,1108,-1,-1,nan,False,507.186200,-590.592100,2.253244000,,,,
1108,1109,-1,-1,nan,False,506.543700,-589.292400,2.518664000,,,,
1109,1110,-1,-1,nan,False,505.838700,-588.166800,2.833372000,,,,
1110,1111,-1,-1,nan,False,504.999200,-587.326600,3.134448000,,,,
1111,1112,-1,-1,nan,False,504.059200,-586.775300,-2.878761000,,,,
1112,1113,-1,-1,nan,False,503.053000,-586.516700,-2.653393000,,,,
1113,1114,-1,-1,nan,False,502.014700,-586.554500,-2.474969000,,,,
1114,1115,-1,-1,nan,False,500.978700,-586.892300,-2.348879000,,,,
1115,1116,-1,-1,nan,False,499.979000,-587.533800,-2.271778000,,,,
